CD4_enhancer_counts_bins	Gene_Name	Mean_Gene_Expression
1	AARS2	619.0
1	AARSD1	568.25
1	ABCA1	397.75
1	ABCA8	735.5
1	ABCC9	981.75
1	ABL1	1031.25
1	ACBD6	794.5
1	ACIN1	5503.75
1	ACP6	331.75
1	ACSS1	653.25
1	ACSS2	283.25
1	ACVR2A	391.75
1	ADAM12	118.5
1	ADAM22	282.0
1	ADAMTS17	399.5
1	ADAMTS9	17.5
1	ADCY2	380.25
1	ADCYAP1R1	2.0
1	ADGRG5	227.25
1	ADGRL2	0.25
1	ADHFE1	156.0
1	ADI1	1219.0
1	AEN	944.75
1	AGBL2	86.25
1	AGBL4	76.75
1	AGMO	187.5
1	AKAP12	418.5
1	AKAP3	23.5
1	AKIRIN1	1812.0
1	ALCAM	527.5
1	ALDH1A2	8.5
1	ALDH1L2	159.5
1	ALDOC	287.25
1	ALG1L2	21.5
1	ALS2	571.0
1	AMER1	101.5
1	AMER2	55.0
1	AMER3	48.0
1	AMFR	989.5
1	AMOT	74.5
1	AMPH	28.75
1	ANAPC5	3688.75
1	ANKH	5278.0
1	ANKRD40	2902.75
1	ANO9	580.5
1	AP4E1	848.0
1	APAF1	862.25
1	APOB	6.75
1	APOD	13.25
1	AQP10	3.75
1	AQP11	87.0
1	ARF5	97.75
1	ARFGAP2	977.0
1	ARFGAP3	390.5
1	ARHGAP12	420.0
1	ARHGAP28	860.75
1	ARHGAP4	924.75
1	ARHGEF12	2204.5
1	ARHGEF25	5.5
1	ARHGEF38	184.25
1	ARHGEF40	21.75
1	ARID2	1975.25
1	ARL10	1631.25
1	ARL9	289.25
1	ARMCX2	31.25
1	ASAP3	56.25
1	ASCC3	3797.0
1	ASGR2	5.25
1	ASIC1	90.25
1	ASNS	1581.5
1	ASTN2	5593.5
1	ATF5	656.0
1	ATF6	1972.5
1	ATL1	28.75
1	ATP13A2	706.75
1	ATP13A4	35.75
1	ATP2A2	6482.5
1	ATP6V0E2	471.25
1	ATPAF1	597.75
1	ATR	1245.75
1	BABAM1	1115.5
1	BACE1	159.75
1	BBS7	247.5
1	BCR	1307.0
1	BEAN1	133.5
1	BMP2K	684.75
1	BMPR1B	8.25
1	BMX	0.75
1	BNIPL	187.0
1	BTBD3	172.75
1	BTBD7	1515.5
1	BTBD9	1456.0
1	C10orf67	40.75
1	C10orf88	311.75
1	C11orf80	188.5
1	C16orf70	1113.75
1	C17orf50	4.5
1	C19orf18	3.25
1	C1orf216	276.75
1	C1orf52	521.0
1	C1QTNF9	30.5
1	C20orf96	30.75
1	C2CD4D	29.25
1	C2orf66	15.75
1	C4orf17	8.0
1	C6orf47	423.0
1	C7orf26	818.0
1	C8orf34	632.0
1	C9orf24	34.5
1	CA1	43.75
1	CA3	0.25
1	CA6	455.25
1	CAB39	4209.5
1	CACNB2	419.75
1	CACNB4	321.75
1	CALCOCO2	2639.75
1	CAMTA1	256.75
1	CAPS	744.5
1	CASC4	3505.25
1	CAT	396.0
1	CBL	5055.75
1	CC2D1B	1667.0
1	CCDC113	125.75
1	CCDC117	1924.25
1	CCDC120	419.0
1	CCDC180	857.0
1	CCDC186	1858.75
1	CCDC33	0.25
1	CCDC85C	1027.75
1	CCNB3	20.25
1	CCNJ	422.25
1	CCR10	37.75
1	CCT3	4821.5
1	CD14	23.75
1	CD180	69.5
1	CD59	614.0
1	CD68	940.0
1	CD80	48.5
1	CD86	16.25
1	CDC23	814.0
1	CDC25C	5.25
1	CDC27	1075.25
1	CDC37L1	253.5
1	CDC42BPA	50.0
1	CDC42SE1	5990.5
1	CDH19	1.0
1	CDH4	7.0
1	CDH6	103.75
1	CDH9	26.0
1	CDHR1	13.0
1	CDK3	52.5
1	CDK5	101.0
1	CDON	313.5
1	CEBPG	1099.25
1	CELSR2	152.0
1	CEMIP	226.0
1	CEMP1	19.0
1	CENPC	1184.75
1	CENPT	666.0
1	CENPV	571.75
1	CEP126	503.0
1	CES3	226.0
1	CFAP43	1.75
1	CFP	502.0
1	CGA	7.25
1	CHAMP1	499.25
1	CHCHD2	1483.0
1	CHCHD3	592.75
1	CHDH	194.75
1	CHKA	263.0
1	CHMP2A	1921.5
1	CHMP7	1605.5
1	CHST9	41.0
1	CIART	195.5
1	CIB2	21.5
1	CIRBP	3274.0
1	CITED4	35.25
1	CLCN2	451.0
1	CLIP2	197.5
1	CLSTN1	1937.5
1	CLSTN3	1036.0
1	CLUL1	58.5
1	CMTM3	294.5
1	CNIH1	241.0
1	CNN2	7685.0
1	CNOT11	1210.75
1	CNOT6	1142.5
1	CNTD2	17.5
1	COASY	1004.25
1	COL23A1	17.25
1	COL3A1	0.5
1	COL4A2	30.0
1	COL9A1	219.5
1	COLEC12	1107.0
1	COLGALT2	74.75
1	COPG2	485.25
1	CPD	1942.75
1	CPEB1	8.25
1	CPEB3	210.0
1	CPT1B	337.5
1	CR2	25.5
1	CREB3L1	35.75
1	CRKL	6310.0
1	CSMD3	236.75
1	CSNK1A1	7163.5
1	CSNK1G1	1719.5
1	CSNK2A1	5558.75
1	CSNK2A3	5.0
1	CTDSP1	645.5
1	CTNND2	7.25
1	CTTNBP2NL	123.75
1	CWF19L2	1166.75
1	CYB5R1	359.5
1	CYP17A1	190.5
1	CYP24A1	3.75
1	CYP2C19	97.5
1	CYP3A43	565.5
1	CYP3A5	1980.25
1	DAP3	1382.0
1	DAW1	75.75
1	DAXX	1957.25
1	DBF4B	628.75
1	DBN1	180.75
1	DCLK2	16.5
1	DCP1B	796.75
1	DCT	6.0
1	DCTD	648.0
1	DCTN3	491.0
1	DDOST	2046.75
1	DDX4	7.0
1	DDX56	1706.0
1	DENND1A	450.5
1	DGKD	2448.0
1	DHDDS	1136.75
1	DHRS11	221.5
1	DHRS4L2	255.25
1	DHX15	4913.75
1	DHX29	234.25
1	DIO2	37.75
1	DIRAS2	388.5
1	DLG5	155.0
1	DNAJC9	735.0
1	DNMT3B	39.75
1	DPM1	169.0
1	DPY19L2	71.0
1	DPYD	1425.75
1	DRG1	1079.5
1	DUS3L	513.0
1	DUSP28	751.5
1	DYM	1243.75
1	DYNC1I1	22.75
1	DYNC2H1	40.0
1	DYNC2LI1	563.25
1	EBP	230.75
1	EDAR	198.75
1	EEF1AKMT1	64.75
1	EEF1D	6626.25
1	EEF2	32839.25
1	EFCAB1	3.5
1	EFNB1	211.75
1	EIF2D	1244.0
1	EIF3A	18364.25
1	EIF4EBP2	3062.25
1	EIF5A2	631.75
1	ELANE	2.25
1	ELAVL1	1833.75
1	ENTPD3	10.5
1	EPHB6	213.0
1	ERCC3	750.75
1	ERO1A	4817.0
1	ETV4	40.25
1	EXT2	562.25
1	EZH1	1446.75
1	FAH	298.75
1	FAM107A	1.0
1	FAM166A	132.75
1	FAM166B	4.75
1	FAM180B	203.0
1	FAM189B	1272.5
1	FAM234B	411.75
1	FAM78B	7.25
1	FAM81A	8.0
1	FAM98A	1608.0
1	FANCA	1160.75
1	FAR2	229.75
1	FBF1	140.5
1	FBLIM1	1021.0
1	FBXO46	395.25
1	FCGR3A	13.75
1	FDPS	1369.5
1	FFAR2	210.25
1	FGF14	1.25
1	FGF18	8.25
1	FGFR4	25.5
1	FHL2	554.0
1	FILIP1L	576.25
1	FKBP8	531.0
1	FKTN	518.0
1	FLCN	1565.25
1	FLOT1	1630.25
1	FLVCR2	121.75
1	FMO3	38.75
1	FN1	494.75
1	FNTB	422.5
1	FRMD8	277.75
1	FRMPD1	95.5
1	FRS3	108.0
1	FRY	951.25
1	FSCN3	15.25
1	FST	11.75
1	FUCA2	184.0
1	FXYD3	3.0
1	GABRA2	2.0
1	GABRP	624.0
1	GADD45A	321.25
1	GALK1	82.75
1	GALNT3	66.0
1	GANC	809.5
1	GAREM1	24.25
1	GCFC2	545.0
1	GDAP1	605.0
1	GDNF	27.5
1	GDPD3	103.5
1	GEM	97.25
1	GGA1	1269.5
1	GGA3	3826.25
1	GGH	67.5
1	GHITM	1735.0
1	GIGYF1	1369.75
1	GJC1	584.25
1	GLI4	160.75
1	GLIPR1L1	1.5
1	GLMN	157.75
1	GLRA3	194.0
1	GLYAT	8.0
1	GNG8	10.5
1	GNGT1	49.25
1	GOLIM4	206.25
1	GPATCH2L	2857.25
1	GPR146	110.5
1	GPR151	13.0
1	GPR156	4.0
1	GPR157	548.0
1	GPR160	160.5
1	GPR87	23.25
1	GRB7	2.25
1	GREB1L	116.5
1	GRHL3	2.75
1	GRIA1	0.75
1	GRIK2	416.0
1	GRIN2B	13.0
1	GRN	487.0
1	GSDMD	357.75
1	GSE1	2469.5
1	GSTM5	7.0
1	GTF2F1	1849.0
1	GTF2H4	90.0
1	GTPBP10	1027.75
1	GZMH	103.75
1	HAL	14.25
1	HECTD2	95.75
1	HECW2	216.0
1	HHLA2	497.0
1	HK3	17.0
1	HLA-B	18590.0
1	HMGB3	163.5
1	HMGCS2	3.25
1	HOMER1	443.25
1	HOOK3	5126.75
1	HP1BP3	6935.75
1	HPGD	131.25
1	HRH1	112.5
1	HRK	122.75
1	HSF5	231.5
1	HSPA5	8248.75
1	HSPH1	2324.0
1	HTR1F	2.5
1	HTR2A	16.0
1	HYAL1	45.25
1	HYAL3	146.5
1	HYAL4	141.75
1	HYOU1	4651.5
1	IBA57	1215.25
1	ICAM2	754.5
1	IDE	1525.5
1	IDH2	791.75
1	IDO2	333.75
1	IFI27	73.5
1	IFT81	477.5
1	IGFL2	40.0
1	IHH	2.75
1	IL12B	10.0
1	IL17B	27.25
1	IL17RA	4278.25
1	IL1R1	1477.5
1	IL21	7.25
1	IL7	15.25
1	ILKAP	1032.5
1	IMP3	441.0
1	INAFM2	118.5
1	INHBC	9.25
1	INIP	843.75
1	IP6K1	1242.75
1	IPPK	694.25
1	ISOC1	429.0
1	ITGA10	523.25
1	ITGA3	544.25
1	ITGAM	206.5
1	ITGB3BP	141.0
1	JUP	57.0
1	KATNA1	440.0
1	KAZN	130.5
1	KBTBD8	247.0
1	KCNAB1	101.5
1	KCNE5	11.25
1	KCNJ13	184.75
1	KCNJ6	174.0
1	KCP	150.75
1	KCTD1	121.5
1	KCTD3	77.25
1	KCTD4	43.75
1	KIAA0100	5130.0
1	KIAA1191	1996.0
1	KIAA1328	16559.5
1	KIF22	1358.0
1	KIF3C	551.5
1	KIF6	377.75
1	KIF9	52.25
1	KIFC3	106.25
1	KIR3DL1	1.5
1	KIR3DX1	807.75
1	KLC1	3643.0
1	KLHL13	2.0
1	KLHL21	2300.75
1	KLRK1	527.25
1	KPNA1	1435.25
1	KPNA6	2428.75
1	KRT8	248.25
1	L3MBTL2	809.5
1	L3MBTL4	105.75
1	LACTB	604.5
1	LAPTM4A	1343.0
1	LARP1	34401.75
1	LAX1	549.5
1	LDHD	9.25
1	LILRA4	363.0
1	LILRB3	92.75
1	LIN7A	5.25
1	LIPG	398.0
1	LIPJ	3.0
1	LMAN1L	2.75
1	LMBR1	1970.25
1	LMNA	441.0
1	LMO4	104.0
1	LMOD2	71.5
1	LOXL3	28.75
1	LPAR3	60.25
1	LPCAT4	468.25
1	LPGAT1	2563.25
1	LPP	4482.75
1	LRRC20	75.75
1	LRRC34	328.25
1	LRRC58	4580.25
1	LRRC6	22.25
1	LRRC7	11.75
1	LRRD1	359.25
1	LRRK2	12.75
1	LSM10	174.75
1	LYL1	258.5
1	LYST	2486.5
1	MAGT1	1444.75
1	MAN2A1	1248.75
1	MAN2C1	1246.5
1	MANBAL	178.5
1	MANEA	330.75
1	MAP1A	136.75
1	MAP2	6.25
1	MAP3K5	519.25
1	MAPKAP1	4175.5
1	MAPKAPK2	1988.75
1	MAPRE3	73.75
1	MARCKS	8.75
1	MARS2	1013.25
1	MATN2	132.0
1	MB21D2	86.5
1	MBNL3	530.0
1	MC1R	580.5
1	MCC	178.75
1	MCCD1	11.75
1	MCEE	63.25
1	MCFD2	1306.5
1	MCM4	2517.5
1	MCM8	2023.75
1	MCRS1	609.0
1	MCTP2	555.75
1	MDN1	6823.0
1	MED13	20846.5
1	MEI1	422.0
1	MEIG1	5.5
1	MEIOB	2.0
1	METAP1D	109.25
1	METTL21C	1.5
1	METTL2B	2637.25
1	MFSD1	435.5
1	MGMT	278.5
1	MGST3	591.75
1	MICU1	471.75
1	MKI67	766.5
1	MLC1	0.5
1	MMS22L	2272.75
1	MOB3A	3790.25
1	MOBP	240.75
1	MOK	350.5
1	MON1B	2044.0
1	MOSPD1	88.75
1	MPC2	359.0
1	MPO	1.25
1	MPP4	209.25
1	MRFAP1	3517.25
1	MROH1	652.5
1	MRPL27	245.5
1	MRPS25	954.25
1	MS4A4A	8.75
1	MSANTD4	427.5
1	MTA1	1285.25
1	MTG1	675.75
1	MTHFD2L	535.75
1	MTMR14	1631.5
1	MTMR2	1214.75
1	MTRNR2L11	211008.75
1	MTRNR2L8	1302509.25
1	MTX1	866.25
1	MUC3A	17.25
1	MUTYH	516.5
1	MVB12A	427.75
1	MYEOV	14.75
1	MYH3	373.75
1	MYH7B	521.0
1	MYLK	342.5
1	MYO15B	513.75
1	MYO19	2403.5
1	MYO1E	64.25
1	MYO7A	96.25
1	NAA25	5186.25
1	NAA30	1212.0
1	NAPA	881.75
1	NATD1	245.0
1	NBEAL1	1645.0
1	NBEAL2	2240.5
1	NCAM1	37.5
1	NCAPG	118.0
1	NCL	71791.5
1	NDFIP1	3342.25
1	NDST2	895.25
1	NDST4	11.75
1	NDUFA1	241.0
1	NDUFAF3	1748.0
1	NDUFB2	1291.5
1	NEK11	59.5
1	NEK6	216.0
1	NF2	1878.5
1	NGRN	1659.75
1	NHSL2	833.0
1	NMT2	1883.5
1	NMUR1	88.75
1	NOB1	1515.5
1	NPM1	62835.25
1	NPTN	658.0
1	NPW	4.25
1	NREP	561.0
1	NRROS	198.25
1	NSUN4	1426.5
1	NTSR1	7.0
1	NUBP1	848.75
1	NUDT10	14.0
1	NUDT15	873.75
1	NUFIP2	6896.0
1	NUP153	4363.0
1	NUP160	1941.75
1	NUTF2	1355.0
1	NYAP1	3.25
1	OCIAD2	345.75
1	OLFM2	108.5
1	OPA3	2108.0
1	OPTN	1767.0
1	OR10A4	2.5
1	OR10G4	101.5
1	OR1J2	2.5
1	OR2AG1	73.0
1	OR2G6	484.0
1	OR2L2	428.0
1	OR2L5	41.75
1	OR51B5	45.25
1	OR51D1	18.5
1	OR52I1	118.75
1	OR7A5	11.5
1	OR8G1	10.5
1	OR8J3	47.75
1	OSBPL1A	176.75
1	OSBPL5	90.25
1	OSBPL6	82.5
1	OSGIN2	293.0
1	OTOA	44.25
1	OXSR1	2796.0
1	P2RX7	302.5
1	P2RY13	10.0
1	P4HA2	224.5
1	PACSIN3	98.75
1	PAGR1	217.0
1	PAPPA2	0.25
1	PARP14	4311.5
1	PATL1	3781.25
1	PCBD2	553.0
1	PCBP3	186.0
1	PCDHB1	521.75
1	PCDHB11	39.0
1	PCDHB14	28.25
1	PCDHB16	95.5
1	PCDHGA4	3.25
1	PCGF1	271.25
1	PCK2	1615.5
1	PCMTD2	2561.75
1	PCYT2	197.25
1	PDCL3	962.5
1	PDE7B	91.25
1	PDHX	1350.25
1	PDP2	1491.5
1	PEAK1	2371.5
1	PELI1	1029.5
1	PELI2	242.5
1	PEMT	362.25
1	PEX7	109.75
1	PGAP3	536.75
1	PGRMC2	411.0
1	PHACTR2	6413.5
1	PHAX	975.25
1	PHLDA1	1946.75
1	PHLPP1	1750.75
1	PHYH	154.25
1	PHYHD1	86.25
1	PIANP	100.25
1	PIAS1	3456.5
1	PICK1	307.0
1	PIGA	1124.25
1	PIGK	162.25
1	PKD2L2	219.25
1	PLA2G6	486.25
1	PLCH1	5.75
1	PLEK	154.5
1	PLEK2	22.25
1	PLEKHG4	215.75
1	PLK4	371.75
1	PLP1	7.25
1	PLPP1	309.75
1	PLTP	32.25
1	PLXNB1	70.0
1	PNKP	311.5
1	POC5	187.75
1	POLD3	1664.5
1	POLG2	382.25
1	POLR2D	2519.25
1	POLR2M	2220.75
1	POLRMT	257.75
1	POU6F1	413.75
1	PPARA	2615.5
1	PPFIA1	1462.75
1	PPFIA4	53.0
1	PPIB	2655.25
1	PPM1L	513.5
1	PPP1R13B	396.75
1	PPP1R1B	8.0
1	PPP1R9A	25.5
1	PRDM16	33.0
1	PRDX4	254.0
1	PRKG2	142.75
1	PRNP	1285.75
1	PROC	9.0
1	PRR27	116.0
1	PRRC2A	4154.5
1	PRSS23	349.75
1	PRSS37	1.25
1	PSMB10	1794.25
1	PSMC3IP	348.0
1	PSMD4	1975.0
1	PSMF1	1379.25
1	PSMG3	730.75
1	PSPH	974.5
1	PTBP3	11492.25
1	PTGR1	364.25
1	PTPN21	7.25
1	PTPN3	186.0
1	PTPRA	1230.5
1	QRICH1	5487.0
1	QTRT2	2793.5
1	RAB33B	635.25
1	RAB43	826.5
1	RAB8A	3159.0
1	RABIF	650.0
1	RAD21	6172.75
1	RAD23A	2439.0
1	RAD54L	197.75
1	RAD9A	710.0
1	RAET1E	72.5
1	RAF1	2878.5
1	RALBP1	1252.25
1	RALGAPA1	1750.5
1	RANBP6	705.75
1	RANGRF	179.75
1	RASA3	2120.0
1	RASAL2	369.0
1	RASGRP2	1484.75
1	RASIP1	10.25
1	RASL11B	103.0
1	RASSF1	576.75
1	RASSF8	169.25
1	RB1CC1	1177.25
1	RBCK1	1317.25
1	RBM11	60.25
1	RBM41	797.0
1	RBM47	444.75
1	RCC2	2465.5
1	RCCD1	304.5
1	RDX	1538.25
1	RECQL	392.0
1	RELT	365.25
1	REP15	2.5
1	REPS1	1013.5
1	RFWD3	1759.5
1	RGL2	423.5
1	RGMB	313.5
1	RGS18	12.75
1	RHAG	86.25
1	RHEBL1	13.75
1	RHOJ	116.5
1	RHOU	60.25
1	RIT2	2.25
1	RNF103-CHMP3	4.25
1	RNF130	298.25
1	RNF138	1362.25
1	RNF139	152.25
1	RNF152	133.0
1	RNF182	2.0
1	RNF8	2038.0
1	RPE	400.75
1	RPH3A	40.75
1	RPL10A	11894.0
1	RPL10L	1.25
1	RPS6KC1	166.5
1	RPS7	9099.25
1	RSL1D1	7682.0
1	RSPH4A	37.5
1	RSPH9	84.0
1	RYK	1121.25
1	S1PR1	3297.0
1	SAMHD1	10999.0
1	SAP18	852.25
1	SAPCD1	44.0
1	SARDH	115.5
1	SARM1	599.5
1	SAYSD1	357.5
1	SBF2	1552.0
1	SCAF8	1735.25
1	SCAPER	823.25
1	SCGB3A2	430.5
1	SCN7A	78.0
1	SCN9A	196.5
1	SCPEP1	352.75
1	SCRG1	551.75
1	SDHAF4	216.25
1	SDK2	1295.25
1	SEBOX	33.75
1	SEC13	1567.0
1	SEC14L3	40.5
1	SEC23IP	3859.75
1	SEMA3B	26.75
1	SEMA5A	263.75
1	SEMA6A	235.25
1	SERPINB11	20.5
1	SET	5027.25
1	SETD7	1985.25
1	SETDB1	1418.75
1	SETMAR	387.5
1	SGIP1	7.0
1	SGMS2	5.0
1	SH2D4B	2.5
1	SH3BP4	10.0
1	SH3GL3	61.75
1	SH3PXD2B	49.5
1	SH3TC2	141.5
1	SHISA5	2301.75
1	SHROOM3	19.0
1	SIGLEC12	2.75
1	SIGLEC15	94.75
1	SIN3A	5263.25
1	SIRPD	4.5
1	SKP1	3029.25
1	SLC12A5	9.25
1	SLC13A4	215.0
1	SLC14A2	257.25
1	SLC16A3	222.5
1	SLC1A1	3.75
1	SLC25A12	466.25
1	SLC25A24	296.25
1	SLC25A3	4911.0
1	SLC26A5	14.5
1	SLC27A5	964.75
1	SLC2A13	147.25
1	SLC30A8	29.0
1	SLC35E3	2986.0
1	SLC35F3	4.5
1	SLC38A3	21.5
1	SLC46A3	416.75
1	SLC50A1	1374.25
1	SLC51A	267.25
1	SLC6A6	1917.75
1	SLC8A3	0.75
1	SLC9A2	8.25
1	SLC9A9	305.0
1	SLIT1	47.5
1	SLMAP	3267.25
1	SLTM	4192.75
1	SMARCE1	3270.0
1	SMC6	546.75
1	SMIM18	12.5
1	SMPDL3A	2.5
1	SNAPC5	364.0
1	SNF8	1468.5
1	SNRNP35	837.0
1	SNRPB	665.25
1	SNRPD2	1827.5
1	SNX12	1063.25
1	SNX13	635.0
1	SNX30	345.75
1	SNX33	155.25
1	SOX15	10.5
1	SOX5	14.75
1	SPAST	2386.0
1	SPHK2	561.0
1	SPIDR	1144.0
1	SPOPL	1820.5
1	SPP1	0.5
1	SPX	31.5
1	SRRM2	31642.5
1	SRSF12	201.75
1	SSR2	2817.5
1	ST18	105.0
1	ST3GAL3	2023.5
1	ST6GAL2	89.25
1	STAB2	170.25
1	STARD10	152.0
1	STARD13	0.5
1	STARD3	512.25
1	STX11	409.75
1	STX18	893.0
1	STXBP5	1600.25
1	STXBP5L	12.5
1	STYXL1	54.25
1	SULT1A1	524.25
1	SYDE1	5.5
1	TADA2B	1205.5
1	TAF1	2600.0
1	TAF5	106.5
1	TAF6L	215.75
1	TAS2R42	2.75
1	TAS2R5	18.75
1	TAS2R60	9.0
1	TBC1D17	1327.0
1	TBC1D30	210.25
1	TBL1X	1032.25
1	TBXAS1	166.75
1	TCERG1L	13.0
1	TCP10L	11.75
1	TCTN1	846.0
1	TDRD9	31.5
1	TECRL	23.5
1	TEX14	12.75
1	TGDS	539.25
1	TGFBR3	643.75
1	TGM2	185.25
1	THBS3	152.5
1	THEMIS2	1056.5
1	THOC1	606.75
1	THSD1	3.25
1	TIAM2	380.0
1	TIMM23	1291.25
1	TIMM50	1786.5
1	TIMP1	404.75
1	TINF2	1397.0
1	TIPIN	1610.25
1	TLDC2	1155.25
1	TLE1	25.75
1	TMC6	4170.25
1	TMCC1	1116.5
1	TMEM115	215.0
1	TMEM160	78.75
1	TMEM161B	1104.0
1	TMEM167B	871.25
1	TMEM182	438.25
1	TMEM192	1730.5
1	TMEM212	2210.0
1	TMEM219	191.25
1	TMEM262	75.0
1	TMEM30B	110.5
1	TMEM33	9978.0
1	TMPRSS2	0.5
1	TMPRSS4	76.5
1	TMX4	1389.5
1	TNFRSF10B	981.75
1	TNFRSF14	1389.75
1	TNFSF13B	52.25
1	TNNI3K	2.75
1	TNNT2	95.0
1	TNS1	15.0
1	TOMM20	3786.75
1	TOP1	2000.0
1	TOPORS	550.0
1	TPH1	334.75
1	TPK1	299.0
1	TPO	157.5
1	TRAFD1	1229.75
1	TRAK1	1179.0
1	TRAP1	1939.75
1	TRHR	3.5
1	TRIM2	224.75
1	TRIM28	3245.75
1	TRIM3	168.0
1	TRIM38	2108.25
1	TRIM54	10.5
1	TRIM68	266.75
1	TRIP11	933.0
1	TRIQK	206.25
1	TRMT11	856.75
1	TROAP	267.5
1	TRPC1	60.0
1	TRPC3	9.25
1	TRPS1	1075.5
1	TRPV2	566.0
1	TSPAN15	8.25
1	TSPAN3	911.75
1	TTC28	235.25
1	TTR	4.25
1	TXNDC16	74.25
1	TYSND1	311.75
1	TYW1B	179.5
1	UBA7	1570.0
1	UBE4B	1993.75
1	UBXN8	247.0
1	UCN	4.75
1	UFL1	773.75
1	UGDH	1025.25
1	UGT2A1	72.25
1	UGT2B7	0.75
1	ULK2	529.5
1	UNC45A	936.75
1	UNC45B	19.5
1	UNK	753.25
1	UPF2	1661.25
1	UQCRFS1	566.25
1	URI1	1355.25
1	USP13	601.75
1	USP8	3000.25
1	VAT1	423.25
1	VIPR1	182.25
1	VNN3	28.25
1	VPS25	492.25
1	VPS33A	1733.75
1	VPS53	5050.5
1	VSNL1	59.0
1	VTN	24.0
1	WAS	2002.75
1	WBP2	1728.75
1	WDR13	1108.5
1	WDR45B	605.75
1	WDR60	1264.5
1	WDR66	1122.5
1	WDR72	135.0
1	WFDC8	78.25
1	WIPI2	778.25
1	WNT7A	235.75
1	WRAP73	293.0
1	WT1	21.0
1	WWTR1	152.75
1	XCL1	268.25
1	XKR6	51.25
1	XPNPEP2	7.75
1	XPOT	9866.5
1	XRN2	1835.0
1	YEATS4	306.75
1	YIF1A	345.0
1	YME1L1	4868.75
1	YPEL4	8.25
1	YTHDF1	1361.75
1	ZBED8	3.25
1	ZBTB3	461.0
1	ZBTB34	230.25
1	ZBTB37	2528.5
1	ZC3H14	2028.25
1	ZC3HC1	241.5
1	ZCCHC9	1376.25
1	ZDHHC22	12.75
1	ZDHHC23	180.0
1	ZER1	493.5
1	ZFAND2A	283.0
1	ZFAND3	504.5
1	ZFAND5	1122.75
1	ZFP1	193.0
1	ZFP62	419.5
1	ZFYVE19	242.25
1	ZMIZ2	2885.75
1	ZMYM2	1686.5
1	ZMYM3	733.5
1	ZMYND15	4.25
1	ZNF100	757.25
1	ZNF12	551.75
1	ZNF133	132.75
1	ZNF182	189.0
1	ZNF215	445.25
1	ZNF234	530.5
1	ZNF264	3954.5
1	ZNF273	1263.75
1	ZNF275	933.75
1	ZNF280D	787.75
1	ZNF284	227.5
1	ZNF300	56.0
1	ZNF317	1072.25
1	ZNF331	2506.25
1	ZNF354A	333.75
1	ZNF366	53.75
1	ZNF398	1559.0
1	ZNF462	169.25
1	ZNF549	409.5
1	ZNF550	560.25
1	ZNF551	868.75
1	ZNF562	2974.0
1	ZNF593	189.75
1	ZNF605	587.0
1	ZNF607	218.0
1	ZNF703	8.0
1	ZNF713	1526.25
1	ZNF763	18.5
1	ZNF772	295.0
1	ZNF775	149.75
1	ZNF836	121.5
1	ZNF841	673.25
1	ZNF92	653.5
1	ZP3	149.75
1	ZSCAN25	998.0
1	ZSCAN30	558.25
1	ZSCAN9	75.25
1	ZSWIM8	1274.75
2	A2ML1	89.5
2	ABCB7	669.5
2	ABCG4	2.5
2	ACADM	717.25
2	ACSM1	2.75
2	ADCY10	2.75
2	ADCY9	571.0
2	ADGRB1	15.0
2	ADIPOR2	544.0
2	AGBL1	42.75
2	AGO3	3415.25
2	AIMP1	749.75
2	AKNA	7833.5
2	ALDOB	8.25
2	ALG1	545.5
2	ALG10	346.5
2	ALG10B	713.75
2	ALKBH6	1107.0
2	ALOX15B	0.25
2	AMPD3	621.0
2	ANKEF1	122.5
2	ANKRD36B	2665.5
2	ANKRD55	335.5
2	ANKS1A	1449.75
2	ANO10	210.25
2	ANO2	2.75
2	AOC1	13.75
2	AP1G2	4304.5
2	AP1S2	313.25
2	APEH	1305.5
2	APEX1	7698.75
2	APOBEC3H	15.0
2	APOL3	1834.25
2	APOL4	496.0
2	AQP6	141.75
2	ARHGAP17	1468.75
2	ARHGAP26	1518.0
2	ARHGAP27	1379.0
2	ARHGAP31	607.5
2	ARHGEF10	689.5
2	ARHGEF11	374.25
2	ARL4C	4285.25
2	ARRDC2	606.75
2	ASPA	309.75
2	ATF2	4241.5
2	ATF4	4483.0
2	ATG7	1251.0
2	ATP10A	1002.75
2	ATP6V1A	6476.25
2	ATP6V1B1	3.75
2	ATRX	2249.5
2	B3GALNT1	96.0
2	B3GALNT2	442.0
2	B3GNT8	6.0
2	B4GALT4	761.75
2	B4GALT6	68.25
2	BAAT	2.75
2	BANP	371.25
2	BAZ2B	1329.75
2	BCAP31	567.0
2	BCL10	542.5
2	BCL9L	12424.5
2	BEST4	10.0
2	BET1	308.5
2	BNIP2	3431.5
2	BRCA1	876.75
2	BRK1	931.0
2	BRMS1	470.5
2	BTBD8	119.5
2	C10orf105	10.0
2	C11orf24	732.0
2	C11orf58	2277.25
2	C15orf40	2090.5
2	C15orf61	167.75
2	C16orf46	1.75
2	C17orf49	340.75
2	C17orf75	964.75
2	C17orf97	31.25
2	C1orf109	472.0
2	C1orf116	3.25
2	C1orf159	185.25
2	C1QTNF6	438.0
2	C1R	124.25
2	C4orf19	138.75
2	C4orf47	0.5
2	CABIN1	1982.25
2	CABP1	19.0
2	CACNA1A	1999.75
2	CADPS	319.0
2	CAMK2B	4.5
2	CBFB	8301.0
2	CBX8	13.75
2	CCDC114	148.25
2	CCDC124	230.5
2	CCDC150	458.25
2	CCDC171	284.5
2	CCDC183	86.0
2	CCDC83	12.0
2	CCDC97	1144.75
2	CCL16	479.5
2	CCL3L3	380.75
2	CCNH	884.25
2	CCR3	47.75
2	CD300LF	7.5
2	CD34	166.25
2	CD79B	32.5
2	CDC37	4620.25
2	CDC42BPG	176.5
2	CDC7	564.25
2	CDH10	23.75
2	CDH13	71.75
2	CDH18	207.25
2	CDH24	22.75
2	CDK1	104.75
2	CDK12	3888.5
2	CDKN2D	781.25
2	CEACAM21	254.0
2	CENPF	327.5
2	CEP250	1690.25
2	CGRRF1	102.25
2	CHAF1B	1388.25
2	CHID1	1086.5
2	CHST11	2341.0
2	CIAPIN1	661.0
2	CITED2	2163.25
2	CKAP5	1426.0
2	CKS1B	334.0
2	CLEC4C	26.25
2	CLK4	1296.25
2	CLPB	3399.25
2	CLPX	1959.0
2	CLRN1	3.75
2	CLSPN	648.75
2	CLYBL	62.0
2	CMTR2	282.5
2	CNOT10	811.25
2	CNOT4	2659.5
2	CNPY2	1104.5
2	COL6A6	11.0
2	COMMD2	793.0
2	COMMD6	86.75
2	CPA4	182.25
2	CPT1A	440.5
2	CPT1C	195.25
2	CPVL	3.75
2	CRB2	78.75
2	CREG1	528.25
2	CRY1	424.25
2	CTNNA1	452.75
2	CTPS1	4540.0
2	CTR9	2049.5
2	CTSS	1591.25
2	CTSW	551.75
2	CUL4B	1957.5
2	CYB561	253.25
2	CYB5D1	646.75
2	CYB5R4	848.5
2	CYB5RL	1107.75
2	CYP11A1	29.0
2	CYP2E1	46.75
2	CYP4V2	2084.0
2	CYP7B1	1.25
2	DACT1	217.5
2	DAG1	897.0
2	DAND5	675.75
2	DBT	2254.25
2	DCBLD1	245.75
2	DCBLD2	120.75
2	DCXR	609.75
2	DDHD1	1893.75
2	DDR2	53.75
2	DDX17	45476.5
2	DDX39A	2540.75
2	DDX50	703.25
2	DDX60	195.25
2	DENND2C	312.5
2	DENND4C	823.0
2	DENND5A	937.5
2	DEPDC4	322.0
2	DGCR2	451.5
2	DGKH	1825.0
2	DGKQ	173.5
2	DHH	28.0
2	DHX33	3381.25
2	DHX57	915.5
2	DIABLO	1424.25
2	DIAPH3	656.0
2	DMTN	382.0
2	DNAAF3	6.0
2	DNAH5	1.0
2	DNAH8	9.75
2	DNAJA2	3502.75
2	DNAJC10	3276.25
2	DNAJC11	1574.5
2	DNAJC21	1596.25
2	DNAJC27	103.25
2	DNM1L	2107.5
2	DNPEP	1176.75
2	DPH2	838.25
2	DPM2	834.5
2	DPP8	1535.0
2	DTX3	284.75
2	DTYMK	701.75
2	DVL2	369.5
2	DZANK1	450.75
2	EBPL	1684.5
2	ECSCR	8.75
2	EDEM3	1530.5
2	EFCAB12	220.25
2	EFHD2	1247.0
2	EFNB2	4.75
2	EFR3B	116.75
2	EFTUD2	2768.25
2	EHMT1	2569.75
2	EID3	165.25
2	EIF2S1	3288.75
2	ELL3	37.0
2	EML6	202.5
2	ENPP4	258.25
2	ENTPD7	248.75
2	EPAS1	289.5
2	EPHA1	148.0
2	EPSTI1	1069.25
2	ERBB3	88.75
2	ETV1	0.5
2	FABP7	37.25
2	FAM114A1	113.25
2	FAM118B	627.75
2	FAM135A	561.5
2	FAM135B	16.0
2	FAM156A	269.75
2	FAM53A	14.5
2	FANCE	130.25
2	FAT1	18.0
2	FBXO31	1000.5
2	FCHSD1	650.0
2	FCRL1	142.75
2	FCRLA	3.0
2	FHL3	194.75
2	FKBP11	1210.25
2	FKBP4	10760.0
2	FKBPL	15.25
2	FNBP4	2907.0
2	FOXJ2	2013.5
2	FOXP2	33.5
2	FRK	2703.25
2	FUS	11045.25
2	FXYD6	1.0
2	GABRB3	341.25
2	GALE	196.25
2	GALR2	73.75
2	GATM	19.5
2	GCSAML	96.75
2	GDF5	1.75
2	GEMIN2	325.75
2	GEMIN5	1209.25
2	GFM1	3781.25
2	GINS4	512.5
2	GLB1L	215.75
2	GLI1	123.5
2	GLYATL2	19.25
2	GNAI2	5953.0
2	GNAI3	2582.5
2	GNAS	12148.0
2	GNL2	2881.75
2	GNRH1	22.0
2	GOLGA5	348.0
2	GPER1	63.0
2	GPR137	252.25
2	GPR162	2.5
2	GPX7	198.75
2	GREM2	55.0
2	GRID1	11.0
2	GRWD1	767.0
2	GSDMB	1321.5
2	GSK3A	2026.75
2	GSTM4	204.5
2	GSTO1	239.25
2	HCLS1	3377.25
2	HEATR3	1137.75
2	HELB	5086.75
2	HEPHL1	1.5
2	HERC5	291.5
2	HHLA1	1012.0
2	HIBCH	370.0
2	HLA-DOB	211.5
2	HLA-DRB1	408.5
2	HNRNPA1L2	585.75
2	HNRNPH3	12903.75
2	HOXB9	12.0
2	HPCAL1	1525.5
2	HPGDS	17.25
2	HSBP1	424.5
2	ICAM4	134.25
2	IDH3B	1330.75
2	IFNAR1	1078.5
2	IFT20	832.5
2	IFT52	127.0
2	IL1RAP	641.0
2	IL1RN	66.0
2	IL22	81.0
2	ILDR2	613.0
2	INTS9	550.0
2	INTU	1613.25
2	IPO13	479.5
2	IRF4	37983.0
2	ISOC2	112.25
2	ITGA2B	47.5
2	ITGAE	172.25
2	ITGAL	9171.0
2	ITGAV	184.5
2	ITIH1	24.75
2	ITSN2	5048.0
2	KALRN	330.5
2	KAT2B	1057.5
2	KCNMA1	35.25
2	KCNRG	248.5
2	KCTD14	4.25
2	KIAA0232	858.25
2	KIAA0556	470.25
2	KIAA0586	759.0
2	KIAA1549L	8.75
2	KIF24	175.25
2	KLHL2	786.5
2	KLHL26	343.5
2	KPNA4	6467.75
2	KXD1	2011.75
2	KYNU	1285.25
2	L1CAM	8.5
2	L1TD1	58.75
2	LANCL1	609.75
2	LCORL	925.0
2	LDLR	1873.0
2	LGALS12	1.0
2	LGR6	13.5
2	LGSN	135.25
2	LHFPL1	4.25
2	LINGO4	17.75
2	LMAN2	937.25
2	LPAR5	322.5
2	LRP10	3291.75
2	LRRC39	36.5
2	LRRIQ1	126.25
2	LRRK1	5410.5
2	LSM14A	6732.0
2	LSM14B	355.25
2	LSP1	742.5
2	LTBP2	59.25
2	MAB21L1	3.75
2	MAGEH1	321.5
2	MAGI1	24.0
2	MAP2K3	963.5
2	MAPK13	2397.75
2	MAPK1IP1L	7945.75
2	MARK3	2303.25
2	MAST2	510.0
2	MAST3	1923.5
2	MATN3	3.25
2	MCAM	76.75
2	MDM2	8630.25
2	MECOM	193.75
2	MED14	2382.0
2	MEGF8	278.5
2	MEX3A	21.0
2	MGARP	1.25
2	MIB1	1397.25
2	MLANA	643.0
2	MMP13	7.5
2	MMP19	6.5
2	MMP21	7.0
2	MOB4	421.25
2	MPND	97.75
2	MPP2	24.0
2	MPV17L2	1189.75
2	MRPL19	286.5
2	MRPL36	353.75
2	MRPS30	2283.5
2	MRPS31	943.0
2	MRPS5	2184.25
2	MSANTD3	332.25
2	MTFR1L	537.75
2	MUC1	114.0
2	MUS81	609.75
2	MXRA7	708.25
2	MYEF2	807.25
2	MYO1C	393.0
2	MYOM2	31.0
2	MYOT	22.0
2	MYPN	89.25
2	N6AMT1	347.25
2	NAA15	3482.75
2	NAA40	1164.5
2	NAAA	940.5
2	NACA2	1.25
2	NADK2	1376.5
2	NANOS3	1.25
2	NARF	1335.25
2	NAT9	349.75
2	NCKAP1L	5968.75
2	NDST3	93.5
2	NDUFA4	838.75
2	NDUFA4L2	77.25
2	NDUFA6	491.75
2	NDUFB8	1521.0
2	NEIL1	301.0
2	NEIL3	207.25
2	NEO1	665.75
2	NEURL1	89.0
2	NFAM1	94.25
2	NFKBIE	166.75
2	NFX1	1753.0
2	NIF3L1	674.75
2	NKAP	3954.0
2	NOL12	735.75
2	NOSTRIN	79.75
2	NPAS2	1788.25
2	NQO1	278.0
2	NR4A1	873.25
2	NRBF2	568.25
2	NRDC	5267.75
2	NRG1	3.5
2	NRP1	187.5
2	NRXN2	5.75
2	NTMT1	238.5
2	NUDT16	222.0
2	NUF2	82.25
2	OLFML1	130.5
2	OLFML3	8.75
2	OR10G2	5.75
2	OR10H1	496.5
2	OR14J1	1588.0
2	OR2A25	114.5
2	OR2A5	253.25
2	OR2D2	4.5
2	OR2M4	164.5
2	OR52I2	6.25
2	OR56A4	969.5
2	OR5AU1	363.0
2	OR5K2	1.5
2	OR8D1	42.25
2	OSBPL11	395.0
2	OTUB1	1287.0
2	OXT	1.5
2	PACRG	59.25
2	PAFAH1B3	424.5
2	PALMD	50.75
2	PANK2	1431.75
2	PAQR3	300.5
2	PAQR7	333.5
2	PARD3	13.25
2	PARP11	517.75
2	PARVG	805.25
2	PDE1A	31.0
2	PDE1B	318.25
2	PDIA6	2020.0
2	PDK3	984.25
2	PDLIM7	159.5
2	PDSS1	286.75
2	PERP	42.75
2	PES1	1687.25
2	PHF10	1418.25
2	PHLDB1	742.25
2	PHLDB3	283.5
2	PI4KA	3872.0
2	PIGH	577.25
2	PIGZ	29.25
2	PIP5K1A	4006.5
2	PITRM1	3140.75
2	PKHD1	3.5
2	PKHD1L1	1.75
2	PKIG	71.5
2	PLA2G12A	372.0
2	PLEKHF2	98.25
2	PLOD2	41.5
2	PMP22	2.0
2	PNPLA1	112.5
2	POLE4	346.75
2	POLI	211.75
2	POLR2C	979.5
2	POP5	616.5
2	POU2F3	55.5
2	PPA2	654.0
2	PPP1CA	1508.5
2	PPP1R15B	2711.75
2	PPP1R26	26.75
2	PRDX1	2000.75
2	PRKACA	594.25
2	PRMT8	22.5
2	PRPS1	2977.75
2	PSAP	3745.25
2	PSMA4	1570.75
2	PTCH1	1567.25
2	PTOV1	1298.5
2	PTPN7	4570.25
2	PTPRJ	839.5
2	PTTG2	22.75
2	PUDP	425.25
2	RAB1A	3453.5
2	RAB27B	8.5
2	RAB37	596.75
2	RAD54L2	3191.5
2	RAD9B	140.75
2	RBM26	3915.25
2	RBM3	3140.25
2	RECQL5	398.75
2	REEP4	210.25
2	REST	3126.5
2	RGMA	157.25
2	RHBDF2	484.0
2	RIMS1	203.5
2	RIPK1	2545.0
2	RNASEH2A	563.25
2	RNASEH2C	1430.25
2	RNF113A	497.0
2	RNF13	477.75
2	RNF168	2069.5
2	RNGTT	1112.25
2	RP1L1	369.0
2	RPGR	645.25
2	RPL10	24664.75
2	RPL13	6315.5
2	RPS4Y1	948.75
2	RPS6KL1	340.25
2	RRAGA	992.75
2	RRAS2	328.5
2	RRBP1	466.5
2	RUSC1	538.0
2	S1PR3	334.0
2	SAMD7	9.5
2	SAT1	465.0
2	SAXO1	72.0
2	SBNO2	1196.25
2	SCAMP3	1742.25
2	SCG5	3.25
2	SEC61A1	3488.25
2	SEMA4G	65.0
2	SENP1	1561.0
2	SENP7	2538.0
2	SERPINB2	11.75
2	SERTAD3	56.0
2	SFI1	2531.25
2	SH2D3C	623.5
2	SH3BGR	7.0
2	SHANK2	25.0
2	SHOC2	1181.75
2	SIRT7	398.0
2	SIX5	21.25
2	SKAP1	1497.5
2	SKOR1	17.0
2	SLC10A5	16.25
2	SLC15A3	78.75
2	SLC1A3	3.75
2	SLC28A2	580.75
2	SLC30A9	1485.0
2	SLC35D1	1281.5
2	SLC35E1	2777.25
2	SLC40A1	212.75
2	SLC44A2	4434.0
2	SLC7A2	14.75
2	SLC8A1	36.5
2	SLC9A8	606.75
2	SLF2	1332.75
2	SMAD5	781.75
2	SMPDL3B	15.25
2	SMTN	181.75
2	SMYD3	219.0
2	SMYD5	468.0
2	SNIP1	1235.25
2	SNRPA1	1636.25
2	SNRPE	556.0
2	SNTA1	30.0
2	SNTB2	2435.0
2	SNU13	232.25
2	SNUPN	1656.75
2	SNX31	54.25
2	SOAT2	0.75
2	SORCS3	32.25
2	SP4	5094.25
2	SPATA24	13.75
2	SPDYE4	7.5
2	SPEG	104.5
2	SPTBN2	16.75
2	ST3GAL1	2175.5
2	ST3GAL2	1569.75
2	ST7L	615.25
2	STAMBPL1	950.5
2	STIP1	6397.0
2	STK11IP	313.75
2	STK38	2193.25
2	STON2	34.0
2	STRN3	2151.5
2	STX4	1429.0
2	STXBP1	508.75
2	STXBP3	1084.75
2	SUMO1	3651.75
2	SUPT3H	570.0
2	SUPT4H1	1384.75
2	TAB2	6527.5
2	TACO1	753.25
2	TAF1L	80.0
2	TAMM41	468.75
2	TAPBP	25211.25
2	TAS2R19	17.5
2	TCAIM	361.5
2	TCEA1	2947.0
2	TDRD12	140.75
2	TDRD7	232.75
2	TESK1	1426.75
2	TFDP1	5091.0
2	TGM4	14.0
2	THSD4	36.75
2	THUMPD2	146.25
2	TIFA	268.0
2	TLR3	148.5
2	TMEM116	1006.5
2	TMEM120A	188.25
2	TMEM156	516.25
2	TMEM159	204.25
2	TMEM181	1804.25
2	TMEM211	2.75
2	TMEM248	2780.25
2	TMEM41B	3570.5
2	TMPRSS9	80.5
2	TNNC2	4.5
2	TNPO3	2102.5
2	TOMM7	439.0
2	TP63	91.75
2	TPD52L1	155.75
2	TPH2	403.75
2	TPRG1	93.75
2	TRAIP	70.0
2	TRIP10	209.0
2	TRMT61B	140.75
2	TRPM1	30.0
2	TRPM3	51.5
2	TSPAN4	43.5
2	TSSK2	4.5
2	TTC27	2547.25
2	TTC30B	31.75
2	TTC5	298.25
2	TTLL4	1069.75
2	TULP4	3492.75
2	TYK2	975.25
2	UBA2	2091.25
2	UBXN10	5.5
2	UBXN2B	592.0
2	UCHL1	8.0
2	UNC13B	64.5
2	UNC50	216.5
2	USP2	29.75
2	USP43	2.0
2	USP9Y	680.25
2	UTP20	2293.75
2	VAPA	2586.75
2	VAPB	1732.25
2	VEPH1	18.25
2	WDR19	905.25
2	WDR46	1653.25
2	WDR61	519.75
2	WIZ	629.75
2	WSB1	3352.0
2	WWC2	196.0
2	XYLB	898.0
2	YES1	823.0
2	YWHAE	10855.0
2	ZBTB16	193.25
2	ZBTB41	279.5
2	ZBTB42	47.0
2	ZFAND1	334.0
2	ZMPSTE24	728.25
2	ZMYM4	1533.25
2	ZMYND11	1986.5
2	ZNF142	2151.0
2	ZNF169	1002.0
2	ZNF205	9.25
2	ZNF213	424.75
2	ZNF223	16.0
2	ZNF3	471.75
2	ZNF446	60.75
2	ZNF449	52.75
2	ZNF45	357.0
2	ZNF461	223.0
2	ZNF502	39.75
2	ZNF532	550.25
2	ZNF557	1139.75
2	ZNF570	786.0
2	ZNF586	602.0
2	ZNF595	286.25
2	ZNF615	391.25
2	ZNF625	42.5
2	ZNF649	502.75
2	ZNF652	1349.5
2	ZNF687	1057.5
2	ZNF700	544.0
2	ZNF716	450.5
2	ZNF770	618.25
2	ZNF776	433.5
2	ZNF784	110.0
2	ZNF79	182.25
2	ZNF81	447.25
2	ZNF84	655.25
2	ZNRF2	142.5
2	ZPBP2	8.0
2	ZYG11B	1918.5
3	A1CF	43.0
3	ABCC2	151.25
3	ABCF1	7776.0
3	ABHD16A	590.0
3	ABHD4	281.25
3	ACAT1	582.75
3	ACKR2	150.75
3	ACOX1	777.75
3	ACOX2	1.75
3	ACSM6	12.25
3	ACTR1B	2087.25
3	ADPGK	2523.25
3	AFF3	1211.75
3	AGBL5	388.25
3	AK5	665.25
3	AKAP1	1117.75
3	AKAP17A	606.0
3	AKT1	1115.25
3	AKT1S1	217.0
3	ALDH3A1	5.75
3	ALDH7A1	1767.75
3	ANGPTL5	1.0
3	ANKFN1	2.75
3	ANKRD24	30.5
3	ANKRD26	285.0
3	ANKRD39	464.0
3	ANKRD49	360.5
3	AP3B1	1940.5
3	APBB2	221.75
3	APOM	39.5
3	ARAF	1435.25
3	ARF6	3211.25
3	ARFIP1	324.5
3	ARHGAP10	275.75
3	ARL13B	204.0
3	ARMC6	281.25
3	ASF1A	1142.5
3	ASGR1	92.25
3	ASXL3	3.25
3	ATIC	2925.75
3	B3GNT9	172.25
3	BCAS3	588.5
3	BCL2L10	5.5
3	BCL6B	8.5
3	BCOR	3628.75
3	BEX2	548.0
3	BMF	227.5
3	BRMS1L	62.0
3	BRPF1	1060.25
3	C12orf50	525.5
3	C12orf65	2381.75
3	C14orf119	410.0
3	C7orf31	100.25
3	C9orf131	142.0
3	CA5B	2275.0
3	CAMK2D	4417.25
3	CAMSAP1	2815.75
3	CCDC172	3.25
3	CCDC65	81.5
3	CCDC73	1.25
3	CCM2	1055.5
3	CCND1	275.0
3	CCT8	2689.5
3	CD163	303.25
3	CDC6	3505.25
3	CDKN2A	46.0
3	CEP192	1089.25
3	CEP76	608.0
3	CFAP157	107.5
3	CFH	35.75
3	CHD4	8100.0
3	CHST2	110.0
3	CLDN14	3.0
3	CLDN15	170.25
3	CLK3	1712.5
3	CNBP	3555.25
3	CNOT3	2894.0
3	COL6A3	1158.25
3	COMMD8	57.5
3	COMMD9	410.5
3	COPS8	480.75
3	COX16	334.5
3	COX5B	375.5
3	COX6B1	77.5
3	COX7C	2935.75
3	CPS1	201.75
3	CRBN	1267.75
3	CREB1	3594.25
3	CRNKL1	1102.75
3	CRTC2	4050.25
3	CRY2	518.75
3	CTBP1	1229.25
3	CTNNA2	33.0
3	CUX1	2072.25
3	CWC25	1277.0
3	CYB5R2	153.75
3	CYP2C9	42.5
3	CYP8B1	71.75
3	DBNL	1613.5
3	DCAF17	682.5
3	DCTPP1	767.0
3	DDX47	1801.25
3	DENND2A	342.75
3	DGKE	1844.75
3	DHTKD1	570.75
3	DIS3L	1116.25
3	DLG4	574.5
3	DNAH12	53.75
3	DNAH14	361.0
3	DNALI1	34.0
3	DOT1L	1136.25
3	DPYSL2	1706.5
3	DRAM1	288.5
3	DRICH1	20.25
3	DSC1	64.0
3	DSEL	143.25
3	DTNA	168.75
3	DYRK1B	80.25
3	EAF2	54.25
3	EFNA4	110.5
3	EHMT2	1815.75
3	EIF3K	1306.25
3	EIF3L	3780.0
3	EIF5	2677.0
3	ELOF1	2768.0
3	EME1	288.5
3	EMSY	2366.25
3	ENTPD1	780.0
3	EOMES	228.0
3	EPB42	36.0
3	EPS15L1	1155.5
3	ERCC5	522.5
3	ERCC6L2	701.0
3	EYA1	170.5
3	FAM117B	2409.25
3	FAM120A	5831.0
3	FAM169A	277.5
3	FAM185A	165.75
3	FAM189A2	2.25
3	FANCC	812.0
3	FBRS	2530.0
3	FBXO28	768.25
3	FBXW9	39.5
3	FERMT3	2170.0
3	FGD2	232.5
3	FMNL2	140.75
3	FOXM1	200.5
3	FPGS	309.0
3	FPR2	49.75
3	FRA10AC1	611.5
3	FRMD5	223.75
3	FRMPD2	30.5
3	GABRR2	2.75
3	GADD45GIP1	746.5
3	GAN	39.25
3	GCNT4	301.25
3	GGCX	709.5
3	GIPR	266.25
3	GLDN	11.75
3	GMDS	288.0
3	GNAI1	394.75
3	GNGT2	56.0
3	GPR150	25.75
3	GPR68	276.25
3	GPSM2	719.25
3	GRAMD1C	71.0
3	GRIP1	523.75
3	GRPEL2	812.0
3	GSTM3	531.5
3	GSTZ1	106.25
3	GTDC1	1083.25
3	GXYLT2	191.75
3	HAUS5	864.5
3	HDAC6	844.75
3	HDAC8	863.0
3	HELZ	3678.5
3	HIGD1A	1363.25
3	HMGN1	2618.75
3	HMGN5	57.25
3	HNMT	86.25
3	HOOK2	600.75
3	HS1BP3	136.25
3	HSD17B11	377.25
3	HSD17B6	44.25
3	HSPA4	4190.5
3	HSPA9	9816.75
3	IDI2	33.75
3	IFI35	305.25
3	IFT27	250.75
3	IFT46	320.5
3	IGSF3	164.0
3	IKBKG	248.25
3	IKZF2	1921.5
3	IL10	3311.25
3	IL23R	329.5
3	IL4I1	341.75
3	IMPDH1	446.5
3	IQCG	243.75
3	IRF3	1797.0
3	ISG20	802.5
3	ITGB2	2657.0
3	JUNB	11853.75
3	KCNAB2	1447.5
3	KCNH5	9.5
3	KCNN1	124.0
3	KCNQ3	66.0
3	KIAA1671	448.5
3	KIAA1958	695.75
3	KIF3A	549.75
3	KLHDC8A	5.0
3	KLRF1	3.0
3	KMT2C	7443.75
3	KPNB1	6644.0
3	KRAS	1088.0
3	KRTAP16-1	26.75
3	LAMB3	17.5
3	LAT2	386.25
3	LCN12	32.25
3	LDHAL6A	166.0
3	LDHB	8066.25
3	LGALS3BP	350.5
3	LHPP	227.0
3	LIFR	16.75
3	LILRB1	94.0
3	LMAN1	2289.0
3	LMAN2L	123.75
3	LMO3	1.5
3	LRIT3	20.25
3	LRRC2	546.5
3	LRRC63	6.5
3	LRRTM3	5.0
3	LTC4S	2.25
3	LY9	1414.5
3	MAP1LC3C	34.75
3	MAP3K13	1023.75
3	MAP3K4	3630.0
3	MAPK10	1251.25
3	MATN4	2.5
3	MC2R	145.75
3	MCTS1	123.5
3	MED16	473.0
3	MED30	289.25
3	MEF2C	86.0
3	MEFV	383.25
3	METAP2	2673.75
3	MFSD11	374.5
3	MGA	3861.25
3	MIA	0.75
3	MICA	1371.75
3	MIEN1	318.25
3	MINK1	715.25
3	MLXIP	6910.25
3	MMS19	1507.0
3	MPRIP	2047.0
3	MRPL11	167.75
3	MRPL16	320.0
3	MS4A5	14.25
3	MSRA	143.0
3	MT1H	2.25
3	MTMR6	876.0
3	MUC15	27.5
3	MYLK4	47.0
3	N4BP2	895.5
3	NAV3	500.0
3	NCALD	329.75
3	NCF2	171.0
3	NCOR2	4988.0
3	NDUFB4	599.0
3	NDUFS5	523.75
3	NEBL	19.0
3	NEDD1	443.25
3	NEFL	64.25
3	NELFCD	1442.75
3	NEUROD2	39.0
3	NICN1	473.5
3	NKG7	744.5
3	NLRP12	247.0
3	NME2	1506.25
3	NOSIP	618.0
3	NR1D1	822.5
3	NR2C1	365.25
3	NRM	278.0
3	NSMCE3	559.25
3	NTPCR	344.5
3	NUAK2	313.75
3	NUDT13	230.5
3	NUDT17	90.75
3	NXPH3	32.5
3	NXT2	178.5
3	OCIAD1	1443.75
3	ODF2	1807.75
3	OLFML2B	14.75
3	OMG	67.0
3	OPA1	2834.75
3	OR1C1	8.5
3	OR4P4	63.25
3	OR6C4	109.75
3	ORC6	18576.25
3	PARP16	260.75
3	PARVB	733.75
3	PAX6	286.25
3	PAXIP1	1378.5
3	PCDHGC4	28.5
3	PCSK7	13160.5
3	PDE4C	293.0
3	PDHA1	1508.25
3	PGAP2	481.25
3	PHACTR4	4063.0
3	PHTF1	251.5
3	PINK1	1322.0
3	PLEKHA3	3026.0
3	PLXNA2	5.25
3	PM20D2	1167.0
3	PMFBP1	55.25
3	POLD4	590.5
3	POLL	478.0
3	POLR1E	711.75
3	PPIE	820.75
3	PPM1A	1360.75
3	PPOX	227.25
3	PPP2R3C	249.0
3	PRCD	11.0
3	PRDM11	183.0
3	PRDM4	1533.75
3	PRKAB2	619.0
3	PRKCSH	2635.5
3	PRMT1	1890.5
3	PROX1	8.75
3	PRPF18	591.75
3	PRPF3	2770.0
3	PRPF40B	200.5
3	PSMB2	3422.0
3	PSMB3	595.5
3	PSMD3	2677.75
3	PTBP1	12198.0
3	PTCH2	22.75
3	PTPN12	783.5
3	PTPRB	58.0
3	PWP1	894.0
3	PZP	570.75
3	RAB11FIP4	1935.0
3	RAB3GAP1	1370.0
3	RACGAP1	405.5
3	RAE1	499.25
3	RASGRP1	3582.0
3	RBL1	3238.5
3	RBM19	1745.25
3	RBM33	5748.25
3	RBM42	619.5
3	RCN2	2423.25
3	RCSD1	2425.5
3	RERG	113.25
3	RGS5	30.75
3	RIC1	825.75
3	RNF103	1368.0
3	RNF181	212.25
3	RNF24	785.5
3	RNPEP	230.0
3	ROBO1	107.0
3	RPH3AL	120.25
3	RPP38	550.0
3	RPS13	13908.0
3	RPS21	1684.25
3	RPS27	7741.75
3	RPS9	8577.0
3	RPSA	9454.5
3	RPUSD2	271.25
3	RRP15	5829.75
3	RTN3	1455.5
3	S100A5	13.5
3	SALL2	74.75
3	SBK1	828.25
3	SCAF11	3835.25
3	SCAMP2	2938.5
3	SCFD1	969.0
3	SCNN1A	107.75
3	SEC16B	1.5
3	SEC24C	1889.0
3	SERTAD1	329.0
3	SEZ6	23.25
3	SF3A1	16333.25
3	SH2D1B	12.5
3	SHF	185.75
3	SIPA1	497.75
3	SLC16A10	1597.5
3	SLC16A11	15.25
3	SLC22A18	230.75
3	SLC23A1	82.25
3	SLC26A10	9.25
3	SLC2A12	16.5
3	SLC34A1	0.5
3	SLC38A10	768.5
3	SLC39A13	428.0
3	SLC39A9	1924.75
3	SLC4A2	568.0
3	SLC6A1	211.75
3	SLC6A16	78.25
3	SLC8B1	1117.0
3	SLC9A5	53.5
3	SLCO2B1	34.0
3	SNRPB2	704.0
3	SOX12	134.5
3	SP2	2298.75
3	SPIN1	724.5
3	SPRYD4	1711.75
3	SSBP1	2797.75
3	STARD9	904.0
3	STEAP2	312.75
3	STRBP	1619.25
3	SUPT5H	3324.0
3	SUV39H1	613.0
3	SYVN1	1751.25
3	TAGLN	167.75
3	TAS1R1	9.0
3	TAS2R14	113.0
3	TBKBP1	750.0
3	TCF12	3340.0
3	TCF7L2	112.5
3	TCFL5	194.25
3	TCP10L2	1.25
3	TEKT3	4.0
3	TERF1	815.5
3	TEX30	71.0
3	TFB1M	305.5
3	TGFB1I1	69.75
3	TLR9	66.0
3	TM4SF18	31.5
3	TMC4	425.0
3	TMCC2	81.25
3	TMEM106C	220.75
3	TMEM108	55.0
3	TMEM117	42.75
3	TMEM165	1608.5
3	TMEM176B	1.5
3	TMEM254	349.25
3	TMEM87B	275.75
3	TMEM97	875.75
3	TMIE	6.25
3	TMPRSS7	13.0
3	TNNT1	12.75
3	TOX3	2.25
3	TP53BP1	3770.25
3	TPBGL	14.25
3	TRA2A	1860.25
3	TRIM21	560.5
3	TRIM45	97.0
3	TRIM56	6807.5
3	TRIP12	15994.25
3	TRNT1	849.0
3	TRPM8	98.0
3	TRRAP	4389.0
3	TSPYL1	1927.75
3	TTC30A	39.0
3	TTC31	421.75
3	TTLL11	64.25
3	TWISTNB	348.5
3	UBE2O	735.75
3	UCK2	2032.0
3	UHMK1	5780.75
3	URB2	1412.25
3	VAV3	448.25
3	VBP1	435.5
3	VPS37B	917.75
3	VWA3B	19.5
3	WBP4	531.25
3	WDHD1	1429.25
3	WDR1	3943.25
3	WDR17	451.0
3	WDR27	522.75
3	WDR38	12.5
3	WDR44	784.75
3	WDR83	275.5
3	WNT1	12.5
3	YIPF3	1003.75
3	ZBED6CL	148.75
3	ZBTB24	1053.25
3	ZBTB33	1681.25
3	ZBTB43	565.0
3	ZBTB7B	1764.25
3	ZFP2	110.25
3	ZFP92	134.0
3	ZIC5	1.25
3	ZNF20	62.75
3	ZNF229	6.5
3	ZNF254	408.5
3	ZNF260	491.5
3	ZNF343	336.5
3	ZNF362	880.5
3	ZNF385C	277.5
3	ZNF414	514.0
3	ZNF487	107.0
3	ZNF491	33.5
3	ZNF527	604.75
3	ZNF546	406.0
3	ZNF548	1303.75
3	ZNF675	609.25
3	ZNF69	211.75
3	ZNF746	1933.0
3	ZNF827	1562.25
3	ZNF879	125.0
3	ZRSR2	408.0
3	ZSCAN2	326.5
3	ZWINT	187.0
4	AAMDC	628.75
4	ABCA13	165.75
4	ABCF3	919.0
4	ABI1	3629.25
4	ACACB	1657.5
4	ACAP2	3820.25
4	ACBD4	230.0
4	ACD	778.25
4	ACMSD	9.75
4	ACVR1B	589.5
4	AGAP3	384.0
4	AGPAT3	3333.5
4	AHCY	743.75
4	AIP	489.25
4	AMBRA1	1016.0
4	ANGPTL1	22.75
4	ANKAR	83.0
4	ANKS1B	100.25
4	ANP32A	15270.5
4	AP001258.1	4.0
4	AP1M1	2087.0
4	APLN	2.5
4	ARHGAP24	1.0
4	ARL14EP	1008.5
4	ARL4D	16.0
4	ARMCX5	187.75
4	ARPC3	581.25
4	ARRB2	3380.0
4	ATAT1	400.0
4	ATG4C	100.0
4	ATP1A4	297.0
4	ATP2B3	0.25
4	ATXN7L3B	3132.5
4	AXIN2	358.75
4	AZIN2	136.5
4	B3GLCT	64.0
4	BAZ2A	6223.5
4	BBS12	26.0
4	BCAR3	123.5
4	BIRC5	413.5
4	BOD1L1	5993.25
4	BORCS7	1975.25
4	BRIP1	445.0
4	C10orf90	0.5
4	C11orf49	376.25
4	C16orf58	698.75
4	C1D	364.75
4	C1GALT1	704.0
4	C1orf198	127.5
4	C1QTNF1	6.25
4	C21orf62	4.5
4	C3orf62	815.25
4	CABLES1	103.75
4	CAPN2	2451.75
4	CASP8AP2	781.75
4	CBX2	45.75
4	CCDC112	42.25
4	CCDC134	61.5
4	CCDC159	310.25
4	CCDC175	0.5
4	CCDC28A	140.75
4	CCNT1	1542.0
4	CD22	655.75
4	CDKN1B	10649.0
4	CDKN2AIP	584.5
4	CDRT4	92.0
4	CEBPE	2.75
4	CENPI	202.75
4	CFB	136.0
4	CFL2	783.25
4	CHCHD1	120.25
4	CHERP	1762.5
4	CHST4	10.75
4	CLDND2	46.0
4	CLEC1B	0.25
4	CLINT1	5665.5
4	CLK2	1622.25
4	CLNS1A	1313.0
4	COL8A2	16.25
4	CORO6	84.75
4	CPB1	17.5
4	CPT2	567.75
4	CREB5	20.25
4	CRLF3	3889.25
4	CWC22	830.75
4	CWC27	601.75
4	CXCL9	118.5
4	DAGLA	32.0
4	DCTN6	583.75
4	DDX19B	1390.0
4	DERL1	4247.25
4	DESI2	1351.75
4	DLC1	115.75
4	DNAH3	139.25
4	DNAJB12	618.5
4	DNMBP	149.5
4	ECE1	2962.75
4	ECI2	393.25
4	EDN1	7.0
4	EIF4E3	1587.5
4	ELAC1	168.5
4	ELP3	1207.25
4	EMG1	1206.5
4	EMP3	925.75
4	ENC1	76.25
4	EPPIN	134.5
4	ERG	8.5
4	ESR2	561.0
4	EXOSC9	686.25
4	FAM177A1	1701.5
4	FAM20B	991.25
4	FAM3B	18.5
4	FANCF	315.5
4	FANCM	416.75
4	FANK1	57.0
4	FARP1	869.25
4	FBL	5156.5
4	FBXL4	495.75
4	FBXO3	730.75
4	FBXO30	617.75
4	FCRL3	450.0
4	FGD3	1522.0
4	FLNA	5738.25
4	FMNL1	2885.75
4	GABPA	670.0
4	GALNT13	7.5
4	GAPDH	37518.0
4	GBA	661.25
4	GCSH	235.0
4	GGACT	85.75
4	GLOD4	1901.25
4	GLRA2	18.75
4	GMPS	2914.75
4	GOLGA4	2841.0
4	GPR3	207.5
4	GPR45	3.25
4	GSKIP	345.25
4	HAPLN3	1469.75
4	HAUS4	418.0
4	HDAC7	2666.25
4	HEATR1	2710.5
4	HENMT1	236.5
4	HMGN3	71.0
4	HOXA6	4.75
4	HTR2B	179.25
4	HVCN1	129.0
4	ICAM1	1371.5
4	ICAM3	1490.0
4	IDH1	158.5
4	IFIT1	190.25
4	IFNGR2	224.5
4	IGF2R	2390.5
4	IL18BP	1701.0
4	IL20RB	72.5
4	IPO5	7057.75
4	IRGM	87.75
4	ISG15	77.75
4	JADE2	1986.5
4	JOSD1	2062.5
4	KBTBD11	203.25
4	KBTBD6	419.5
4	KDM1A	1257.5
4	KIAA0408	9.25
4	KIAA1586	189.5
4	KIF13B	637.5
4	KIF26B	31.25
4	KIFC1	177.25
4	KLHDC10	842.75
4	KLHL24	1586.5
4	KLHL28	641.5
4	KPNA5	3651.75
4	KRT73	41.75
4	KTN1	2801.75
4	LCK	2352.75
4	LGR4	18.5
4	LIF	4233.25
4	LIPE	402.75
4	LPIN3	128.75
4	LRFN3	168.5
4	LRIG2	1688.0
4	LRP8	2443.0
4	LRRC18	9.5
4	LRRTM2	43.25
4	LSM8	395.25
4	LYRM9	82.75
4	LYVE1	2.0
4	MADD	4332.5
4	MALT1	701.75
4	MARVELD2	605.5
4	MASTL	744.0
4	MED10	975.75
4	MED6	1219.0
4	MEF2A	1370.5
4	MEIS3	20.0
4	MME	55.0
4	MOB3C	223.25
4	MRPL55	214.75
4	MRPS18A	190.0
4	MS4A4E	30.0
4	MT1F	64.5
4	MTIF2	1260.75
4	MTMR12	1341.5
4	MTR	4114.25
4	MTRF1L	1309.0
4	MXRA8	19.0
4	NAT1	50.75
4	NCOA4	3711.0
4	NFKBIA	6508.5
4	NRGN	16.5
4	NRIP1	1381.75
4	NT5E	76.5
4	NUDT3	3823.25
4	NUP210L	26.75
4	ODF3	33.5
4	OGDH	1347.5
4	OR10AD1	34.75
4	OR1A1	667.25
4	OR1I1	563.75
4	OR2L13	2.0
4	OR4D1	98.25
4	OR52N2	0.5
4	OR5T2	3.75
4	OR6C75	2324.25
4	OR8D4	38.25
4	PABPC4	4886.0
4	PACRGL	289.75
4	PAIP1	165.75
4	PALLD	531.75
4	PCDHA9	195.5
4	PCDHB2	37.0
4	PCGF2	33.5
4	PCSK1	5.25
4	PCYT1A	2752.5
4	PDE11A	311.5
4	PDGFB	6.0
4	PDIA4	1631.25
4	PIM2	5169.25
4	PJA1	358.0
4	PLCB4	6.0
4	PLCG1	4002.25
4	PLEKHB1	366.75
4	PLEKHG3	1246.0
4	PLEKHG5	150.75
4	PLET1	34.5
4	PLRG1	515.25
4	PLSCR2	3.0
4	PNISR	6305.0
4	PNP	2140.0
4	POLD1	604.25
4	POLR3E	1939.5
4	POMGNT1	838.75
4	PPA1	3433.75
4	PPFIBP1	406.0
4	PPM1K	1715.0
4	PPP6R1	5580.0
4	PRDM10	273.5
4	PRDX2	626.5
4	PRKCI	1419.75
4	PRLHR	75.75
4	PRSS12	155.0
4	PSMB9	1111.25
4	PSPC1	1580.75
4	PTPN6	4193.5
4	PTPRM	444.75
4	RAB2A	805.0
4	RAB9A	87.5
4	RAI1	1033.0
4	RBBP9	536.75
4	RBFOX1	47.25
4	RBKS	65.0
4	RBL2	6179.75
4	RBM12B	910.5
4	RBM38	2279.0
4	RBP5	45.0
4	RBSN	871.5
4	RCC1	1253.25
4	RCL1	1724.5
4	REXO4	753.75
4	RHOB	118.5
4	RHOF	1199.75
4	RLN2	10.5
4	RMI1	318.5
4	RNF187	1004.0
4	RNFT2	598.0
4	RNH1	1068.5
4	RPL39	1179.25
4	RPL7L1	6611.25
4	RPN2	1523.25
4	RSBN1	1929.5
4	RSF1	1955.25
4	RTCB	908.25
4	RUNX2	6535.5
4	SACM1L	1821.5
4	SCAMP1	613.25
4	SCN2A	84.5
4	SCN8A	146.75
4	SCYL3	569.75
4	SEC16A	5315.75
4	SERPINE2	597.25
4	SGCA	3.25
4	SLAMF8	66.25
4	SLC19A1	851.5
4	SLC19A2	174.5
4	SLC25A39	3035.75
4	SLC25A45	1371.5
4	SLC27A4	259.25
4	SLC41A2	313.0
4	SLC44A1	863.75
4	SLC9A6	1003.5
4	SLX4IP	597.75
4	SMAGP	298.5
4	SMAP2	4603.0
4	SMARCC1	10680.5
4	SMARCD1	2298.5
4	SMC5	1525.25
4	SMCO1	4.5
4	SMIM5	78.75
4	SMOX	80.75
4	SNRNP27	459.0
4	SNRPA	1494.5
4	SNX24	62.25
4	SPAG17	7.5
4	SPCS2	560.25
4	SPOCD1	49.0
4	SRCAP	6338.0
4	SREBF2	4098.25
4	SRR	304.5
4	STAM2	2828.5
4	STEAP1B	2.5
4	STK10	6809.0
4	STK32C	44.25
4	STRA6	119.0
4	SUCLG2	1039.5
4	SULT1B1	3116.75
4	SYPL1	620.0
4	TACR2	148.25
4	TASP1	339.75
4	TAT	132.5
4	TBC1D5	1724.75
4	TCF3	2590.75
4	TCN1	9.25
4	TEX2	1144.0
4	TEX264	323.75
4	TFDP2	939.75
4	THAP3	236.5
4	THOC5	2392.75
4	TIGD7	14.5
4	TIMM21	624.75
4	TIMMDC1	365.5
4	TMEM131	2655.25
4	TMEM150A	189.25
4	TMEM91	381.0
4	TMOD3	2666.5
4	TNFAIP8L3	450.75
4	TOP2B	1782.75
4	TP53BP2	3141.0
4	TP53I3	107.75
4	TP53TG5	57.5
4	TPP1	4626.5
4	TRADD	404.0
4	TRAK2	1225.25
4	TRIB3	415.25
4	TRIM27	7058.0
4	TSEN2	570.25
4	TWF1	386.5
4	U2AF2	2738.0
4	UBE2D2	1770.5
4	UBN2	1418.25
4	UGGT1	4477.0
4	USP1	476.75
4	USP14	3581.0
4	USP48	3042.0
4	UTP14C	520.75
4	UTS2B	318.75
4	VGLL4	928.75
4	VMO1	0.25
4	VPS13A	1386.75
4	VPS41	1815.25
4	WAPL	2761.0
4	WDR74	790.0
4	WDR75	1690.5
4	WDR92	457.5
4	WSB2	2317.25
4	YLPM1	4570.25
4	ZBTB45	385.0
4	ZFHX2	53.5
4	ZFP69B	218.75
4	ZFPL1	197.75
4	ZNF197	172.5
4	ZNF253	787.0
4	ZNF407	1896.75
4	ZNF511	426.0
4	ZNF547	25.25
4	ZNF566	432.5
4	ZNF572	12.0
4	ZNF573	906.25
4	ZNF574	458.5
4	ZNF608	4.0
4	ZNF613	122.25
4	ZNF93	325.5
4	ZPLD1	8.25
4	ZSCAN23	11.0
4	ZSWIM6	680.0
5	ABCA2	680.75
5	ABCB11	92.0
5	ABCD3	1020.25
5	ABI3BP	64.75
5	ABRA	46.25
5	ACBD5	796.0
5	ACER2	56.5
5	ACSBG1	448.75
5	ACTL6A	1353.25
5	ADAM28	18.75
5	ADH5	767.0
5	AHR	2970.75
5	AIF1	268.75
5	AIFM1	1066.5
5	AKAP10	722.75
5	AKAP13	6729.75
5	ALDOA	3029.5
5	AMD1	3405.75
5	AMN1	409.5
5	ANAPC1	4128.0
5	ANKRD10	1164.5
5	ANKRD13D	512.5
5	ANLN	63.75
5	AOAH	274.75
5	AOC2	61.25
5	AP2M1	1775.75
5	APBB1	703.5
5	APOBEC3B	25.0
5	APOL6	2822.25
5	ARHGAP18	131.75
5	ARHGEF4	180.5
5	ARHGEF9	724.0
5	ARID3B	1268.75
5	ATG101	229.25
5	ATG5	291.0
5	ATRIP	281.0
5	AUH	267.25
5	BCL2L2	30.0
5	BDKRB1	39.75
5	BFAR	2018.25
5	BLNK	5.75
5	BMP4	4.5
5	BNIP1	63.25
5	BOLA3	709.75
5	BORCS6	20.25
5	BRD4	10015.5
5	C12orf54	2.25
5	C17orf98	6.0
5	C19orf54	399.25
5	C1orf54	32.25
5	C1QTNF7	18.0
5	C1QTNF9B	1.25
5	C1S	67.25
5	C22orf46	61.0
5	C2CD4A	209.0
5	CAPN8	6.0
5	CAPS2	188.25
5	CAV1	1.5
5	CCDC138	258.25
5	CCDC14	1734.25
5	CCDC18	165.0
5	CCDC86	2705.5
5	CCDC9	549.5
5	CCNE2	102.0
5	CCR1	52.25
5	CD300LB	4.75
5	CD46	2587.75
5	CDCA4	446.75
5	CDKAL1	968.25
5	CEP152	1166.5
5	CFAP70	118.0
5	CFAP77	2.5
5	CHAC2	291.75
5	CHEK1	1151.5
5	CHIC2	266.0
5	CLCN5	315.0
5	CLEC12A	7.0
5	CLEC2B	514.5
5	CLEC2D	6874.25
5	CLHC1	116.25
5	CLIC5	336.0
5	CLTA	1268.75
5	CMC4	7.5
5	CMTM6	789.25
5	CNTN1	37.0
5	COL1A1	149.25
5	COL5A2	1.75
5	COMMD10	177.75
5	COX4I1	3869.75
5	CPLX4	5.5
5	CPSF6	2259.0
5	CRADD	251.5
5	CROCC	844.5
5	CSRP1	914.5
5	CTPS2	81.5
5	CUEDC1	2.5
5	CUL5	701.0
5	CYB5A	596.5
5	CYB5B	1379.5
5	CYFIP1	246.5
5	CYP2C8	10.0
5	CYSLTR1	2300.75
5	DAPK2	523.5
5	DCPS	351.75
5	DENND6A	975.0
5	DERL2	405.75
5	DGCR8	1714.75
5	DHRS12	164.25
5	DLK2	217.5
5	DNAJC19	2170.5
5	DSCAML1	3.0
5	DSG3	212.75
5	DUSP11	1756.5
5	DUSP22	574.25
5	DYNC1H1	13358.0
5	EGLN2	1441.5
5	EHBP1	947.0
5	EIF1AY	583.75
5	ELOVL4	63.25
5	ELOVL6	487.75
5	EPB41L3	154.25
5	EPB41L5	101.5
5	F8	31.5
5	FAM124B	38.5
5	FBXO5	383.0
5	FGF1	10.25
5	FGF9	90.0
5	FMOD	22.25
5	FNDC3A	2348.5
5	FOXP4	1092.75
5	FRAT1	90.5
5	FRMD7	2.0
5	G0S2	178.0
5	GAL3ST4	762.75
5	GALNT11	761.25
5	GAPVD1	3572.0
5	GART	1595.25
5	GCNT2	405.25
5	GDPD4	26.25
5	GEMIN8	124.0
5	GINM1	806.5
5	GMEB2	346.75
5	GMFB	1263.75
5	GON4L	2735.75
5	GORAB	305.75
5	GP2	237.75
5	GPR179	70.25
5	GPRIN3	4467.5
5	GRK6	2016.5
5	GTF2E2	473.5
5	HIBADH	286.5
5	HLA-A	22364.0
5	HMGCL	493.75
5	HMOX2	653.5
5	HMSD	5.25
5	HOPX	408.75
5	HRH4	163.0
5	HSD17B12	1969.25
5	HTATIP2	337.75
5	HYLS1	190.5
5	IFNG	2266.0
5	IGF2	1435.0
5	IGSF8	504.75
5	IL17A	47.5
5	IL23A	100.75
5	IL4R	4200.0
5	INO80C	682.25
5	INPP5K	769.75
5	INTS6L	484.5
5	IPO9	3597.25
5	ISLR2	82.5
5	ITFG2	1984.25
5	ITM2C	242.0
5	KBTBD7	85.75
5	KCNJ11	64.75
5	KCNN3	110.25
5	KCNN4	377.75
5	KDM3B	2265.5
5	LAGE3	120.25
5	LEF1	13621.25
5	LENG1	257.75
5	LGI1	167.75
5	LRRC17	2.0
5	LRRN4	6.5
5	LUC7L3	2716.0
5	LY6G5C	170.5
5	LYRM4	1231.5
5	MAPK8	1067.75
5	MED11	249.75
5	MERTK	22.25
5	MFAP3L	121.0
5	MGAT5	4454.5
5	MLF2	2091.5
5	MON2	1018.75
5	MOV10L1	134.5
5	MRPL23	303.75
5	MRPL35	754.5
5	MRPL44	890.25
5	MSH4	13.75
5	MT1M	1.25
5	MTDH	7404.75
5	MTF2	787.25
5	MTRNR2L1	1079828.25
5	NASP	5770.75
5	NCBP2L	5.0
5	NEK7	1005.0
5	NFIX	629.0
5	NIFK	1589.75
5	NIPA2	3017.25
5	NOLC1	25635.25
5	NONO	17321.0
5	NPM3	472.25
5	NRN1L	19.0
5	NUP58	1736.25
5	OAS2	2259.75
5	OGFR	392.0
5	OR1Q1	4.5
5	OR2C1	2.5
5	OR2V1	21.0
5	OR4E2	22.5
5	OR51E2	89.0
5	OR51L1	45.5
5	OR5A2	353.0
5	OR5AS1	1647.25
5	OSBPL2	2606.0
5	OSBPL9	876.25
5	OSER1	568.25
5	OTUD7B	1803.25
5	PAK2	4912.0
5	PALM3	28.25
5	PARP15	2800.0
5	PCDHGA5	79.5
5	PDCD7	1245.5
5	PDE5A	170.25
5	PFDN1	561.25
5	PHC2	267.25
5	PI16	85.25
5	PIK3R4	379.25
5	PIN1	605.0
5	PITPNC1	1104.75
5	PKD1L3	15.0
5	PLCB1	302.0
5	PLEKHG2	2032.5
5	PLN	218.75
5	PMP2	7.0
5	POLG	1688.75
5	POLR3B	918.75
5	PPARD	1437.0
5	PPM1N	85.0
5	PPP1R8	632.75
5	PPP2R5D	425.0
5	PRCP	809.5
5	PRDM15	792.75
5	PRKD3	514.75
5	PROS1	70.75
5	PRPF38B	6156.5
5	PSMB11	5.25
5	PSMG4	777.0
5	PTPRF	227.0
5	PTPRU	4.25
5	PTS	152.5
5	RABEP1	4463.0
5	RAI14	46.75
5	RASAL3	2482.75
5	RBBP4	2303.0
5	RBM25	11186.25
5	RCAN1	380.0
5	RCAN2	22.0
5	RCOR3	1843.75
5	RDH5	541.5
5	REG4	7.5
5	RGS6	4.75
5	RHOC	86.5
5	RIC8A	724.75
5	RP9	271.0
5	RPL19	19137.25
5	RPL5	15304.5
5	RPS15A	8172.5
5	RPS3A	11080.75
5	RUVBL1	2853.5
5	S1PR5	50.0
5	SAAL1	953.75
5	SCN1A	77.25
5	SDAD1	479.75
5	SDCBP	1094.25
5	SDHC	1194.25
5	SENP8	542.25
5	SEPHS1	1114.0
5	SFT2D3	53.0
5	SFXN4	402.75
5	SHMT2	3693.75
5	SLC1A2	543.25
5	SLC25A19	1191.25
5	SLC35E4	358.5
5	SLC35G6	7.0
5	SLC9A3R2	21.75
5	SLCO4A1	234.0
5	SNAP23	2349.75
5	SOX2	24.75
5	SPAG9	2340.25
5	SPEF1	2.0
5	SPEF2	336.75
5	SPTB	96.75
5	SPTLC2	1287.25
5	SRP68	2221.25
5	SRSF1	2599.0
5	ST6GALNAC1	126.75
5	STAC3	31.5
5	STK4	12836.5
5	STX7	556.0
5	STYK1	19.25
5	SUB1	1215.5
5	SULF1	45.0
5	SULT1C2	143.75
5	SUSD4	121.25
5	SYT8	24.75
5	TANK	850.25
5	TBC1D14	1465.5
5	THAP4	337.0
5	THNSL2	81.25
5	TIAM1	2373.0
5	TLCD2	793.25
5	TLN2	88.75
5	TM9SF4	2384.75
5	TMEM145	265.5
5	TMEM260	524.0
5	TOR1AIP2	5649.75
5	TP53I11	460.75
5	TPM4	19427.75
5	TRIM37	1195.0
5	TRMT1L	249.5
5	TRPM5	11.25
5	TSACC	31.5
5	TSEN15	1697.75
5	TULP2	4.25
5	TXNL4B	1166.5
5	TYR	9.5
5	UBE2J1	829.75
5	UPK1B	441.75
5	VPS50	870.5
5	VSIG4	4.0
5	VWA5B1	152.5
5	WDYHV1	277.5
5	XPO6	6836.25
5	ZBTB21	1229.25
5	ZBTB49	309.0
5	ZBTB9	75.25
5	ZFX	1589.5
5	ZNF19	275.5
5	ZNF281	541.75
5	ZNF33B	587.5
5	ZNF410	929.0
5	ZNF569	112.25
5	ZNF585B	812.5
5	ZP2	9.25
5	ZSCAN20	114.75
5	ZW10	265.25
5	ZXDA	191.25
6	AAGAB	429.0
6	ABHD6	111.75
6	ABLIM3	1.5
6	ACAT2	496.5
6	ACOT2	229.0
6	ADAMTSL2	32.0
6	AFAP1L1	11.0
6	AIPL1	290.0
6	ALG6	257.25
6	ALPK1	686.5
6	ANGPT2	554.75
6	APMAP	1070.0
6	APOL2	1692.75
6	ARF4	706.75
6	ARHGAP35	1478.0
6	ARHGEF2	2474.5
6	ARID5A	782.5
6	ARL2BP	449.5
6	ARMC10	2719.75
6	ARMC2	51.25
6	ARMCX6	284.0
6	ARPC4	6056.0
6	ASAH1	1025.5
6	ASPM	101.5
6	ATP10D	214.0
6	AVL9	1850.0
6	BIRC2	307.0
6	BOLA1	44.5
6	C12orf40	36.0
6	C12orf66	514.25
6	C4orf33	47.0
6	C5orf63	135.0
6	CARD14	573.0
6	CCNYL1	1029.75
6	CD300E	64.5
6	CD52	1138.75
6	CDC42EP1	28.0
6	CENPM	195.25
6	CEP57	1021.0
6	CFAP20	758.75
6	CHD1	1738.0
6	CHN2	140.75
6	CLEC2A	0.75
6	CLEC7A	528.0
6	CLN3	1748.75
6	CLTB	314.25
6	CMTR1	837.0
6	CPNE6	132.25
6	CR1	615.5
6	CS	4315.25
6	CXorf65	278.5
6	CYBB	8.5
6	CYP2R1	261.25
6	DCLRE1C	579.25
6	DDX60L	982.75
6	DMXL2	321.25
6	DNAJC16	1002.5
6	DNAJC28	54.75
6	DNASE1L3	73.25
6	DPH1	2045.5
6	DPP10	25.0
6	DUSP2	1454.5
6	EEF2K	1276.25
6	EIF2AK4	599.25
6	EIF3H	2957.0
6	ELK4	23155.5
6	EPC2	1556.5
6	ERC2	4.25
6	ESPL1	434.25
6	EXOC7	1959.5
6	FAAP100	311.5
6	FADS3	218.0
6	FAM160B1	701.5
6	FAM167A	16.25
6	FAM53B	1163.5
6	FARS2	156.0
6	FBXO4	117.75
6	FBXO47	1.25
6	FCER1A	36.5
6	FCHSD2	2165.75
6	FCRLB	2.25
6	FDX1	478.0
6	FNDC3B	3419.75
6	FNDC7	2.0
6	GCLM	1457.5
6	GCM1	45.75
6	GCSAM	194.5
6	GLT8D1	548.25
6	GLYCTK	186.0
6	GPANK1	220.25
6	GPD2	602.25
6	GRASP	340.75
6	GRSF1	1585.75
6	GSTM2	1101.0
6	GTF2F2	964.75
6	GTF3C1	1416.25
6	GTF3C2	3151.75
6	GUK1	1044.5
6	HAMP	287.0
6	HIVEP3	10224.5
6	HOXA5	1.75
6	HSDL2	178.25
6	HSPB11	279.75
6	HUWE1	21110.0
6	IL12RB2	3683.25
6	IL2	4143.5
6	IMMT	2603.75
6	IMPDH2	1599.25
6	IQUB	6.5
6	ITPR2	3720.0
6	KCNK7	3.0
6	KDM2B	1205.75
6	KDM3A	3063.5
6	KIF2C	51.0
6	LDB2	1.75
6	LGALS14	8.5
6	LGI4	7.75
6	LPIN1	2652.25
6	LYPLA1	1476.5
6	MAP2K6	183.5
6	MAP9	135.25
6	MCTP1	107.5
6	METTL16	1425.0
6	METTL8	1285.5
6	MFAP5	145.5
6	MFSD13A	433.5
6	MICAL1	917.75
6	MICB	597.25
6	MNAT1	271.75
6	MOB1B	2312.25
6	MORN3	475.25
6	MRGBP	281.0
6	MRPL22	216.25
6	MTHFS	66.25
6	MTRNR2L3	95695.25
6	MYLPF	7.75
6	MYO18A	3042.25
6	MYO9B	1642.0
6	NCR3	110.5
6	NFASC	120.75
6	NFKBIL1	55.25
6	NMI	408.0
6	NR2C2	2493.75
6	NRP2	293.75
6	OMA1	364.25
6	OR10G3	1242.75
6	OR2AP1	102.75
6	ORMDL2	501.0
6	PAG1	4945.5
6	PAK1	484.25
6	PARK7	2969.25
6	PASK	2676.75
6	PCDH1	7.0
6	PCDHGA10	30.0
6	PCDHGA12	3.0
6	PCDHGB2	8.0
6	PDCD1LG2	4.0
6	PHF14	1381.0
6	PIH1D2	32.0
6	PLA2G4C	670.0
6	PLD1	189.75
6	PLEKHS1	15.0
6	PMVK	439.5
6	PNMA1	637.5
6	PNPLA8	373.5
6	POFUT2	183.5
6	POLB	562.5
6	POLQ	201.75
6	POLR2B	1685.25
6	PPCDC	172.0
6	PPIL1	583.75
6	PPP2R2B	133.5
6	PPP2R3A	120.5
6	PRPF31	597.5
6	PYGM	335.0
6	RAB40A	9.75
6	RABGGTA	642.5
6	RBBP6	5096.75
6	RBBP7	2756.0
6	RBX1	752.5
6	RCN1	600.0
6	RHBDD2	1401.5
6	RIPK2	201.25
6	RNASE6	9.0
6	RNASEH2B	2391.25
6	RNF183	9.25
6	RPL11	9060.25
6	RPL14	6801.0
6	RPS14	5172.75
6	RPS19	5223.0
6	SAMD4B	2697.5
6	SAP30BP	724.75
6	SDE2	2367.5
6	SEC24D	2403.75
6	SEC61G	177.0
6	SERPINB10	200.5
6	SETBP1	63.5
6	SFRP5	1.25
6	SGO2	444.25
6	SH2D7	2.25
6	SHC1	1906.25
6	SIRT4	6.75
6	SLC17A3	1.5
6	SLC20A2	543.0
6	SLC25A26	483.5
6	SLC2A8	38.0
6	SLC38A2	10246.25
6	SLC39A2	3.0
6	SLC4A9	4.0
6	SPATA3	1.5
6	SPDL1	989.75
6	SPECC1L	1236.75
6	SPINT1	83.75
6	SPTLC1	1168.0
6	SRP72	2782.75
6	STT3A	4283.5
6	SYBU	2.5
6	TACR1	48.25
6	TAF10	1742.0
6	TEF	95.0
6	TGFBI	25.25
6	TGM1	98.75
6	TIA1	2424.25
6	TLR1	145.5
6	TMED2	4510.0
6	TMEM14C	176.0
6	TMEM230	922.75
6	TMEM67	712.5
6	TMEM9	203.25
6	TMEM92	12.0
6	TMEM98	180.75
6	TNPO2	6955.5
6	TOR1AIP1	2180.5
6	TPD52	1089.5
6	TPM2	572.0
6	TRAPPC12	636.0
6	TSPAN16	3.25
6	UBAP2	6686.0
6	UBL3	634.25
6	UBR1	1600.25
6	UBR7	625.0
6	ULBP2	6.0
6	USP25	1533.75
6	UTP23	418.0
6	WDR37	881.75
6	WDR91	825.75
6	YJEFN3	250.0
6	YPEL2	782.0
6	YPEL5	2268.75
6	ZAP70	3819.25
6	ZBTB18	459.25
6	ZC3H4	1443.75
6	ZCCHC8	1844.75
6	ZDHHC14	262.25
6	ZDHHC2	833.25
6	ZFAND2B	505.25
6	ZKSCAN1	5987.0
6	ZNF18	214.75
6	ZNF224	470.25
6	ZNF302	390.75
6	ZNF319	490.25
6	ZNF326	1445.25
6	ZNF33A	761.5
6	ZNF391	412.5
6	ZNF395	1952.25
6	ZNF396	416.25
6	ZNF564	243.75
6	ZNF689	261.5
6	ZNF720	364.75
6	ZNF749	121.75
6	ZNF75D	225.5
6	ZNF792	218.0
6	ZSCAN5A	218.5
7	ACVR1	552.5
7	ADAM17	1820.5
7	ADRM1	1947.5
7	AFF1	4759.25
7	AFF4	3690.75
7	AFG3L2	756.5
7	AGFG1	5271.0
7	ALG5	201.25
7	ANXA2	1739.5
7	APOE	184.25
7	ARG1	126.5
7	ARSG	1103.25
7	ASB15	14.5
7	ATAD5	1171.5
7	ATF7IP2	729.5
7	B3GNT5	2199.0
7	B4GALNT3	81.5
7	BCL2L15	995.0
7	BLOC1S2	647.25
7	BRDT	97.5
7	BSDC1	1550.5
7	BUD31	657.5
7	C12orf29	569.25
7	C17orf78	5.5
7	C1orf194	3.5
7	CAB39L	48.5
7	CABYR	159.0
7	CAMK4	7156.25
7	CATIP	357.25
7	CATSPERB	281.75
7	CCDC141	821.25
7	CCDC47	2507.25
7	CCDC91	2234.5
7	CCDC92	1044.5
7	CCL27	93.75
7	CD164	5467.25
7	CD72	83.25
7	CDK16	1558.75
7	CDKN2C	16.75
7	CECR2	155.0
7	CLOCK	1085.75
7	CLVS1	93.0
7	CMSS1	1999.0
7	CNOT7	2493.0
7	COLQ	186.75
7	CPNE2	168.5
7	CRB1	19.75
7	CRK	559.5
7	CSRNP2	668.75
7	CYB561A3	913.75
7	DAAM1	802.75
7	DGKB	184.5
7	DGKZ	1511.25
7	DHRS3	798.75
7	DHX58	151.25
7	DIDO1	5169.5
7	DIO1	18.5
7	DNAJC14	1179.5
7	DNAJC15	749.75
7	DNAJC18	481.25
7	DOK4	84.0
7	DONSON	445.25
7	ECT2	612.25
7	EGR2	5327.0
7	EIF2B3	556.0
7	EIF4A2	13987.0
7	ELAC2	1791.75
7	ENO3	316.0
7	ERICH4	5.0
7	ETS2	868.25
7	EVI2B	4519.25
7	FAM53C	1779.25
7	FBXL19	310.0
7	FEM1A	1865.5
7	FGFBP2	5.5
7	FGR	33.5
7	FIG4	151.25
7	FKRP	350.5
7	FLG2	35.5
7	FLI1	2458.75
7	FNDC9	189.25
7	FOXJ3	8306.75
7	FOXO3	1218.75
7	FYCO1	940.25
7	G2E3	457.25
7	GABARAP	478.5
7	GADD45G	5.75
7	GHRL	180.75
7	GLRX	1059.75
7	GLRX5	206.75
7	GPR15	133.5
7	GSAP	246.0
7	GSPT1	3855.0
7	GTF3C6	465.25
7	HACE1	443.75
7	HOXB6	2.75
7	HSPA1B	400.75
7	HSPBP1	419.0
7	HYDIN	40.5
7	IGFL4	115.5
7	IL1RL2	10.5
7	IPO11	1394.25
7	IRF2	1552.75
7	IRF6	101.5
7	KAT5	541.75
7	KDM7A	2446.5
7	KLHL5	576.0
7	KPNA2	873.0
7	LAMA4	71.5
7	LEFTY1	9.25
7	LENEP	9.0
7	LGALS9	1011.0
7	LIMS1	1948.75
7	LINS1	1362.75
7	LMO2	21.0
7	LRBA	4059.5
7	LTA	14565.5
7	LTB	2502.75
7	LTBP4	1353.75
7	LY96	7.0
7	MAGEF1	202.25
7	MAP2K5	740.25
7	MAPKAPK3	2110.25
7	MBD1	2581.0
7	MBD2	2246.75
7	MITF	50.5
7	MPHOSPH9	1050.0
7	MRPL24	656.75
7	MRPL3	2711.5
7	MS4A1	6.5
7	MS4A6A	116.75
7	MTMR1	1408.5
7	MTMR4	1370.0
7	NBPF1	532.75
7	NCAPG2	926.5
7	NCBP3	2481.25
7	NCDN	1128.75
7	NDUFAF4	251.5
7	NEK8	262.0
7	NINJ2	96.0
7	NME9	174.0
7	NNMT	23.0
7	NPAS3	46.0
7	NPR2	92.25
7	NPTX2	1.5
7	NRSN2	71.75
7	NRXN1	93.0
7	NSUN6	391.0
7	NUBPL	919.5
7	OR1L8	14.25
7	OR4Q3	21.25
7	PARP10	173.0
7	PBLD	323.25
7	PDE8B	29.75
7	PEA15	2002.0
7	PEX26	5867.5
7	PFKFB2	306.75
7	PHF1	1129.0
7	PLOD3	430.5
7	PPIA	13482.75
7	PRMT9	221.25
7	PRPF19	1858.5
7	PRRC2B	4435.5
7	PSMD5	936.25
7	PSRC1	8.25
7	RAB36	143.75
7	RAB5B	2230.25
7	RALGAPB	3280.75
7	RASAL1	34.25
7	RASSF5	5304.0
7	RGS13	19.25
7	RHOBTB3	464.75
7	RINL	973.75
7	RIOK3	2127.5
7	RNF6	894.75
7	RSRC1	718.0
7	RUBCN	3310.75
7	RXFP4	52.5
7	S100A12	0.75
7	S100A2	2.0
7	SAMD4A	281.75
7	SCAI	2333.25
7	SCN2B	66.75
7	SEC22C	951.0
7	SEH1L	7571.0
7	SEMA4B	289.0
7	SGPL1	3915.5
7	SHQ1	843.5
7	SIKE1	790.25
7	SKIL	1969.25
7	SLC17A5	292.0
7	SLC17A7	55.75
7	SLC27A3	46.75
7	SLC29A3	173.0
7	SLC35C2	1025.0
7	SLC39A14	1024.0
7	SMIM3	99.0
7	SMIM8	351.25
7	SMPD1	446.75
7	SNX16	68.5
7	SORBS2	103.75
7	SPATA25	6.25
7	SPINK2	1.5
7	STAMBP	439.5
7	STARD3NL	419.5
7	STK31	155.5
7	STX16	4382.5
7	SUCLG1	1203.25
7	SUPT16H	4260.5
7	SYNPO2L	72.5
7	TAF7	1600.25
7	TAOK2	716.5
7	TBK1	342.75
7	TCF4	851.75
7	TEX10	844.0
7	THG1L	452.0
7	TM2D1	817.75
7	TMA16	678.0
7	TMEM241	490.25
7	TMEM38B	222.0
7	TMEM52B	107.0
7	TNNT3	55.25
7	TRABD	1560.75
7	TRIM34	170.75
7	TSHR	313.75
7	TTC21B	923.5
7	TXK	1004.5
7	UBE2E3	445.25
7	UCHL3	91.75
7	UMODL1	0.5
7	UST	413.5
7	VEZF1	2920.5
7	VPS26A	507.25
7	VPS4B	2845.25
7	WHAMM	1777.25
7	WNT10A	38.25
7	WRAP53	195.0
7	YIPF7	1.25
7	YTHDF2	1039.75
7	ZBP1	528.0
7	ZC3H15	1792.75
7	ZC4H2	598.0
7	ZFAND4	659.75
7	ZNF227	301.25
7	ZNF337	424.25
7	ZNF567	447.0
7	ZNF681	493.0
7	ZNF705A	2.75
7	ZNRF1	393.25
7	ZXDB	671.75
8	ABCA10	36.75
8	ABCC11	55.5
8	ABR	2579.0
8	ACAA1	573.75
8	ADGRG1	331.25
8	AKAP8	2540.75
8	ANKRD11	11882.0
8	ANKRD44	7751.25
8	ANKRD61	82.25
8	API5	6112.0
8	AREG	30.75
8	ARMC4	9.5
8	ATAD2B	1206.5
8	ATOX1	331.5
8	ATP23	162.25
8	BBS4	330.75
8	BCS1L	457.0
8	BEST1	461.5
8	BFSP1	12.0
8	BTBD11	350.75
8	BTF3	1231.75
8	BUB1	525.5
8	C12orf57	475.5
8	C1GALT1C1	90.75
8	CAAP1	496.75
8	CALCOCO1	2369.5
8	CAPRIN2	589.5
8	CARD11	1330.25
8	CARNS1	264.25
8	CBR3	66.0
8	CCDC106	19.25
8	CCDC146	82.0
8	CCDC68	0.5
8	CD38	947.0
8	CDHR4	113.5
8	CDK8	571.75
8	CEACAM1	552.75
8	CEACAM6	2.5
8	CEP170	1289.5
8	CHTOP	4719.75
8	CIDEB	1069.0
8	CLDN12	116.25
8	COL19A1	88.75
8	COPB2	2690.75
8	CPNE1	2968.5
8	CRIP3	6.75
8	CSK	2043.5
8	CTBS	594.75
8	CXXC5	190.0
8	DCAKD	990.0
8	DCUN1D4	1153.5
8	DDX10	1850.25
8	DDX19A	2897.0
8	DHX8	1304.5
8	DLD	1432.25
8	DNAJC6	113.25
8	DOCK8	5536.5
8	DOK3	78.0
8	DPP9	1581.5
8	ENPP2	42.5
8	EPB41L1	5.25
8	ERI3	313.0
8	ESRRA	467.75
8	ETHE1	174.25
8	FAAH2	384.75
8	FAM221B	140.75
8	FBXL14	582.5
8	FBXO7	1825.75
8	FCGR2A	58.0
8	FKBP14	671.75
8	FOPNL	1253.5
8	FOSB	868.25
8	FUZ	71.5
8	GDF10	2.25
8	GLCE	217.25
8	GNPDA2	502.0
8	GOT1	323.0
8	GRPEL1	1219.5
8	GZMA	347.0
8	HEATR5A	493.0
8	HFE	521.25
8	HILPDA	199.0
8	HLA-F	1711.25
8	HMGA1	18468.5
8	HOXA10	0.5
8	HS3ST3B1	605.5
8	HSD17B14	11.5
8	IFI6	281.25
8	IL1B	19.0
8	IL2RG	12054.5
8	IQCA1	2.75
8	ITM2A	1199.5
8	KBTBD4	338.5
8	KCNIP2	42.25
8	KLRG1	686.0
8	KMT2A	17277.0
8	LAIR1	1322.5
8	LAMTOR5	960.75
8	LARP4B	4177.5
8	LRP4	6.0
8	LRRC8C	4490.0
8	LYZ	3409.75
8	MAGOHB	165.75
8	MAP3K6	39.0
8	MAST4	1317.5
8	MATN1	52.25
8	MATR3	9177.75
8	MED12	3273.0
8	MRPL17	1086.0
8	MS4A3	3.0
8	MTOR	2551.25
8	MTPAP	1653.0
8	MTPN	1514.25
8	MTURN	411.5
8	MYBL1	393.0
8	MYCL	5.75
8	MYOZ2	2.0
8	NDEL1	1625.25
8	NEDD4	567.75
8	NFIL3	479.75
8	NLRP3	87.25
8	NOCT	1318.5
8	NOP2	665.5
8	NPHP3	1714.25
8	NR6A1	251.0
8	OGT	24942.0
8	OR1J1	7.25
8	OR3A3	82.75
8	OXR1	373.5
8	PARP6	1706.0
8	PBXIP1	1215.5
8	PDZD9	218.75
8	PDZK1	94.75
8	PELP1	1794.0
8	PFAS	1931.0
8	PHOSPHO1	41.25
8	PIGS	1236.0
8	PNRC1	4701.0
8	POLD2	1649.5
8	POU2F1	2317.5
8	PPM1G	3614.25
8	PPP1CB	4802.75
8	PRND	178.5
8	PSD4	12652.0
8	QSOX1	343.75
8	RABGGTB	3657.0
8	RAG1	1.75
8	RBM4	1911.75
8	RBMS2	696.0
8	RIBC1	37.75
8	RMDN2	63.5
8	RNF7	590.0
8	RPL26L1	345.0
8	RWDD3	48.75
8	S100A9	4.75
8	SDCCAG8	1353.75
8	SEC11A	1432.5
8	SECISBP2L	617.75
8	SEMA4C	631.75
8	SGF29	1029.5
8	SIRT1	843.5
8	SLC17A9	261.25
8	SLC20A1	1689.75
8	SLC22A9	76.0
8	SLC37A3	1088.25
8	SLC39A8	554.5
8	SLC5A9	4.5
8	SMARCB1	1909.25
8	SMG1	13068.0
8	SNX6	957.0
8	SP6	5.5
8	SPDYA	47.75
8	SPPL2A	2890.25
8	SSR1	3734.75
8	SUCO	543.25
8	SUN2	2746.5
8	SUPV3L1	1820.5
8	TAF1A	407.0
8	TAF2	1797.5
8	TAGLN3	4.0
8	TCEANC2	2713.25
8	TEX15	26.75
8	TEX38	88.0
8	TFRC	6194.75
8	THEM5	63.75
8	TIRAP	463.25
8	TMEM106A	883.25
8	TMEM128	98.25
8	TMEM14B	768.0
8	TMEM161A	382.25
8	TMEM183A	1604.5
8	TMEM216	189.25
8	TNFSF13	56.25
8	TNFSF8	4737.0
8	TNIP3	1266.75
8	TRAF3IP2	1157.5
8	TSC22D3	2880.5
8	TTBK2	608.5
8	UPK2	10.0
8	UQCRHL	154.25
8	USP11	822.75
8	VCP	5848.25
8	WDR18	311.0
8	WEE2	4.0
8	WFDC3	4.75
8	WNT8B	13.25
8	XBP1	656.75
8	YARS2	271.0
8	YBX1	57087.0
8	ZBTB2	541.0
8	ZC3H12D	4225.5
8	ZMAT2	982.5
8	ZNF235	107.75
8	ZNF25	244.75
8	ZNF628	113.0
8	ZNF646	761.5
8	ZNF668	169.75
8	ZNF684	155.5
9	ACOT9	1000.0
9	ADARB1	1948.75
9	AHI1	599.5
9	AK1	76.25
9	AKIRIN2	640.0
9	ANKRD23	71.0
9	C12orf4	764.75
9	C15orf41	533.25
9	C19orf12	646.5
9	C1orf61	335.25
9	C22orf39	1687.5
9	C3AR1	59.5
9	C3orf20	9.5
9	C4orf45	1.25
9	CACNA1D	326.0
9	CD300A	154.0
9	CD9	4.5
9	CD96	3771.75
9	CDC42SE2	7620.25
9	CDC73	2902.5
9	CDH16	2.5
9	CGREF1	72.75
9	CHEK2	1107.75
9	CHUK	533.25
9	COG3	1156.25
9	COQ10A	531.75
9	CSMD2	86.0
9	CXCL17	5.5
9	DCAF13	1270.25
9	DCN	133.25
9	DDX58	355.5
9	DEDD	902.0
9	DICER1	9749.0
9	DNAH1	2079.75
9	DNAJA4	870.25
9	EDRF1	835.75
9	EHD1	1325.5
9	EMP1	276.5
9	EXOC3L1	2.0
9	EYA3	2407.5
9	EYS	939.25
9	FAM102B	723.5
9	FAM110D	132.75
9	FAM131A	299.75
9	FEM1B	1945.0
9	FOXD2	18.5
9	GLIPR1L2	316.5
9	GLRX3	960.75
9	GLUL	545.25
9	GNB5	1175.0
9	GPR171	696.5
9	HDAC4	667.0
9	HIPK3	2671.5
9	HLA-DQA1	2514.5
9	HNRNPA2B1	57022.0
9	HNRNPL	1879.75
9	HNRNPU	46714.25
9	IGSF11	41.75
9	IL36A	1.25
9	INO80D	2564.5
9	JRKL	196.5
9	KDM2A	4071.75
9	LITAF	3350.75
9	LRRN4CL	110.25
9	LSM5	239.25
9	MAPK7	379.75
9	MGAT5B	11.5
9	MLPH	109.25
9	MRPL4	1866.75
9	MRPL42	2106.25
9	MRPS28	248.5
9	MS4A2	167.5
9	MTERF1	1213.25
9	MTIF3	145.5
9	MYH9	13547.75
9	NAV2	84.5
9	NBAS	1202.25
9	NFATC1	2047.75
9	NLRP1	7613.0
9	NMD3	1122.25
9	NPL	106.0
9	NPRL2	489.0
9	NUCB1	925.0
9	OR2AG2	92.5
9	OR52M1	11.25
9	PAIP2B	162.25
9	PCDHGA9	21.5
9	PCDHGB3	18.25
9	PCSK6	223.25
9	PDE12	3872.5
9	PHB2	3476.25
9	PHF21A	2498.75
9	PKIA	289.25
9	PLAGL1	567.25
9	PNN	5071.5
9	PPP1R11	1812.75
9	PRLR	12.0
9	PROX2	41.75
9	PROZ	1.0
9	PSTK	357.5
9	PUM1	4298.25
9	RAD51C	1359.0
9	RAMP3	3.75
9	RFT1	1223.75
9	RNF224	6.5
9	RPL27A	5895.5
9	RPL37A	6560.0
9	RPS6	18709.0
9	RRM1	2726.25
9	RSBN1L	2042.75
9	RSPRY1	512.75
9	RUNX1T1	27.75
9	SAP30	39.5
9	SH2B1	390.0
9	SLC25A46	1454.75
9	SLC36A1	483.5
9	SLK	2599.0
9	SNX14	239.25
9	SORBS1	64.5
9	SPCS3	2069.5
9	STAU1	2688.0
9	STX6	909.5
9	SUPT20H	3069.75
9	SYS1	846.75
9	SYT1	7.5
9	TAF13	156.5
9	TAF7L	6.75
9	TBC1D24	922.5
9	TCP11L2	2214.0
9	TIGD3	5.25
9	TJP2	450.25
9	TLE6	4.0
9	TRAF2	792.5
9	TRAPPC9	1114.5
9	TTC12	215.75
9	UBLCP1	1637.25
9	UFM1	1231.5
9	VAMP8	198.25
9	VTI1A	1491.75
9	WDR25	91.75
9	WDR53	216.75
9	ZDHHC9	1062.25
9	ZFP90	1596.25
9	ZKSCAN3	766.75
9	ZNF318	671.0
9	ZNF451	2260.75
9	ZNF518A	329.25
9	ZNF575	76.75
9	ZNF580	571.0
9	ZNF599	238.75
9	ZNF619	321.0
9	ZNF718	293.0
9	ZSCAN32	417.5
10	AAK1	6141.0
10	ACVR1C	243.5
10	AKR1C3	6.75
10	ANXA2R	295.25
10	ASPH	1034.25
10	B3GALT2	136.0
10	B4GALNT1	26.25
10	BAG3	530.25
10	BCAS2	1088.25
10	BCKDHA	145.75
10	BCL7B	1138.5
10	BDP1	3254.5
10	C1RL	452.25
10	C6orf136	248.75
10	CD109	894.75
10	CD53	2783.75
10	CD99	1515.25
10	CDK19	324.25
10	CFI	432.25
10	CMC1	233.0
10	CNN3	23.75
10	COPZ1	647.5
10	COX7A2L	371.0
10	CPA3	12.25
10	CTAGE1	4.0
10	CTSK	145.75
10	CXorf21	89.75
10	CXXC1	853.0
10	DAP	681.0
10	DCTN2	1104.5
10	DDB2	1011.0
10	DDX27	1558.0
10	DHX36	1302.5
10	DSTN	405.75
10	DTD2	1155.0
10	DTX1	269.25
10	EMC7	1035.25
10	ENSA	3307.0
10	EXOSC3	1300.25
10	EXPH5	808.25
10	FABP2	113.0
10	FAM98B	1208.25
10	FNIP1	1520.5
10	FUCA1	125.0
10	FXYD5	6079.25
10	GATA2	207.5
10	GATA3	2155.0
10	GBA2	755.25
10	GLYR1	2037.0
10	GPN2	989.25
10	GPR182	25.75
10	HMGCR	1004.0
10	HNRNPD	14862.25
10	HNRNPF	7765.5
10	HSF2	227.5
10	IL26	15.75
10	IL5	401.0
10	IL9	1497.0
10	ITGB6	0.25
10	KAT6A	7691.0
10	KIF13A	103.75
10	KLHL20	575.0
10	LAMP3	1125.75
10	LAMTOR1	403.0
10	LYPLA2	1054.0
10	MAPK14	1523.25
10	MCCC1	917.5
10	METRNL	99.0
10	METTL5	882.25
10	MMADHC	1135.5
10	MOCS3	696.25
10	MROH8	33.75
10	MRVI1	6.5
10	MT1G	20.25
10	MYOM1	126.75
10	NAA50	3389.75
10	NOL3	88.25
10	NRCAM	27.75
10	NRDE2	2039.25
10	NRXN3	127.25
10	NUMB	3052.75
10	NUP43	1776.25
10	NVL	1099.75
10	ORAI2	1640.0
10	PARN	1835.25
10	PAX8	136.75
10	PCDHGA1	42.5
10	PCDHGA11	17.0
10	PHC3	17864.75
10	PHF20	1274.25
10	PIK3C3	1902.5
10	PKN2	923.5
10	POT1	378.75
10	PPP4R2	1186.25
10	PSMC6	1404.75
10	PSMD14	2446.5
10	PSMD2	2503.75
10	PTPRO	15.5
10	RAB23	38.0
10	RAB29	733.25
10	RAD51D	1008.0
10	RARG	567.5
10	RASSF4	49.5
10	RNF144B	70.0
10	RPL29	2421.5
10	SCOC	205.5
10	SLC17A4	8.5
10	SLC4A8	557.5
10	SPATA20	155.0
10	SPATA4	3.0
10	SPICE1	260.5
10	SPRED2	372.75
10	SPSB1	428.0
10	SPTLC3	312.75
10	SREK1IP1	526.25
10	STAT5B	4271.0
10	STK11	401.5
10	STK40	1228.5
10	SUMF1	329.5
10	SUOX	511.25
10	TAF12	280.25
10	TAF4	736.5
10	TBC1D2	85.75
10	THNSL1	124.25
10	THRAP3	5674.75
10	TM9SF3	1198.0
10	TMEM168	1009.5
10	TMEM209	2306.25
10	TMEM88	198.25
10	TMEM99	2.0
10	TMUB2	2185.0
10	TNFSF15	169.0
10	TNKS1BP1	127.5
10	TOM1	889.25
10	TPT1	120070.25
10	TRIM13	1003.0
10	TRIM24	3311.75
10	TUBB1	68.75
10	TUFT1	393.0
10	TXNL1	2473.0
10	TXNRD1	1846.5
10	UBA3	3157.25
10	UBB	2854.25
10	UROS	384.5
10	USP47	1547.5
10	UTY	1242.5
10	ZACN	413.75
10	ZBTB26	175.75
10	ZFP30	467.0
10	ZNF138	327.5
10	ZNF157	328.75
10	ZNF268	977.75
10	ZNF501	56.75
10	ZNF614	452.25
10	ZNF680	152.25
10	ZNF747	394.75
10	ZRANB3	301.5
11	AASDH	83.75
11	ADAR	13712.5
11	AHNAK	18251.25
11	ASTL	13.75
11	BBX	1152.25
11	BORCS5	410.5
11	C18orf21	734.25
11	C2orf69	337.5
11	C3orf49	35.5
11	CACFD1	82.75
11	CALN1	79.75
11	CATSPERG	367.25
11	CCP110	1099.75
11	CCR7	5360.75
11	CD200	1146.75
11	CDC20	209.0
11	CDK13	3808.25
11	CEP162	86.5
11	CEP44	546.5
11	CFAP54	1402.25
11	CLN8	839.25
11	COMMD1	215.0
11	CROT	120.25
11	DAPP1	821.5
11	DCAF4	344.5
11	DDC	0.25
11	DEGS1	2239.0
11	DMC1	1423.25
11	DNAJB8	5.0
11	DNAJC12	51.75
11	DUSP19	674.5
11	EID2	90.75
11	EID2B	92.25
11	ELP2	1189.75
11	EMC9	119.75
11	ENKUR	4.75
11	EPGN	2.0
11	ERO1B	176.0
11	ETS1	28484.0
11	ETV5	31.75
11	FAM177B	6.0
11	FASLG	244.25
11	FASTKD2	518.25
11	FBXO15	363.5
11	FBXO43	191.0
11	FER	400.25
11	FMN1	1795.0
11	FSIP1	1.75
11	FYTTD1	1436.25
11	G3BP1	7862.5
11	GBE1	292.0
11	GJB2	55.75
11	GRB10	159.0
11	GTPBP8	537.75
11	GYS2	0.5
11	HDGF	1734.25
11	IFI44L	229.25
11	IFITM1	1011.75
11	IGSF6	317.5
11	IL2RA	17695.5
11	ILK	618.5
11	IQGAP2	3172.5
11	IRF1	6132.0
11	IRF9	2225.0
11	ITGA5	740.0
11	ITPR1	3258.75
11	IWS1	1568.0
11	KCTD21	368.0
11	KIAA0319L	2312.25
11	KLHL15	818.0
11	KLHL9	453.75
11	KRT10	42.75
11	KSR1	1962.0
11	LAP3	1522.5
11	LIMS2	168.25
11	LYSMD4	249.25
11	MBD5	1772.0
11	MBIP	811.5
11	MCM6	3807.0
11	MED28	1351.0
11	MED4	911.0
11	MLLT6	12935.25
11	MRPS21	1952.75
11	MUC16	37.5
11	NBL1	130.25
11	NCK1	347.75
11	NFAT5	4044.5
11	NFRKB	962.0
11	NFYA	1455.0
11	NGDN	744.5
11	NOX4	93.75
11	PARP8	2541.0
11	PCDHGA6	338.5
11	PCDHGB1	7.75
11	PCNP	2430.25
11	PDS5A	4558.75
11	PEX5	629.25
11	PHACTR1	229.0
11	PIGT	3581.5
11	PODNL1	59.75
11	PRKCD	460.75
11	PRR19	740.5
11	PRUNE2	11.0
11	PSMB5	914.5
11	PSMC4	1660.25
11	RAP2B	1988.25
11	RAPGEF5	9.5
11	RFX3	1178.5
11	RGS14	450.5
11	RIT1	721.5
11	RLF	686.0
11	RNF111	1076.75
11	RPL22L1	150.75
11	RPL24	4377.25
11	RPL27	5265.0
11	RPL6	23146.75
11	RUNX3	5459.5
11	RYR3	793.25
11	SELE	4.25
11	SERBP1	42077.75
11	SLC23A3	83.5
11	SLC30A4	1616.25
11	SLC35A2	337.5
11	SLC35A5	276.75
11	SLC38A6	537.75
11	SLC45A4	236.0
11	SMAD7	566.5
11	SNX18	549.25
11	SPTBN5	28.75
11	SRGAP3	716.75
11	STAG3	506.25
11	SUPT6H	5070.25
11	SYNPO2	118.75
11	TCEANC	190.75
11	TCTN3	628.25
11	TMEM243	559.75
11	TPM3	24717.0
11	TRIB2	1123.0
11	TTC32	200.5
11	TXN2	646.0
11	TXNDC15	1210.25
11	UBA5	1670.5
11	UBE2L6	2028.75
11	USP10	2761.25
11	USP3	3232.0
11	VSIG2	7.25
11	VTA1	1230.25
11	XXYLT1	212.75
11	YIPF4	3497.5
11	ZBTB6	537.75
11	ZHX2	1610.0
11	ZNF426	1048.75
11	ZNF621	1001.25
11	ZNF624	273.5
11	ZNF692	660.75
11	ZNF726	658.25
11	ZNF777	378.0
12	ACAA2	1402.25
12	ADAMTS8	3.75
12	ADPRM	117.25
12	ALG11	1456.5
12	ALG8	1014.75
12	ALOXE3	5.0
12	ANK2	0.75
12	ANKDD1A	898.5
12	ANKRD6	198.0
12	ANXA11	2283.75
12	APH1A	825.25
12	ATP6V0E1	1709.75
12	BATF	588.0
12	BLMH	779.5
12	BRPF3	1477.25
12	BTN2A1	603.0
12	BTNL8	5.75
12	BUB3	2701.25
12	C18orf25	2158.25
12	C1orf162	322.25
12	C2orf88	65.0
12	CAMK1G	3.75
12	CAMTA2	1745.5
12	CBR4	476.0
12	CCDC15	63.75
12	CCNG2	417.0
12	CCR6	298.5
12	CCRL2	40.0
12	CD160	214.0
12	CD55	5221.5
12	CD79A	12.0
12	CHMP3	868.0
12	CHN1	83.25
12	CHODL	16.0
12	CMPK2	130.0
12	CNTROB	526.5
12	COA6	317.5
12	CTHRC1	16.0
12	CTLA4	1617.75
12	CTSC	1179.0
12	DCDC2	74.75
12	DNHD1	1387.0
12	EDC3	960.5
12	EID1	5153.25
12	EPS8	305.75
12	ERGIC2	375.5
12	ERLIN1	1205.5
12	ERRFI1	135.75
12	FABP5	487.25
12	FERMT2	178.0
12	FGF7	14.75
12	GABARAPL2	566.0
12	GIT1	3045.5
12	GNL1	1136.25
12	GSTCD	523.25
12	GTSF1L	7.25
12	ICE1	2394.5
12	IGFBP3	21.5
12	IQCJ-SCHIP1	4.25
12	KLF12	1957.0
12	KLRD1	701.75
12	KMT2D	6442.75
12	LAPTM5	10701.0
12	LMBRD1	882.0
12	LMTK3	58.5
12	LY6G5B	952.75
12	LYPD5	1067.25
12	MDM1	256.75
12	METAP1	2524.25
12	MMRN1	5.5
12	MORF4L1	3921.5
12	MORF4L2	672.25
12	MOV10	1061.75
12	MTCH1	1286.75
12	NEB	417.75
12	NECAB1	54.25
12	NFYB	465.25
12	NFYC	1700.75
12	NLE1	628.75
12	NUDT2	219.75
12	NUTM1	12.5
12	ODC1	15027.75
12	PAIP2	1312.0
12	PLEKHM3	962.75
12	PPIG	2519.5
12	PPP3R1	852.75
12	PUS3	388.5
12	PVRIG	273.25
12	QTRT1	737.25
12	RAPGEFL1	260.75
12	RDH16	353.5
12	RIC8B	439.5
12	RMI2	435.0
12	RNASE10	25.0
12	RPL30	8526.25
12	RPS24	5260.75
12	RRP12	2000.75
12	RTTN	2727.25
12	SAR1A	4859.0
12	SCG3	93.5
12	SH3YL1	928.25
12	SIK2	1128.25
12	SLC44A3	1.25
12	SP1	5667.25
12	SPAG8	21.75
12	SPATA32	88.5
12	SPC25	1236.75
12	SSBP2	2446.25
12	STAT1	5044.25
12	STAT5A	3114.0
12	STMN1	523.0
12	SULT1E1	21.0
12	TACC3	2525.0
12	TEP1	1632.75
12	TG	47.75
12	TM2D3	1660.0
12	TMCO6	520.0
12	TMEM18	1618.75
12	TMEM184C	1141.75
12	TMEM63C	14.0
12	TPX2	207.25
12	TRAF7	720.5
12	TUBA1A	1024.75
12	UBTF	3714.75
12	UPP1	1195.75
12	VEGFA	1153.75
12	WDR26	4634.25
12	WDR33	1900.0
12	WTAP	2198.0
12	YTHDC1	14022.25
12	ZNF148	1223.75
12	ZNF175	716.75
12	ZNF207	10505.25
12	ZNF506	2692.75
12	ZNF577	305.5
13	ADNP2	1887.5
13	ALKBH1	183.0
13	AMMECR1	513.5
13	ANKS4B	401.5
13	AP1M2	4.0
13	ARAP1	1538.75
13	ATP13A1	1603.25
13	ATXN7L3	1304.5
13	B4GALT3	689.25
13	BLOC1S6	31199.0
13	C11orf1	329.0
13	C6orf89	1327.5
13	CDKL5	4410.5
13	CFAP36	766.75
13	CHORDC1	9541.25
13	CLEC3B	6.25
13	CNIH4	386.75
13	CSNK2A2	6113.25
13	CTDSPL2	1991.25
13	DCAF4L1	27.0
13	DCUN1D1	2290.25
13	DCUN1D5	439.5
13	DDX25	249.75
13	DEPDC5	2702.75
13	DERA	104.75
13	DLGAP1	46.75
13	DPF3	22.0
13	DUSP10	378.0
13	EBAG9	509.75
13	EEA1	913.5
13	EIF4G1	14498.0
13	EPB41	18583.25
13	EPHA4	423.5
13	EXOSC8	954.75
13	FAIM	384.25
13	GARNL3	139.5
13	GLG1	11445.75
13	GP5	57.25
13	GYG1	755.75
13	HDAC2	1429.0
13	HNRNPH2	894.75
13	HPS4	1501.0
13	HSD17B4	962.25
13	HTR1D	50.25
13	IER5	502.5
13	IL1RL1	53.25
13	KCNMB1	216.25
13	KIF21A	1971.0
13	LBHD1	598.5
13	LIMCH1	1.5
13	LRRN3	1536.5
13	LTV1	2589.0
13	LZTFL1	407.0
13	MRPL1	245.25
13	MRPS22	779.0
13	MSH5	1619.5
13	MTMR9	1125.5
13	MYBPC2	1.0
13	MYO5A	1996.25
13	NAA60	2509.75
13	NABP1	3350.75
13	NACA	8553.75
13	NAGK	1007.75
13	NCAPD3	1297.25
13	NDUFV2	1256.5
13	NEMP2	626.75
13	NOL7	4903.25
13	NRBP1	2942.0
13	NUP35	540.25
13	OAZ3	107.25
13	OSBP	817.25
13	PARS2	75.5
13	PCM1	7874.5
13	PCYOX1L	533.5
13	PDCL	505.75
13	PER1	2047.25
13	PEX2	544.5
13	PFKFB3	1307.75
13	PIK3IP1	2718.75
13	PIK3R5	2412.5
13	PLAT	213.75
13	PLEKHA1	2083.25
13	PLEKHO1	775.5
13	POMT1	536.25
13	PPP1R12B	1245.0
13	PPP1R15A	1706.25
13	PPRC1	3687.0
13	PPTC7	5015.0
13	PSMA6	2509.5
13	PXN	3727.75
13	RAB14	955.75
13	RAP2C	3043.0
13	RNASEL	289.75
13	RPL15	12810.25
13	RPLP1	8925.75
13	RPS29	2960.0
13	SATB2	155.25
13	SERPINI1	19.0
13	SF3B2	5929.25
13	SFMBT2	1774.5
13	SH2D6	37.25
13	SLAIN1	738.5
13	SLC37A1	434.0
13	SLC43A1	319.75
13	SLC43A3	8260.75
13	SMAD2	9499.5
13	SNRPG	301.25
13	SOGA3	3.75
13	SPIRE1	160.25
13	SPTAN1	11203.75
13	SUGT1	1078.0
13	SUMF2	1526.0
13	TAF1D	7146.25
13	THEM4	2406.5
13	TLE3	4100.75
13	TLK1	9040.5
13	TMEM126B	732.0
13	TMEM39A	1018.25
13	TRANK1	2279.75
13	TRAPPC3	258.75
13	TRIM39	497.25
13	TSN	1000.5
13	TTC39B	5020.75
13	TTC9C	389.25
13	UBC	8681.75
13	UBE2V1	5636.5
13	UBTD2	136.75
13	ULK4	331.0
13	USP54	654.25
13	ZCCHC7	1147.25
13	ZHX1-C8orf76	77.5
13	ZNF350	225.0
13	ZNF585A	894.5
13	ZNF691	164.0
13	ZNF789	820.0
13	ZNF800	2550.25
14	ABHD12	245.5
14	ACTA2	260.5
14	ADCY7	2006.25
14	AIM2	551.5
14	ALG9	643.25
14	ALKBH2	550.0
14	ATP13A3	4404.5
14	ATP7A	895.5
14	C1orf174	1514.5
14	C6orf226	13.75
14	C7orf61	21.0
14	C8orf37	201.25
14	CAPG	73.75
14	CBLL1	3804.25
14	CCDC80	183.75
14	CCL3	4627.0
14	CCNI	4186.75
14	CELA1	3.5
14	CFD	26.25
14	CHCHD5	234.75
14	CLN5	2352.5
14	COPE	1565.25
14	COPS3	1025.25
14	DHX30	2885.75
14	DMXL1	878.0
14	DTX4	9.75
14	EBLN2	991.25
14	EDEM1	4571.25
14	ELMO2	1308.0
14	ELMOD3	968.75
14	EML4	2960.75
14	ENTHD1	6.5
14	ESAM	38.25
14	ESR1	228.75
14	FOXO4	292.5
14	FRMD4B	593.25
14	GALK2	601.0
14	GAS7	107.25
14	GATB	274.5
14	GCLC	1525.75
14	GMPPA	777.0
14	GSS	1056.25
14	HECTD1	3084.0
14	HK1	2042.75
14	HNRNPM	8113.5
14	HTR3B	113.25
14	IKBKE	998.75
14	IL1A	84.75
14	ING1	389.0
14	INPP4A	3424.25
14	JTB	716.0
14	KLHL32	36.0
14	LECT2	9.5
14	LEO1	2863.5
14	LRRC28	401.25
14	LRRC66	3.25
14	MAGI2	550.75
14	MAP3K2	2701.5
14	MAU2	2545.25
14	MCL1	5294.75
14	MCM10	1628.25
14	ME2	7718.75
14	METTL1	372.0
14	MFF	585.5
14	MIP	6.25
14	MNDA	12.5
14	MORC2	1242.5
14	MPC1	149.0
14	NAF1	928.25
14	NRAS	2511.75
14	OR2V2	157.75
14	PDCD10	6193.0
14	PDLIM5	1032.75
14	PHF8	2833.5
14	PHGR1	7.5
14	PIWIL1	59.25
14	PMEPA1	87.0
14	PNO1	2066.5
14	PPIH	198.0
14	PREPL	2203.25
14	PRPF4B	5820.5
14	PRR34	55.25
14	PSEN1	1652.25
14	PTAR1	1637.0
14	PTP4A1	4330.25
14	PTPN22	1202.5
14	RABEPK	635.25
14	RAD1	927.5
14	RANBP2	3949.5
14	RARA	780.75
14	RBM7	1466.0
14	RIMS2	172.25
14	RNF20	1326.5
14	RPIA	542.25
14	RPS3	27392.5
14	SAMM50	1638.0
14	SEC11C	363.75
14	SECTM1	678.5
14	SETDB2	1140.0
14	SLC7A6	2647.25
14	SOX6	99.75
14	SSB	1699.5
14	STPG2	8.75
14	SUMO2	1669.25
14	SUMO4	44.25
14	TAF9	1065.75
14	TLCD1	100.25
14	TMEM220	390.25
14	TMEM59	770.75
14	TNF	20943.0
14	TNK2	70.5
14	TPP2	3841.25
14	TRAM1	2591.5
14	TRERF1	1660.75
14	ZG16	59.25
14	ZKSCAN8	1365.25
14	ZNF155	114.0
14	ZNF561	454.75
14	ZNF846	185.5
14	ZNF91	2555.75
15	ACOT7	1279.25
15	ACTB	55244.25
15	ACTR8	518.25
15	ANKFY1	2183.25
15	APTX	934.5
15	ARHGEF37	9.5
15	ATP6V0D2	119.0
15	BDH1	2259.75
15	BRF2	133.25
15	BTBD18	192.75
15	BZW1	4586.5
15	C1orf74	116.75
15	C3orf18	257.75
15	C7orf57	12.75
15	CCDC174	627.5
15	CD5	9881.25
15	CDKL1	330.75
15	CETP	141.75
15	CLDND1	8477.5
15	COPS5	1286.25
15	CTNNB1	5608.5
15	CX3CR1	48.75
15	CYSLTR2	97.75
15	DCAF8	1684.25
15	DDX5	19588.25
15	DIP2A	2843.75
15	DIS3L2	1296.25
15	DNAAF1	806.0
15	DNAJB13	95.25
15	DPEP2	938.5
15	DRD3	4.0
15	DUSP23	72.25
15	DZIP3	305.75
15	EPM2AIP1	604.25
15	EPN2	311.75
15	FANCD2	2178.5
15	FBXO42	461.0
15	FILIP1	104.0
15	FURIN	3485.25
15	G6PC2	7.5
15	GALNT4	752.25
15	GAR1	1651.25
15	HES7	9.5
15	HLA-DOA	255.5
15	HLA-DPB1	512.5
15	IL17D	50.75
15	IL21R	2002.5
15	IL5RA	72.5
15	KANK1	502.25
15	KIAA0040	1007.75
15	LNP1	50.5
15	LRRC47	815.75
15	MANSC1	1195.75
15	MAPKBP1	694.0
15	METTL9	976.5
15	MPPE1	1251.0
15	NDUFB6	618.5
15	NEDD9	1307.75
15	PAX5	56.5
15	PCDHB9	159.25
15	PFKM	787.75
15	PHF20L1	2808.0
15	POP4	641.5
15	PPP1R7	806.5
15	PSMA5	4374.0
15	PTGR2	824.5
15	PXYLP1	393.5
15	RAD51B	175.25
15	RCN3	12.25
15	RDH11	486.25
15	RNASE4	44.5
15	RNF2	1354.25
15	RPL28	17644.5
15	RPL7A	11013.0
15	SIRPG	971.25
15	SLAMF7	725.75
15	SLC26A8	444.0
15	SLC2A11	648.5
15	SMC4	1064.75
15	SPATA9	9.0
15	SPSB2	209.25
15	SPTBN1	12167.0
15	SPTSSB	1.5
15	SREK1	2947.0
15	STARD5	187.0
15	STK38L	378.5
15	SUN1	2405.75
15	TAPT1	1059.75
15	TARS2	1140.75
15	TBC1D10C	854.25
15	TBC1D15	1103.25
15	TESK2	146.5
15	TIGIT	745.5
15	TMEM179B	661.5
15	TMEM253	11.5
15	TNFSF10	671.0
15	TPPP2	2.75
15	TSC22D4	439.5
15	TTC7B	1216.5
15	TXNDC9	285.0
15	UBE2D1	246.5
15	UBE2E1	2252.25
15	USP16	1201.0
15	VIPAS39	454.75
15	WASL	340.75
15	WWP1	880.5
15	ZNF107	1087.5
15	ZNF181	127.75
15	ZNF616	307.0
15	ZNF638	2517.0
15	ZNF774	441.25
15	ZNF839	927.0
16	ACADVL	1629.25
16	ADRB2	60.5
16	AHNAK2	3.0
16	APC	900.0
16	ARAP3	60.75
16	ATP2A1	47.5
16	ATP2C1	955.5
16	CCDC7	228.0
16	CD101	116.25
16	CD63	1255.5
16	CEP57L1	238.5
16	CEP85	650.5
16	CNNM4	287.0
16	CNOT2	2271.75
16	CREB3L2	1971.25
16	DDR1	117.75
16	DIP2B	3250.75
16	DNAH7	162.25
16	DNM2	2362.25
16	DPY30	378.0
16	DUSP14	180.5
16	DYNC1I2	1718.25
16	EP300	6554.25
16	ERAP1	3026.0
16	ERV3-1	202.0
16	FAM118A	765.0
16	FAM162A	274.5
16	FAM168B	3408.0
16	FAM204A	1121.5
16	FBXL15	163.75
16	FES	34.75
16	FSD2	167.0
16	GLIPR1	292.25
16	GNB1	4864.25
16	GPC5	1.5
16	GPX8	65.25
16	HPX	110.75
16	HSP90B1	26489.75
16	IDNK	264.5
16	IFIT1B	3.0
16	KANSL1L	407.5
16	KCNMB3	105.0
16	KIF14	97.25
16	KIF27	234.25
16	KLHL31	10.5
16	KLRC4	4.5
16	LARP7	414.5
16	LMO7	1007.0
16	LONRF1	232.25
16	LRCH1	606.5
16	LUC7L	3983.0
16	LYSMD3	434.5
16	METTL14	266.75
16	MTA3	648.5
16	MYOF	1646.5
16	NOL11	1689.5
16	NOP10	884.25
16	NUP93	2463.75
16	OS9	1356.75
16	PACSIN2	529.25
16	PAFAH1B2	2652.5
16	PAFAH2	490.0
16	PAN3	2699.75
16	PGGT1B	1727.75
16	PIK3C2A	1247.25
16	PLCXD2	852.5
16	PNOC	4.75
16	POLR3A	2274.0
16	PPM1M	1154.75
16	PSMB6	811.75
16	QKI	5014.75
16	RASGRP3	2868.75
16	RPL17-C18orf32	116.0
16	RPL23	10614.5
16	RRH	5.5
16	RRP36	236.25
16	SCAF1	374.5
16	SELP	53.25
16	SF3B6	250.25
16	SGTB	1385.75
16	SLAMF1	1332.75
16	SLC23A2	1668.0
16	SLC47A1	638.5
16	SMCO3	5.75
16	SOS1	2225.75
16	SRA1	240.75
16	TEDDM1	45.5
16	THRA	1693.25
16	TMEM141	78.75
16	TMEM223	305.0
16	TMEM86A	86.75
16	TOB1	3752.75
16	TOX4	2213.75
16	TRIM14	3815.5
16	TRIM33	1923.25
16	TRPM7	1476.25
16	TSNAX	886.0
16	TUBGCP5	675.75
16	UBXN1	1018.75
16	VCPKMT	163.75
16	VHL	884.25
16	ZFP36L1	11265.0
16	ZNF793	2931.75
16	ZNFX1	2535.75
17	ABT1	295.5
17	AKAP8L	602.5
17	ARL5A	957.0
17	ARMCX3	933.0
17	BCL2L1	1270.0
17	CAST	2831.25
17	CBX3	2089.75
17	CBX5	9723.0
17	CCDC153	52.0
17	CD3E	10232.25
17	CLIP1	9147.0
17	COPG1	2543.0
17	COX17	320.75
17	DHRS7	770.75
17	DHX16	1388.25
17	DPP4	1362.5
17	EFHC1	276.0
17	EFR3A	1298.0
17	EREG	563.25
17	FAM214B	59.75
17	FASTKD1	367.0
17	GTF2E1	379.5
17	HLA-E	9821.25
17	HPS3	611.75
17	IFI44	231.0
17	IGIP	176.0
17	INTS2	1402.0
17	IQGAP3	2.25
17	IRF2BPL	231.0
17	KLHDC9	15.0
17	LIN54	1722.5
17	LUZP1	745.25
17	MAP3K1	2146.0
17	MAP3K7	1349.75
17	MPP7	561.25
17	NFIA	725.0
17	NHSL1	41.0
17	NPAT	4214.5
17	NTRK1	40.0
17	NXF1	4206.75
17	OR4K2	11.25
17	OR52K1	92.0
17	PGS1	1595.25
17	PIFO	3.25
17	PLSCR4	0.25
17	PPP6R2	608.25
17	PUM2	4877.5
17	RAD51	178.0
17	RBBP8	760.25
17	REXO2	432.0
17	SERP1	2997.25
17	SF3B1	14414.0
17	SH2D2A	2891.5
17	SH3BGRL3	18624.75
17	SLC35F5	846.75
17	SLC9A4	348.5
17	SMARCAD1	1513.75
17	SRPRB	2705.25
17	SRSF5	15831.0
17	SS18	2890.25
17	STRAP	1818.0
17	TAC4	195.0
17	TBP	2489.0
17	TMEM107	174.5
17	TTC26	535.25
17	USP12	1314.0
17	WRNIP1	716.75
17	ZRANB2	1441.0
17	ZSCAN31	23.75
18	ACSM3	78.0
18	AMPD2	410.75
18	ANK3	2788.25
18	APOH	10.5
18	ATG14	623.5
18	ATG4D	342.25
18	ATN1	3135.5
18	BBC3	23.25
18	BUD13	554.25
18	C15orf39	1697.5
18	CCPG1	2031.75
18	CD274	1564.5
18	CDIP1	525.0
18	CDK4	2197.0
18	CDKL2	8.0
18	CEP55	86.0
18	CETN3	97.25
18	CLASP1	3268.25
18	COPS7A	732.75
18	COX18	970.5
18	CUTA	459.0
18	DDX3Y	2233.25
18	DEPTOR	49.0
18	DNAJB4	135.0
18	DOCK9	1854.25
18	E2F4	1767.25
18	EFCAB2	452.75
18	EIF4G3	4249.5
18	F12	8.5
18	FBXL8	121.25
18	FBXO11	1389.0
18	GAB3	453.25
18	GPATCH4	6587.5
18	GPR65	373.25
18	GUF1	2241.5
18	HECA	2037.75
18	HLA-DMB	149.75
18	HOXA7	4.0
18	ICA1L	745.75
18	ICE2	4137.5
18	IGF1	226.0
18	IKZF4	861.75
18	IL19	2.5
18	KCNA2	104.75
18	KIFAP3	276.5
18	LBR	3157.5
18	LETMD1	1162.25
18	MBTPS1	2890.0
18	MLH3	589.25
18	MVB12B	107.25
18	MYL12A	1767.25
18	MYL6B	159.25
18	N4BP2L1	489.25
18	NFE2	9.25
18	NIN	5619.0
18	NNT	1433.75
18	NOL4L	5779.25
18	NT5DC4	3.25
18	ORC2	736.75
18	PCED1B	2724.0
18	PLEKHA8	341.0
18	PLSCR1	162.25
18	PMPCB	1135.25
18	PPP2R1B	1922.75
18	PRKCA	7724.5
18	PRRC2C	16379.25
18	PTMS	415.75
18	PYHIN1	1279.5
18	PYROXD1	1289.75
18	RAB28	308.5
18	RAB4A	263.5
18	RAD51AP1	194.75
18	RMDN1	738.5
18	RPS19BP1	594.5
18	RTKN2	613.25
18	SERF2	2495.75
18	SLC12A8	260.25
18	SOCS2	384.75
18	SPAG1	393.25
18	STAU2	536.75
18	STX3	300.0
18	TBC1D19	171.0
18	TES	1514.5
18	THOC7	195.75
18	TMBIM6	7447.5
18	TNFAIP3	18618.5
18	TOMM40L	511.0
18	TUBGCP6	2326.5
18	UBA52	5957.25
18	UBL7	951.5
18	UCHL5	2680.0
18	UVSSA	1779.0
18	WDR36	2118.0
18	ZFAT	532.75
18	ZSWIM1	1872.75
19	ACKR3	110.5
19	ADGRA3	814.75
19	AGBL3	94.0
19	APOBEC4	8.5
19	ARHGEF1	8851.0
19	C4orf36	79.75
19	C5orf34	36.0
19	C9orf64	856.75
19	CANX	38732.0
19	CCDC58	190.25
19	CCNY	2114.5
19	CD48	2008.75
19	CELF2	8059.0
19	CLIC1	2328.25
19	CLK1	1997.25
19	CMIP	1083.5
19	CP	68.5
19	DAZAP2	2872.0
19	DCTN1	1509.0
19	DDI2	5270.0
19	DHRS1	522.0
19	EIF5B	18548.0
19	EMB	3511.5
19	EMC2	181.75
19	FAM13A	10735.25
19	FAM32A	533.5
19	FAM3C	848.75
19	FCGRT	202.5
19	FMO5	239.75
19	FUT10	250.5
19	GLB1L3	405.0
19	GPR19	39.0
19	GXYLT1	376.25
19	HERPUD2	3365.0
19	HEXA	1077.25
19	HIVEP2	5555.75
19	HLA-DQA2	2.75
19	HRNR	26.0
19	INTS12	238.25
19	INTS3	2168.5
19	KCNJ9	150.25
19	LMOD3	219.5
19	LST1	106.75
19	MAP3K8	214.75
19	MGP	759.0
19	MTRNR2L4	5066.0
19	NDFIP2	1197.75
19	PCBP1	13489.75
19	PCCB	869.0
19	PECAM1	951.75
19	PHGDH	611.0
19	PLEKHB2	2408.75
19	PPP6R3	7668.75
19	PRKAR1A	5119.0
19	PRR13	2911.75
19	PXDC1	26.5
19	PYCR2	1782.0
19	R3HDM1	3435.75
19	RAB13	215.75
19	RABGAP1	798.0
19	RGS16	660.5
19	SH3BP5L	179.5
19	SLC7A8	264.0
19	SRP54	756.5
19	SUFU	709.75
19	SUV39H2	508.0
19	SVIL	1878.75
19	TNRC6A	2354.5
19	TOMM6	1383.75
19	TRMO	945.25
19	TRMT10C	747.75
19	TTC17	3999.0
19	UAP1	1958.75
19	UBA6	2190.25
19	UFC1	887.0
19	UROD	936.0
19	USP6NL	1948.25
19	WDR82	5382.0
19	XPO7	4884.5
19	YWHAG	5546.0
19	ZFYVE28	289.25
19	ZNF2	121.0
19	ZNF217	1379.25
19	ZNF292	4158.75
19	ZNF688	94.0
20	ACTR6	287.5
20	ADAMTS6	33.0
20	ANAPC10	93.25
20	ARF3	2554.5
20	ARMC8	1907.0
20	ASB13	104.25
20	ATP8B2	4447.5
20	BAG6	4628.5
20	CALM1	7368.5
20	CAMK2G	1531.5
20	CAPSL	1.5
20	CCDC155	11.75
20	CDV3	8073.0
20	CIPC	585.75
20	CLCN3	1264.25
20	CRTC3	4595.5
20	CTSB	1760.5
20	CYP27B1	250.25
20	DQX1	132.0
20	DST	1579.5
20	EIF4ENIF1	1060.0
20	EXOG	477.5
20	FBXO9	994.5
20	FLNB	1351.0
20	GAS2	7.75
20	GMNN	213.5
20	HECTD3	991.25
20	HIF1AN	2351.5
20	HKDC1	53.0
20	IFIT2	82.75
20	IL18R1	444.25
20	ING3	426.25
20	ISCU	619.75
20	ITM2B	2571.5
20	KCNA3	1603.25
20	KIZ	288.25
20	KLF7	2662.75
20	KLF9	953.75
20	L3MBTL3	1070.75
20	MAEA	974.75
20	MBP	2289.5
20	MED23	2209.0
20	MIA3	1959.5
20	MMEL1	95.0
20	MRPL33	154.75
20	MTAP	1615.5
20	MX1	1497.75
20	NAV1	802.0
20	NKAPL	6.0
20	NOD1	150.25
20	ORMDL3	829.75
20	PDGFRA	24.25
20	PINLYP	112.25
20	PITPNM2	739.75
20	PLAA	1294.5
20	PPFIBP2	137.0
20	PXK	1196.25
20	PYM1	407.25
20	RAB7A	14799.5
20	RABAC1	420.75
20	RABL6	1510.0
20	RFX8	8.0
20	RNPC3	2238.75
20	RPS11	16230.0
20	RRS1	566.5
20	SLC11A2	1904.75
20	SLC36A4	761.75
20	SMU1	2827.5
20	SPRTN	256.5
20	TBC1D1	1435.5
20	TDRD3	649.75
20	TMEM132A	93.5
20	TRAF3	3634.0
20	TUBA1B	40001.5
20	UBXN11	580.0
20	WBP1	957.5
20	ZC3H10	395.5
20	ZDHHC6	983.75
20	ZNF200	901.75
20	ZNF436	104.0
21	ADAT1	570.75
21	AGA	243.75
21	ALKBH3	177.5
21	AMIGO1	641.75
21	ARHGAP9	2610.5
21	ART3	491.25
21	C1orf105	1.75
21	CASP2	5591.75
21	CD247	2047.75
21	CNPPD1	986.5
21	COTL1	2777.25
21	DUS2	261.5
21	E2F5	696.25
21	ECHDC3	11.0
21	FAM24B	57.25
21	FAM76B	520.5
21	FBXL5	562.5
21	FUT8	1794.75
21	GALC	1207.0
21	HERC3	1984.5
21	HEXIM2	54.0
21	HLF	347.75
21	HNRNPH1	20557.75
21	HSPA8	31440.75
21	IFT57	327.5
21	IRGQ	2301.0
21	JADE1	1824.5
21	KLHL12	407.25
21	MAP3K12	2872.75
21	MDM4	12145.75
21	MSL3	2274.75
21	MTMR10	1418.25
21	NAP1L1	10801.0
21	NELL2	4895.5
21	OGG1	857.0
21	OR10J1	92.5
21	OXA1L	1297.0
21	PHF13	71.5
21	PJA2	1736.5
21	PLIN2	731.5
21	POR	351.5
21	PTGER4	1722.75
21	PUM3	1248.5
21	RALGPS1	271.0
21	RNF214	820.0
21	RPL37	11967.25
21	SEL1L3	651.5
21	SELPLG	5435.75
21	SIDT1	1701.0
21	SNAPIN	96.0
21	SRSF3	8767.25
21	SYNE3	1936.25
21	TM9SF1	329.75
21	TMEM263	2040.75
21	TNRC6B	5642.5
21	TRIM22	2626.25
21	TSPAN5	614.75
21	TSSK4	327.25
21	U2SURP	2671.25
21	VPS37C	292.0
21	WDR48	729.5
21	WNT5B	1.0
21	XIRP1	315.75
21	ZNF121	3759.5
21	ZNF432	603.25
22	ABL2	1947.25
22	AGPAT4	373.75
22	AHCYL2	844.5
22	ALDH4A1	62.75
22	ALDH8A1	105.75
22	AP4B1	956.5
22	ARMC5	570.0
22	BOD1	324.75
22	BTAF1	4198.25
22	CARD16	85.75
22	CBLB	2504.5
22	CDKN2AIPNL	289.25
22	CGN	28.0
22	CLECL1	77.5
22	CNPY3	1047.0
22	COQ7	133.0
22	CREBBP	7325.5
22	CTRL	86.0
22	DCP2	968.0
22	DLGAP5	64.0
22	ESM1	5.25
22	GBP1	2384.75
22	GJA10	8.75
22	GNPDA1	781.5
22	GOLGB1	2132.25
22	GSTA4	37.5
22	HINT3	559.5
22	HLA-G	3.5
22	HMGB2	1027.25
22	IGF2BP3	218.0
22	MBOAT4	33.75
22	MKKS	163.25
22	MYO1A	14.75
22	NBN	652.5
22	OARD1	774.75
22	PEX19	502.75
22	PGM1	368.25
22	PLB1	13.0
22	PSMB1	604.5
22	R3HDM2	5035.25
22	RAB8B	4019.5
22	RFX2	273.75
22	RHBDD1	666.75
22	RMND1	594.75
22	SAMD9	290.75
22	SERTAD2	1514.25
22	SLC25A44	3661.75
22	SLC38A1	10500.75
22	SLC4A5	415.0
22	SORT1	229.5
22	STK33	295.75
22	STX19	3.5
22	SUSD6	3659.75
22	SV2A	189.75
22	TCP1	8712.25
22	TGFB3	190.5
22	TMEM68	708.25
22	TRAF5	2998.75
22	TSTD1	318.5
22	UBXN4	1146.0
22	UQCRC2	2983.25
22	VOPP1	1747.25
22	WSCD1	3.75
22	YOD1	300.0
22	ZBTB11	1310.0
22	ZC3H12A	843.5
22	ZDHHC5	1223.5
23	AAAS	2411.0
23	ABCC1	2251.75
23	ART4	120.5
23	ASB2	135.25
23	ASB8	800.5
23	BCLAF1	10769.0
23	C7orf25	86.0
23	CCDC34	408.75
23	CD84	2153.0
23	CELF1	4989.75
23	CEP120	2785.5
23	CSTF1	1237.75
23	CUL2	986.75
23	DIAPH1	6861.25
23	DYRK2	7836.5
23	ECH1	2171.25
23	FAM102A	12412.75
23	FBLN7	838.75
23	GLB1L2	283.25
23	IL16	3291.25
23	IL27RA	2039.75
23	KLHL6	3796.25
23	LEMD2	891.25
23	LGALS8	5378.75
23	LIPC	119.0
23	LIX1	55.0
23	LPIN2	2071.75
23	MAP2K4	895.5
23	MR1	1027.5
23	MTRR	1570.0
23	NAT10	4291.5
23	NEURL3	14.25
23	NUP98	6298.0
23	PLEKHF1	99.25
23	SDCBP2	10.25
23	SGO1	429.0
23	SLC35B1	963.75
23	SLC38A9	218.75
23	SLC4A7	1238.5
23	SMC3	1357.5
23	SQSTM1	2039.75
23	TMEM14A	160.0
23	TMSB4X	3545.25
23	TNFRSF1B	4228.5
23	TPI1	3686.0
23	TRAF3IP3	3142.25
23	TRIM41	1514.25
23	WDR89	607.25
23	ZBTB39	1111.25
23	ZNF226	330.75
24	ABCA3	185.75
24	ACAP1	2491.75
24	AGAP2	1748.75
24	AKT3	1921.25
24	ANXA1	1605.5
24	ARHGEF6	4269.75
24	ARL6IP5	2069.0
24	ARRDC3	1620.0
24	BLM	491.5
24	C11orf54	517.5
24	CCDC90B	2346.5
24	CCNC	1995.75
24	CD3G	13559.5
24	CHD6	2711.25
24	DTHD1	63.75
24	EIF2AK3	126.5
24	GLA	434.25
24	GSG1	479.0
24	GTF2A1	5899.5
24	HLA-DQB1	735.75
24	HMGCS1	1623.0
24	IBTK	1320.0
24	INTS10	1294.0
24	INTS8	1556.5
24	KLRB1	365.0
24	LCP2	11966.0
24	LXN	70.5
24	MAPK6	1864.5
24	MKNK1	1291.75
24	N4BP2L2	2328.5
24	NEK9	1831.25
24	NLRC5	4222.25
24	NUP85	696.75
24	P2RY14	38.5
24	PIP5K1B	9.75
24	PISD	1029.25
24	PKD1L1	261.75
24	PRICKLE4	6.25
24	RALA	362.75
24	RANBP9	1914.25
24	RNF145	961.5
24	RPGRIP1	10.75
24	RPL41	63205.0
24	S100A4	228.5
24	SASH3	1628.0
24	SERPINB6	1130.5
24	SF3B4	1131.0
24	SLC25A25	415.25
24	SMCHD1	4188.25
24	SNX27	8557.75
24	SPRY1	558.75
24	TACC1	8159.0
24	TAOK3	1965.75
24	TBC1D23	636.75
24	TCF20	4386.0
24	THADA	2493.75
24	TNFSF4	43.25
24	TRAT1	3608.0
24	UBA1	8898.25
24	USP36	5529.0
24	ZNF345	642.5
25	ABHD10	1060.75
25	AHCYL1	2690.5
25	AJUBA	81.0
25	ATP11B	3542.0
25	C12orf73	334.0
25	CDK7	571.25
25	CRYBG3	163.25
25	CTNNAL1	30.5
25	CYTH1	6014.25
25	DENND4A	1368.5
25	DENND4B	5122.75
25	DNAJC5B	156.75
25	ECHDC1	1326.75
25	ELF2	2305.5
25	EPC1	2018.25
25	EPG5	1168.5
25	ESYT1	6408.75
25	FBXW7	2298.25
25	FCRL2	121.25
25	FGFBP3	60.25
25	FITM1	23.25
25	HBP1	3209.5
25	HDLBP	4996.25
25	HINFP	1713.75
25	HMGB1	3061.25
25	HOXB2	118.25
25	KATNBL1	808.5
25	LRIF1	318.0
25	LRRC23	23.0
25	LRTOMT	1349.75
25	MEF2D	5105.75
25	METTL6	313.0
25	MTMR11	20.75
25	NOG	98.0
25	PDLIM2	779.25
25	PRPSAP2	402.5
25	PSMD13	2750.5
25	RER1	1092.0
25	RFTN1	4654.5
25	RIPK3	379.5
25	RPS6KB2	1282.5
25	RRM2	748.25
25	SAMD13	5.0
25	SIDT2	1356.75
25	SP140L	2583.5
25	STAP1	56.0
25	SUDS3	697.0
25	SYNRG	2637.5
25	TGFBR2	4315.5
25	THAP2	264.0
25	TMPO	3683.75
25	TSPAN1	6.5
25	UBE3A	1412.25
25	VPS11	1793.5
25	ZEB1	2858.75
25	ZNF37A	2910.75
26	ACSL5	1340.0
26	AK9	622.0
26	ANTXR2	965.25
26	APOA2	6.0
26	B2M	6762.5
26	BCL9	2071.75
26	CIC	1601.5
26	CPED1	29.5
26	CRYGS	45.0
26	DDX23	1595.25
26	DENND2D	2027.25
26	GALNT7	909.75
26	GPA33	435.5
26	HEG1	543.5
26	HLA-DRA	286.5
26	IFRD1	867.5
26	IL6ST	16351.75
26	LRIG1	1165.25
26	MAPK1	5844.5
26	MGAT4A	1193.0
26	MIS18BP1	744.25
26	MPDU1	883.25
26	MRPL53	341.0
26	MTRNR2L6	248154.5
26	NDE1	1329.25
26	PAN2	1301.0
26	PCCA	1801.75
26	PHTF2	1070.75
26	PPP1R10	3933.5
26	PRDM8	252.0
26	PSMA7	2775.25
26	RSC1A1	212.5
26	SCML4	1846.75
26	SF1	9127.5
26	SIRPB1	154.5
26	SLC2A3	3630.5
26	STIL	271.75
26	TAPBPL	799.25
26	TAX1BP1	2117.0
26	TLR10	105.5
26	TMEM70	188.0
26	TOM1L2	540.0
26	TUT1	470.75
26	UBE2D3	40025.5
26	ZNF248	264.25
27	AFAP1	476.75
27	ALAD	790.25
27	BBIP1	1694.25
27	BSCL2	96.0
27	BTN1A1	3.5
27	CASP4	860.0
27	CCNB1	104.5
27	CFL1	2566.25
27	CRTAM	288.5
27	DEF6	1944.75
27	GCC2	2089.25
27	GPRC5B	39.25
27	HDDC2	781.5
27	ILF2	3438.5
27	INSL6	134.5
27	KIAA1109	2243.0
27	LDHA	23208.25
27	LNPEP	4684.5
27	MAP3K19	5.0
27	MEAF6	1027.75
27	MED15	4042.5
27	MGAT1	1035.5
27	MRO	127.5
27	MYNN	322.75
27	PRKRIP1	1094.75
27	SEC23B	997.25
27	SERINC3	4061.5
27	SERPINB1	438.75
27	SETD9	56.0
27	SLA	4581.5
27	SMNDC1	829.25
27	SSX2IP	125.5
27	TMEM63A	4258.25
27	TRAPPC8	724.0
27	TSPAN31	620.5
27	UBALD2	1698.5
27	XPO1	6244.5
27	ZBTB20	3644.25
27	ZNF385A	198.0
27	ZNF609	4011.0
27	ZNF782	236.25
27	ZNF831	394.0
28	ADSL	1223.0
28	AGFG2	3151.5
28	ARHGEF7	1922.25
28	C2orf42	357.5
28	C5	84.75
28	CCR2	95.75
28	CDC42EP3	960.75
28	CKAP2	316.5
28	COMMD3	176.0
28	COQ2	326.75
28	CSTF3	3142.25
28	DECR1	291.5
28	EIF4A1	5939.0
28	EIF4EBP3	22.25
28	EML3	894.5
28	EZH2	1717.25
28	FAM167B	0.75
28	HIVEP1	4278.75
28	HMBS	194.75
28	IKBKB	2406.25
28	IL10RB	579.5
28	IL24	626.5
28	KCNJ15	175.0
28	LSG1	1081.75
28	MAP3K9	540.75
28	METTL15	618.25
28	MMAA	661.0
28	NECAP1	1880.25
28	NET1	881.75
28	OSGEPL1	297.25
28	PCGF5	2388.5
28	PIGN	17267.25
28	PTPRE	848.25
28	RAD17	673.75
28	RBM27	1676.0
28	RPL26	833.0
28	RSPH3	602.0
28	SEL1L	4642.25
28	SIPA1L1	1940.5
28	SLC22A5	721.25
28	TAGAP	2172.75
28	TCERG1	6924.75
28	TMEM19	580.5
28	TOP2A	231.75
28	TOR3A	364.25
28	TTC23	141.25
28	ZC3H13	5074.25
28	ZFC3H1	4006.25
28	ZNF706	454.25
29	ATMIN	2029.75
29	C12orf10	767.5
29	C19orf57	53.5
29	C4orf3	774.75
29	CARNMT1	720.5
29	CASS4	316.25
29	CCNE1	143.0
29	CD47	5966.75
29	CH25H	4.0
29	CLIP4	1854.25
29	CXCR6	211.25
29	DDAH2	29.75
29	DTWD2	668.5
29	ERAL1	496.75
29	FAM234A	276.25
29	FAM78A	1670.5
29	FLAD1	722.5
29	GALM	798.5
29	GPCPD1	1034.0
29	GRAP2	3120.25
29	GRB2	3823.75
29	HNRNPUL1	12808.25
29	HOXC4	11.75
29	ICOS	8707.0
29	IFIT3	405.75
29	ITPKB	1561.75
29	KLHL3	895.0
29	LTN1	858.25
29	MAML3	140.75
29	MFSD6	1858.5
29	MLLT10	2032.75
29	MVP	1435.25
29	NDUFA5	424.75
29	NME1	1084.0
29	PIK3CB	933.5
29	PRR5L	478.25
29	PSMG1	615.5
29	RBM23	2361.75
29	RNF14	475.75
29	S100A11	3460.75
29	STK24	3181.25
29	SYNE1	3182.0
29	TDRKH	270.75
29	ZNF222	25.5
30	ALG14	787.75
30	CASP8	2632.75
30	CD28	9913.5
30	CTC1	1975.5
30	CTNND1	271.5
30	DAD1	1275.0
30	F5	6849.0
30	GAB2	296.75
30	GBP7	30.0
30	GNS	875.25
30	GPR84	4.0
30	ID3	72.5
30	ITPRIP	481.5
30	LTA4H	2188.75
30	MBD6	898.5
30	MOCS2	323.0
30	MPZ	157.25
30	NR4A3	608.5
30	NUDT4	6197.75
30	PHLDB2	258.25
30	PRKAG1	948.75
30	RAD18	680.25
30	RGS12	422.75
30	RPS12	7762.0
30	SARAF	7251.5
30	SNTB1	1105.25
30	STAT4	2237.0
30	TBCC	120.75
30	TNIK	1602.75
30	TTC1	1604.75
30	UBAP2L	9235.5
30	UEVLD	786.75
30	USP34	4110.75
31	BTLA	346.75
31	CCDC142	415.0
31	COA1	1913.25
31	COX20	1250.5
31	CUL3	1397.25
31	DCDC2B	100.0
31	FXR1	2808.25
31	GDPD5	622.75
31	IRF8	7023.75
31	KRR1	840.0
31	LEKR1	17.0
31	MBNL2	686.0
31	MYL12B	897.75
31	NDUFC1	81.5
31	NOL8	2638.0
31	NXPE3	879.75
31	PHF7	70.0
31	PI4KB	1277.75
31	PPIP5K2	1238.0
31	RAB27A	3037.75
31	RBMX	3167.5
31	RC3H2	2097.75
31	SH2D1A	385.75
31	SPINK4	8.75
31	STAT6	7684.75
31	TMF1	1177.0
31	TTN	18219.5
31	UGP2	1697.0
32	APBA2	802.75
32	BCAP29	422.0
32	BPNT1	1460.25
32	BRAF	2512.5
32	BRSK1	20.25
32	CDK6	17407.0
32	COL28A1	183.75
32	CSGALNACT2	804.5
32	EEF1A1	112645.25
32	EIF4E	3182.75
32	FBXL22	74.25
32	FGF11	52.75
32	FRS2	1308.75
32	GGCT	249.75
32	KMT2E	4852.75
32	MAN1B1	601.75
32	METTL21A	7701.5
32	NAP1L4	3178.75
32	NFATC2	8074.5
32	PDE7A	4088.0
32	PLEKHA2	2483.25
32	PRR7	25.75
32	RPL34	5250.25
32	SAMD3	575.25
32	SOD1	2272.25
32	SSRP1	5098.75
32	STK17A	1653.25
32	TAF4B	656.5
32	TMPRSS13	47.75
32	TTC24	4.5
32	USP33	3837.5
32	ZC3HAV1	6079.5
32	ZNF143	444.25
32	ZNF24	946.75
33	ADD1	3684.25
33	ATG9A	1521.0
33	BRD1	1632.0
33	C14orf28	8.25
33	CALD1	80.25
33	CHD3	23592.5
33	CNOT1	5543.5
33	EML2	1054.75
33	FH	588.5
33	HLA-DQB2	97.75
33	IKZF3	16682.0
33	KAT7	3177.5
33	KMO	58.25
33	LPAR6	619.5
33	MEST	253.0
33	MUCL1	0.5
33	NCOR1	6303.75
33	NT5C3A	262.25
33	PCBP2	12616.25
33	PDP1	1169.0
33	PIGV	103.25
33	RFX5	788.25
33	RGS2	327.5
33	RIMKLB	202.0
33	RNASEK	745.75
33	RPF1	1786.0
33	SEC14L1	876.5
33	SLC9B2	593.25
33	SP100	3286.75
33	TMED7	1237.75
33	TNFRSF1A	1810.0
33	TSHZ1	666.75
33	TUBD1	1217.75
33	USF1	214.25
33	UTRN	3685.25
33	VAMP1	1057.0
33	VPS13D	3430.5
33	ZMYM5	1387.5
34	ANP32E	14317.25
34	ARL6	115.25
34	ATAD1	1328.5
34	AXDND1	4.0
34	CEP350	2346.0
34	COQ10B	1269.75
34	DOCK11	729.25
34	DYNLT1	1252.5
34	EVI2A	817.25
34	EZR	6588.75
34	FBXO34	726.5
34	FHL1	250.0
34	HINT1	1475.25
34	IL6	23.25
34	ITK	8149.25
34	LIX1L	3649.0
34	MPZL3	1254.5
34	NCSTN	1109.5
34	NPC1	2817.25
34	NR1I3	240.75
34	OSBPL8	4134.0
34	OTUB2	203.25
34	PCNX4	1553.0
34	PDCD4	3564.5
34	PIK3CG	523.25
34	PPM1B	1878.0
34	PTPN4	1462.5
34	RNF43	1589.25
34	RPL23A	5800.25
34	RPS10-NUDT3	8305.25
34	RREB1	2791.5
34	SLFN13	811.0
34	SNAPC3	2717.75
34	ST7	281.75
35	ADIPOQ	164.5
35	CCDC125	1875.25
35	CLPTM1L	3937.0
35	CNNM3	628.25
35	CXCR5	1078.75
35	GPR22	47.25
35	HBS1L	1661.75
35	HTRA4	201.0
35	IKZF1	16666.5
35	LMBR1L	1226.25
35	MARK2	2195.75
35	MDC1	2179.75
35	MED24	904.5
35	MRPS33	546.5
35	RPS20	4294.0
35	TC2N	2477.75
35	TM2D2	420.75
35	TNFRSF10D	209.0
35	TRIM23	864.0
35	TRIM35	771.0
35	TSC22D2	1242.5
35	TSG101	1745.25
35	TSPAN14	3496.5
35	TUBB	23160.5
35	UTP14A	3024.25
36	ATP1A1	35459.75
36	BLCAP	1257.25
36	CCR4	3127.0
36	DNAJC7	4776.5
36	ETNK1	4012.25
36	HLA-DMA	179.25
36	IL1R2	157.75
36	INO80B	898.75
36	MECP2	1489.5
36	MICAL2	1707.0
36	MYC	7961.5
36	NDUFAF6	544.75
36	PHC1	3029.0
36	PIK3R1	4982.25
36	PPP1R21	553.0
36	PRELID3B	2255.25
36	RAD23B	4681.25
36	RORC	120.75
36	SENP3	736.5
36	SLC14A1	422.5
36	SMYD2	946.25
36	SPTY2D1	901.25
36	STAG2	2683.25
36	TFAM	2101.0
36	TMCO2	19.25
36	TMEM106B	1414.5
36	ZNF75A	566.0
37	AKAP5	789.25
37	CENPH	593.5
37	CGGBP1	1169.25
37	CUBN	486.5
37	HERC1	7983.75
37	HOXB4	30.0
37	HSD11B1	16.75
37	ITGB1	2912.0
37	MRPS18B	573.25
37	NDRG2	595.75
37	PHF12	3668.0
37	POLR2K	477.25
37	PRMT5	1456.25
37	PTPN2	2657.5
37	RCAN3	21623.0
37	SF3B5	303.75
37	SLC30A5	1713.0
37	SLU7	719.25
37	SPOP	2025.5
37	SRGN	2022.25
37	TBL1XR1	9895.75
37	TRABD2A	3360.25
37	UCP3	247.75
37	VIM	5958.5
38	AHSA1	2324.5
38	ALPK2	66.5
38	ANKHD1	3823.5
38	ATG16L1	1234.75
38	ATXN7L1	2279.5
38	BAG2	523.0
38	BDH2	90.0
38	BPGM	179.5
38	CCNT2	1957.25
38	CD200R1	368.75
38	CNOT6L	7363.25
38	DCTN4	1463.75
38	EIF5A	12733.25
38	EXTL2	48.25
38	GIMAP4	3454.25
38	HAX1	1526.5
38	KRT1	25.25
38	LRMP	671.25
38	MRPL37	1194.0
38	MTSS1	689.75
38	MTUS1	44.5
38	MX2	1129.5
38	NUP205	1613.5
38	PTPRC	30713.5
38	RGS1	897.75
38	RNF157	3204.5
38	RPP30	947.25
38	RPS26	4579.0
38	S100A10	1114.0
38	SIAE	852.25
38	TESPA1	3717.5
38	TET3	4906.5
38	TNRC6C	5537.75
39	ABCD2	209.75
39	CHMP4A	896.5
39	EMC3	479.75
39	ITPRIPL1	825.0
39	KDM8	156.0
39	LRRC8B	3359.75
39	PAM	444.0
39	PRRG2	3.0
39	PTK2B	2549.25
39	PTP4A2	3644.5
39	RAP1B	3617.25
39	RB1	570.25
39	RHOG	4061.75
39	RSU1	1582.0
39	SELL	4288.25
39	STXBP6	16.5
39	TMEM126A	363.0
40	ATP6V0A1	1405.25
40	C4BPB	804.25
40	CASP10	1189.5
40	CCDC89	10.25
40	CD40LG	4241.0
40	CYTIP	4884.25
40	EIF2A	1444.25
40	FUBP1	6161.5
40	G3BP2	4188.75
40	GMEB1	2026.0
40	PIK3C2B	1313.75
40	PLAC8	1389.75
40	PPHLN1	5641.75
40	RAB17	6.0
40	RIOK2	433.0
40	S100B	28.0
40	SH3RF3	58.75
40	SNAPC1	421.25
40	STRADA	1447.5
40	TCF7	11007.5
40	TSFM	144.25
40	TXNDC11	852.0
40	YWHAZ	10769.25
41	AP1AR	875.25
41	ARHGAP15	1290.5
41	CD226	4638.0
41	CPEB4	1352.25
41	GNG2	1444.5
41	GPR107	3580.5
41	IQGAP1	8474.0
41	MAML2	3282.0
41	NR3C1	1596.75
41	PATL2	403.75
41	POU2F2	9810.0
41	RAPH1	336.75
41	SESN1	282.0
41	SPG11	2235.25
41	TXNIP	11837.75
41	UCP2	6880.5
41	ZNF266	1060.5
41	ZNF821	42.0
42	ABHD2	2812.25
42	ANAPC15	1343.0
42	ATP2B1	1391.0
42	C21orf91	862.25
42	C4BPA	10.5
42	CD3D	2946.25
42	CSDE1	11024.0
42	EIF1B	96.75
42	ERP27	651.25
42	HAUS6	1069.75
42	KLF13	1704.75
42	MSL2	2816.75
42	OTUD4	5014.25
42	PAQR8	1236.0
42	PPP1R12A	3522.5
42	PTK2	1052.5
42	RBPJ	4806.75
42	RUFY3	262.0
42	TMEM139	23.5
42	VMP1	4013.75
42	VPS45	552.75
43	BRD2	9207.5
43	GATAD2A	14195.5
43	GPR174	1212.0
43	ID2	2022.0
43	ITGB7	3692.25
43	LANCL2	705.25
43	LPXN	1354.0
43	NEURL4	517.0
43	PDE4B	3511.0
43	PKM	16657.5
43	RASA1	872.0
43	RNF19A	2525.5
43	SEC23A	1217.5
43	SP140	1776.5
43	TOR2A	148.25
43	TRA2B	3938.75
43	UBE2F	824.5
44	ACSL6	941.0
44	ADTRP	442.0
44	ASXL1	3958.5
44	ATP2B4	2634.25
44	CACYBP	1830.0
44	DDX18	6613.75
44	DNAJB6	1928.75
44	EEF1E1	424.0
44	FAM184A	363.75
44	FAM71B	3.0
44	FAXDC2	444.5
44	FBXW2	4111.0
44	HMGN4	225.75
44	IFIH1	549.75
44	KCTD6	368.75
44	LCMT1	381.5
44	NOD2	262.75
44	PRCC	881.0
44	PRPF39	625.0
44	PSMD6	3579.75
44	RACK1	9912.0
44	RNF125	2745.0
44	RUNX1	4233.5
44	SC5D	438.0
44	SRSF7	4726.75
44	SSR3	1554.75
44	STIM2	3292.5
44	TRAPPC6B	224.5
44	UBR4	8145.0
44	ZBED4	742.25
44	ZNF397	2282.25
44	ZNRD1	472.0
45	ANKRD46	555.5
45	CCR5	391.0
45	CD69	3695.0
45	COPB1	2313.5
45	COPS4	564.0
45	DKK4	1.75
45	DPAGT1	885.5
45	GIMAP6	721.75
45	GOLGA1	427.0
45	IVNS1ABP	2903.5
45	KDSR	916.5
45	KIF2A	3356.75
45	ODF2L	1970.25
45	RABGAP1L	3402.0
45	SMARCAL1	831.5
45	SP110	6528.25
45	SPON2	270.5
45	SYTL3	1447.0
45	TET2	2531.25
45	TM7SF3	768.5
45	TMEM30A	605.75
45	TNIP1	4595.25
46	ANKRD12	2838.75
46	AP3M2	2043.25
46	ARGLU1	3322.5
46	BMI1	1017.75
46	C2CD5	1483.25
46	EGLN1	546.25
46	GBP4	4350.25
46	SPECC1	864.0
46	TBC1D7	237.75
46	ZBTB14	1953.5
46	ZNF219	107.25
47	AKAP7	524.25
47	ARID1B	6652.0
47	CCDC88C	3081.25
47	CCNB1IP1	588.25
47	ERCC1	713.0
47	HOMER2	232.25
47	MAPRE2	3238.25
47	MDP1	74.5
47	MLLT3	3435.75
47	MSMO1	1804.0
47	PPP2R5A	493.25
47	RBMS1	2790.0
47	SPATA5L1	227.0
47	SYNE2	9141.5
47	TMEM71	326.5
47	ZMAT3	962.0
48	CXCR4	8612.75
48	DCK	508.25
48	HERC4	3767.0
48	ITGA4	3865.75
48	KIAA1324L	104.75
48	MPZL2	546.25
48	PMM2	1437.5
48	RALY	1486.25
48	SENP6	2797.0
48	SESN3	4049.75
48	STPG1	429.75
48	SUN3	273.75
48	TMED10	2425.5
48	TMEM245	2435.5
48	TSC22D1	430.5
48	TTC39C	4781.25
48	USP49	800.75
49	ARID1A	12452.0
49	CKLF-CMTM1	25.75
49	JAK1	7274.5
49	NR4A2	1676.5
49	RSAD2	217.5
49	ZC3H7A	1220.75
50	AVIL	267.75
50	BTN3A3	1397.5
50	CEP85L	1908.5
50	CTDSP2	4665.75
50	GATAD2B	14871.0
50	GMPR2	1303.0
50	MAT2B	1336.0
50	MXD1	629.75
50	OTUD6B	1478.0
50	PFDN5	1802.0
50	PIH1D1	251.25
50	PITHD1	756.5
50	RBM39	6845.0
50	SART3	3865.25
50	SLAMF6	1991.5
50	SPEN	6561.75
51	BTN3A2	1677.5
51	COL17A1	28.0
51	EXO1	588.0
51	GBP2	7451.0
51	LRRFIP2	989.5
51	RBM17	1434.0
51	RNF144A	1407.25
51	RWDD1	1206.75
51	ST8SIA4	1597.0
51	TMED4	3558.25
51	TRIM69	1710.0
51	UXS1	1249.5
52	BAZ1A	4214.5
52	BTG2	5507.25
52	CDKL4	2.0
52	DLG2	34.5
52	GBP5	6802.75
52	GRK5	351.5
52	HNRNPK	20953.25
52	KCTD20	2186.25
52	LTB4R2	164.25
52	NFKB1	6663.75
52	PHF19	1080.25
52	PLXDC1	482.0
52	PMEL	201.75
52	SETD5	11738.25
52	WDR5B	332.5
53	AMZ2	1129.75
53	CEP70	108.75
53	FOS	1650.25
53	SH3BP5	1609.0
53	SLC33A1	159.5
53	STK17B	8933.0
53	TMEM140	858.5
53	TNFAIP8	1767.75
54	AP1G1	4830.5
54	C5orf58	70.25
54	CDKL3	68.75
54	CUL1	1693.75
54	EVL	4709.25
54	FCRL6	7.25
54	GNAQ	1342.5
54	MND1	112.25
54	PHF3	2254.5
54	RBM4B	881.5
54	SLC7A7	333.0
54	SLFN12	164.25
54	TMCO1	488.5
54	TRAPPC3L	93.75
55	ADNP	1315.25
55	ARHGAP25	4519.25
55	BCL11B	5429.5
55	CAPZB	1338.75
55	CARHSP1	1055.25
55	CORO1C	418.5
55	EMC4	2506.25
55	LCP1	21299.0
55	MFN1	451.75
55	NQO2	505.75
55	NUCB2	575.0
55	NUMA1	4719.0
55	SGK1	1278.25
55	SLC39A10	2665.0
55	SMARCA2	7030.25
56	ARHGAP5	898.0
56	ARMC12	5.25
56	CASP1	317.0
56	CDC14A	3845.25
56	LTB4R	731.0
56	MMACHC	779.25
56	MYCBP2	15290.25
56	PCF11	5545.0
56	RGS3	594.75
56	STAM	1182.5
56	TTK	82.75
57	ADD3	8211.5
57	PLCL1	281.5
57	POGZ	7487.75
57	PRKCQ	830.25
57	PSIP1	4518.5
57	PSMA1	1313.5
57	RASSF3	2098.75
57	SRSF11	7825.25
57	TLE4	2190.0
58	ARHGAP21	1468.25
58	BTN2A2	477.25
58	FNIP2	544.0
58	NFE2L2	2236.5
58	OXSM	96.25
58	PTPRK	249.75
58	REL	9642.0
59	ARID5B	7021.0
59	DDX39B	11465.75
59	ILF3	13214.0
59	RAPGEF6	2435.75
59	SEC31A	5075.25
59	SLC3A2	2811.25
59	WNK1	19520.75
59	ZNF384	3309.75
60	ABCG1	1156.5
60	ATP6V1G1	386.75
60	EEF1G	24422.5
60	IFI16	3264.25
60	LCLAT1	1837.75
60	NANS	670.0
60	RPA3	80.5
60	RTN2	15.5
60	SEMA4A	560.75
60	SIAH1	700.5
60	YPEL3	543.75
61	AP2B1	3628.75
61	BTN3A1	2976.25
61	CDC16	1427.75
61	CSNK1G3	940.5
61	MED7	143.5
61	TXLNB	26.25
62	IL18RAP	141.25
62	IPCEF1	1450.25
62	IST1	2320.5
62	RPL21	8444.75
62	SLC12A6	4784.5
62	SLFN14	10.75
62	ST6GAL1	5080.0
62	TRDMT1	1059.75
62	USP22	4811.5
63	ATXN7	13587.5
63	CD2	6794.25
63	CLASP2	2176.5
63	ERBIN	1729.5
63	FOXN2	1481.5
63	MAP4K4	5347.0
64	ARL2	630.5
64	BRWD1	2771.0
64	CHD7	4382.5
64	EED	2945.5
64	KCNJ1	53.75
64	RASGEF1B	1034.75
64	SLFN5	4502.25
64	SPAG16	85.25
65	EFCAB5	87.75
65	GAD1	18.5
65	MAN1C1	1451.0
65	PSMA3	2228.0
65	SIK3	2059.25
65	SNRK	2776.25
65	SORL1	8774.0
65	TMBIM1	2050.0
66	ALDH3A2	763.0
66	CHD2	11724.75
66	FCMR	7757.0
66	SAMSN1	2374.0
66	USP24	5706.25
66	ZNF559-ZNF177	59.25
67	ANKRD42	374.0
67	ARPP19	3337.75
67	ELF1	3459.5
67	FRYL	4956.25
67	TMEM109	1185.0
68	LETM2	297.5
68	RFFL	1573.25
68	ZNF230	460.25
69	ABLIM1	6742.75
69	INTS6	7115.5
69	OTULIN	3152.5
70	BTG1	2294.25
70	PDE4D	2370.0
70	SPATS2L	1209.5
70	ZFAND6	413.5
71	CLP1	141.5
71	GIMAP8	458.5
71	GPR183	4101.75
71	SLC16A7	2139.75
71	SRPK2	609.75
72	LYRM7	3170.0
72	MICAL3	2286.75
72	NEMF	1384.25
72	RAPGEF1	3387.75
73	ASAP1	5155.5
73	DNAH6	42.75
73	HIPK1	3918.75
73	RTN4	943.5
73	UBAC2	747.75
74	BCL6	1188.75
74	PMF1-BGLAP	17.0
74	SMAD3	4035.25
75	FAM13B	1112.0
76	DYRK1A	6252.5
76	MAT2A	7030.0
76	NUP107	1863.75
76	SFT2D1	278.0
77	PRIM2	464.5
77	RERE	3413.0
78	ATM	11059.5
78	CYFIP2	18356.25
78	INPP4B	11354.25
78	PABPC1	43780.75
78	PRKACB	1131.0
79	BCL2	10518.5
79	DMTF1	5178.5
80	BACH1	583.25
81	CCND2	42824.75
81	ERMN	135.25
81	GPBP1	2687.0
81	JMJD1C	2153.25
81	MAP3K7CL	53.5
81	TMPRSS3	197.0
82	MLH1	1029.75
82	MXI1	1340.0
82	NAB1	843.75
82	NCK2	3070.75
82	TIMM10B	709.5
83	DDX6	10221.5
83	SMG6	1210.75
85	ASCC1	567.5
85	CNDP2	2569.0
85	MCM3	1838.75
85	THEMIS	716.75
86	GIMAP2	2873.0
86	GIMAP5	3636.75
86	GIMAP7	1244.25
86	IFT74	411.0
86	P2RY8	2176.75
86	ZNF639	2188.0
87	FAM111A	1194.0
87	HIF1A	9895.75
88	CD6	4673.25
88	KBTBD2	1741.5
88	PEX11B	481.5
88	PPIL4	684.75
89	DOCK10	15149.5
90	RTCA	2636.5
91	MACF1	15347.0
92	CHD8	4085.25
92	HNRNPC	11548.25
92	PRDM2	3957.75
94	CCDC82	602.5
94	NCOA2	7704.25
94	PYGO2	576.75
94	SLFN12L	1283.0
94	TBCCD1	1266.5
95	EIF4G2	28704.0
95	RFC4	446.75
97	CYLD	5835.0
97	GPR18	551.25
97	NSMCE1	1461.5
97	SECISBP2	2354.0
97	UBE4A	5188.25
98	BIRC3	1957.25
98	NCOA7	2196.5
98	OSBPL3	1745.0
100	C8orf44-SGK3	6.0
100	LRRC8D	895.75
101	PPP2R5C	6367.25
102	CDK17	1277.5
102	CHI3L2	121.75
102	HNRNPUL2	3843.25
103	RHOH	3807.75
104	CFLAR	13142.0
104	ELMO1	5598.5
104	GLCCI1	1190.25
104	SH3GLB1	750.0
104	WIPF1	13873.25
105	M6PR	5677.75
106	ARAP2	1499.0
106	AZIN1	1140.25
106	CDHR3	330.5
106	HOXB3	162.0
106	IL7R	9067.5
107	ARHGEF3	5602.75
107	BNIP3L	461.5
108	ARID4A	919.5
108	EPB41L2	639.0
108	OSGEP	1203.25
108	TGIF1	536.0
109	DYNC1LI2	1093.25
109	PRDM1	13954.25
111	UBQLN1	7508.5
112	ARHGDIB	15178.25
112	KANSL1	9039.5
114	AKTIP	785.75
114	TWF2	340.25
115	ERAP2	3543.25
116	FOXN3	7711.75
116	SMAD4	4206.25
117	AFTPH	2607.25
117	MSANTD2	385.25
119	LDLRAD4	948.75
120	SEMA4D	16480.75
122	ZHX3	1247.0
122	ZMYND8	2258.25
123	TIPARP	958.0
124	CSGALNACT1	462.75
124	SATB1	12114.0
125	DGKA	28417.0
126	CRLS1	368.75
127	NHEJ1	223.0
128	CREM	1017.5
131	DSE	98.25
134	AGPAT5	1024.0
139	COX7A2	657.75
139	ST3GAL5	1225.25
142	DUSP16	5347.0
143	ATF7IP	4225.25
143	DDIAS	341.0
143	MKLN1	2482.75
143	PICALM	4904.5
144	CNTRL	4767.25
146	TTF2	1019.25
147	NFKBIZ	9886.25
147	PIK3CA	1249.25
151	HNRNPA1	26081.0
163	SH3KBP1	14088.75
170	DPH5	500.0
174	TMEM123	4702.25
194	MBNL1	18603.0
195	RAB30	544.75
208	SYTL2	1127.5
214	FAM107B	2848.75
304	ZBTB38	880.75
411	FOXP1	21622.5
466	FYN	5506.75
483	CD44	24542.5
