CD4_ATAC_count_bins	Gene_Name	Mean_Gene_Expression
0	A1CF	43.0
0	A2ML1	89.5
0	ABCA8	735.5
0	ABCB11	92.0
0	ABCC2	151.25
0	ABCC9	981.75
0	ABCF1	7776.0
0	ABI3BP	64.75
0	ACMSD	9.75
0	ACSM1	2.75
0	ACVR2A	391.75
0	ADAM12	118.5
0	ADAM22	282.0
0	ADAM28	18.75
0	ADAMTS9	17.5
0	ADCY2	380.25
0	ADCYAP1R1	2.0
0	ADGRG5	227.25
0	ADGRL2	0.25
0	AGBL1	42.75
0	AGBL2	86.25
0	AGBL4	76.75
0	AGMO	187.5
0	AKAP10	722.75
0	AKAP3	23.5
0	ALCAM	527.5
0	ALDH1A2	8.5
0	ALDH1L2	159.5
0	ALDH7A1	1767.75
0	ALDOB	8.25
0	ALDOC	287.25
0	ALG1L2	21.5
0	ALKBH6	1107.0
0	AMER1	101.5
0	AMER2	55.0
0	AMER3	48.0
0	AMFR	989.5
0	AMOT	74.5
0	AMPH	28.75
0	ANGPT2	554.75
0	ANGPTL1	22.75
0	ANK2	0.75
0	ANKAR	83.0
0	ANKFN1	2.75
0	ANKRD26	285.0
0	ANKRD40	2902.75
0	ANKS1B	100.25
0	ANO2	2.75
0	ANO9	580.5
0	AOC1	13.75
0	AP4E1	848.0
0	APBB2	221.75
0	APOB	6.75
0	APOD	13.25
0	ARF4	706.75
0	ARF5	97.75
0	ARFGAP2	977.0
0	ARFGAP3	390.5
0	ARHGAP12	420.0
0	ARHGAP24	1.0
0	ARHGAP28	860.75
0	ARHGAP4	924.75
0	ARHGEF25	5.5
0	ARHGEF38	184.25
0	ARHGEF40	21.75
0	ARL10	1631.25
0	ARMC4	9.5
0	ASCC3	3797.0
0	ASGR2	5.25
0	ASPA	309.75
0	ASTN2	5593.5
0	ASXL3	3.25
0	ATF2	4241.5
0	ATF5	656.0
0	ATP10D	214.0
0	ATP13A2	706.75
0	ATP13A4	35.75
0	ATP1A4	297.0
0	ATPAF1	597.75
0	ATR	1245.75
0	AVL9	1850.0
0	B4GALT6	68.25
0	BAAT	2.75
0	BACE1	159.75
0	BBS7	247.5
0	BCAP31	567.0
0	BMP2K	684.75
0	BMPR1B	8.25
0	BNIPL	187.0
0	BRCA1	876.75
0	BTBD3	172.75
0	BTBD7	1515.5
0	BTBD9	1456.0
0	C11orf58	2277.25
0	C11orf80	188.5
0	C12orf65	2381.75
0	C17orf50	4.5
0	C19orf18	3.25
0	C1orf116	3.25
0	C1orf52	521.0
0	C1QTNF9	30.5
0	C1S	67.25
0	C20orf96	30.75
0	C2orf66	15.75
0	C3orf49	35.5
0	C7orf31	100.25
0	C8orf34	632.0
0	C9orf131	142.0
0	CA1	43.75
0	CA3	0.25
0	CA6	455.25
0	CAB39L	48.5
0	CACNA1A	1999.75
0	CACNA1D	326.0
0	CACNB2	419.75
0	CACNB4	321.75
0	CADPS	319.0
0	CALN1	79.75
0	CAMTA1	256.75
0	CAPN8	6.0
0	CARD14	573.0
0	CBFB	8301.0
0	CC2D1B	1667.0
0	CCDC113	125.75
0	CCDC120	419.0
0	CCDC150	458.25
0	CCDC171	284.5
0	CCDC172	3.25
0	CCDC180	857.0
0	CCDC28A	140.75
0	CCDC33	0.25
0	CCL3L3	380.75
0	CCNB3	20.25
0	CCNH	884.25
0	CCNJ	422.25
0	CCT3	4821.5
0	CD109	894.75
0	CD160	214.0
0	CD163	303.25
0	CD34	166.25
0	CD59	614.0
0	CD79B	32.5
0	CD80	48.5
0	CD86	16.25
0	CD99	1515.25
0	CDC25C	5.25
0	CDC27	1075.25
0	CDC42BPA	50.0
0	CDH10	23.75
0	CDH13	71.75
0	CDH18	207.25
0	CDH19	1.0
0	CDH4	7.0
0	CDH6	103.75
0	CDH9	26.0
0	CDK1	104.75
0	CDON	313.5
0	CENPC	1184.75
0	CENPF	327.5
0	CENPT	666.0
0	CENPV	571.75
0	CFH	35.75
0	CGA	7.25
0	CGRRF1	102.25
0	CHCHD2	1483.0
0	CHKA	263.0
0	CHMP2A	1921.5
0	CHST11	2341.0
0	CHST9	41.0
0	CIART	195.5
0	CITED4	35.25
0	CLCN2	451.0
0	CLEC4C	26.25
0	CLIP2	197.5
0	CLRN1	3.75
0	CNOT10	811.25
0	CNOT11	1210.75
0	CNOT6	1142.5
0	CNTN1	37.0
0	COL3A1	0.5
0	COL4A2	30.0
0	COL6A6	11.0
0	COLEC12	1107.0
0	COMMD2	793.0
0	COPS8	480.75
0	CPA4	182.25
0	CPB1	17.5
0	CPEB1	8.25
0	CPEB3	210.0
0	CPS1	201.75
0	CPT1B	337.5
0	CRB1	19.75
0	CREB3L1	35.75
0	CRKL	6310.0
0	CRTC2	4050.25
0	CSMD3	236.75
0	CSNK1G1	1719.5
0	CSNK2A1	5558.75
0	CSNK2A3	5.0
0	CTNNA1	452.75
0	CTNNA2	33.0
0	CTNND2	7.25
0	CTSK	145.75
0	CTSS	1591.25
0	CTTNBP2NL	123.75
0	CUL4B	1957.5
0	CYB5RL	1107.75
0	CYFIP1	246.5
0	CYP24A1	3.75
0	CYP2C19	97.5
0	CYP2C8	10.0
0	CYP2C9	42.5
0	CYP3A43	565.5
0	CYP4V2	2084.0
0	CYP7B1	1.25
0	DAP3	1382.0
0	DAW1	75.75
0	DCLK2	16.5
0	DCP1B	796.75
0	DCTN3	491.0
0	DDHD1	1893.75
0	DDOST	2046.75
0	DDR2	53.75
0	DDX60	195.25
0	DDX60L	982.75
0	DENND1A	450.5
0	DENND2A	342.75
0	DENND5A	937.5
0	DEPDC4	322.0
0	DGKB	184.5
0	DGKE	1844.75
0	DGKH	1825.0
0	DHRS11	221.5
0	DHX29	234.25
0	DICER1	9749.0
0	DIO2	37.75
0	DIRAS2	388.5
0	DLC1	115.75
0	DLG5	155.0
0	DLGAP1	46.75
0	DNAH14	361.0
0	DNAH5	1.0
0	DNAJC11	1574.5
0	DNAJC19	2170.5
0	DNAJC21	1596.25
0	DNAJC9	735.0
0	DPP10	25.0
0	DPY19L2	71.0
0	DSC1	64.0
0	DSG3	212.75
0	DTNA	168.75
0	DTX3	284.75
0	DUSP28	751.5
0	DYNC1I1	22.75
0	DYNC2H1	40.0
0	EDEM3	1530.5
0	EDN1	7.0
0	EEF1AKMT1	64.75
0	EEF1D	6626.25
0	EFCAB1	3.5
0	EFNB1	211.75
0	EFR3B	116.75
0	EHBP1	947.0
0	EIF4EBP2	3062.25
0	EIF5A2	631.75
0	ELANE	2.25
0	ELL3	37.0
0	ENTPD3	10.5
0	EPHB6	213.0
0	ERBB3	88.75
0	ERC2	4.25
0	ESR2	561.0
0	ETV1	0.5
0	EXT2	562.25
0	EYA1	170.5
0	EYS	939.25
0	FABP7	37.25
0	FAH	298.75
0	FAM118B	627.75
0	FAM120A	5831.0
0	FAM135B	16.0
0	FAM166B	4.75
0	FAM169A	277.5
0	FAM189A2	2.25
0	FAM53A	14.5
0	FAM78B	7.25
0	FAM81A	8.0
0	FAM98A	1608.0
0	FANCM	416.75
0	FANK1	57.0
0	FAT1	18.0
0	FBXO3	730.75
0	FBXO46	395.25
0	FCER1A	36.5
0	FCRL1	142.75
0	FGF14	1.25
0	FGFR4	25.5
0	FHL2	554.0
0	FKTN	518.0
0	FLVCR2	121.75
0	FMO3	38.75
0	FN1	494.75
0	FNBP4	2907.0
0	FOXP2	33.5
0	FRK	2703.25
0	FRMD5	223.75
0	FRMPD1	95.5
0	FRMPD2	30.5
0	FRY	951.25
0	FSCN3	15.25
0	FUCA2	184.0
0	FXYD3	3.0
0	FXYD6	1.0
0	GABRA2	2.0
0	GABRB3	341.25
0	GABRP	624.0
0	GALK1	82.75
0	GALNT13	7.5
0	GALR2	73.75
0	GANC	809.5
0	GAREM1	24.25
0	GAS7	107.25
0	GBE1	292.0
0	GCFC2	545.0
0	GCSAML	96.75
0	GDAP1	605.0
0	GDNF	27.5
0	GDPD4	26.25
0	GGH	67.5
0	GHITM	1735.0
0	GLDN	11.75
0	GLI1	123.5
0	GLRA2	18.75
0	GLRA3	194.0
0	GLYAT	8.0
0	GLYATL2	19.25
0	GNRH1	22.0
0	GOLIM4	206.25
0	GP2	237.75
0	GPATCH2L	2857.25
0	GPR151	13.0
0	GPR160	160.5
0	GPR87	23.25
0	GRB7	2.25
0	GREB1L	116.5
0	GRHL3	2.75
0	GRIA1	0.75
0	GRIK2	416.0
0	GRIN2B	13.0
0	GSTM5	7.0
0	GTF2H4	90.0
0	GTF3C1	1416.25
0	HAUS4	418.0
0	HDAC8	863.0
0	HECTD2	95.75
0	HECW2	216.0
0	HELZ	3678.5
0	HEPHL1	1.5
0	HHLA1	1012.0
0	HHLA2	497.0
0	HIBCH	370.0
0	HK3	17.0
0	HMGB3	163.5
0	HMGCS2	3.25
0	HMGN1	2618.75
0	HNMT	86.25
0	HOMER1	443.25
0	HOOK3	5126.75
0	HOPX	408.75
0	HP1BP3	6935.75
0	HPGD	131.25
0	HPGDS	17.25
0	HS1BP3	136.25
0	HSF5	231.5
0	HSPH1	2324.0
0	HTR1F	2.5
0	HTR2A	16.0
0	HTR2B	179.25
0	HUWE1	21110.0
0	HYAL4	141.75
0	HYDIN	40.5
0	HYOU1	4651.5
0	IBA57	1215.25
0	ICAM2	754.5
0	IDH1	158.5
0	IDI2	33.75
0	IDO2	333.75
0	IFT81	477.5
0	IGFBP3	21.5
0	IGFL2	40.0
0	IGSF3	164.0
0	IL18BP	1701.0
0	IL1RAP	641.0
0	IL1RN	66.0
0	IL7	15.25
0	ILKAP	1032.5
0	INAFM2	118.5
0	INIP	843.75
0	INTS9	550.0
0	INTU	1613.25
0	IPO5	7057.75
0	ISG15	77.75
0	ISOC1	429.0
0	ITGA3	544.25
0	ITGAM	206.5
0	JADE2	1986.5
0	KATNA1	440.0
0	KAZN	130.5
0	KCNAB1	101.5
0	KCNH5	9.5
0	KCNJ13	184.75
0	KCNJ6	174.0
0	KCNMA1	35.25
0	KCNQ3	66.0
0	KCNRG	248.5
0	KCP	150.75
0	KCTD1	121.5
0	KCTD4	43.75
0	KIAA0100	5130.0
0	KIAA0586	759.0
0	KIAA1191	1996.0
0	KIAA1328	16559.5
0	KIAA1958	695.75
0	KIF24	175.25
0	KIF3C	551.5
0	KIF6	377.75
0	KIFC3	106.25
0	KIR3DL1	1.5
0	KIR3DX1	807.75
0	KLHL13	2.0
0	KLHL2	786.5
0	KLHL21	2300.75
0	KMT2C	7443.75
0	KPNA1	1435.25
0	L1CAM	8.5
0	L1TD1	58.75
0	L3MBTL4	105.75
0	LARP4B	4177.5
0	LDB2	1.75
0	LDHAL6A	166.0
0	LDHD	9.25
0	LGALS12	1.0
0	LGSN	135.25
0	LIFR	16.75
0	LIMCH1	1.5
0	LIN7A	5.25
0	LMAN1	2289.0
0	LMO3	1.5
0	LMOD2	71.5
0	LPAR3	60.25
0	LPAR5	322.5
0	LPP	4482.75
0	LRRC17	2.0
0	LRRC18	9.5
0	LRRC20	75.75
0	LRRC39	36.5
0	LRRC6	22.25
0	LRRC7	11.75
0	LRRIQ1	126.25
0	LRRK2	12.75
0	LRRTM2	43.25
0	LRRTM3	5.0
0	LSP1	742.5
0	LYST	2486.5
0	MAB21L1	3.75
0	MAGI1	24.0
0	MAGI2	550.75
0	MANEA	330.75
0	MAP1A	136.75
0	MAP2	6.25
0	MAP3K13	1023.75
0	MAPK10	1251.25
0	MAPK1IP1L	7945.75
0	MAPKAP1	4175.5
0	MAPKAPK2	1988.75
0	MARCKS	8.75
0	MARK3	2303.25
0	MARVELD2	605.5
0	MAST2	510.0
0	MATN2	132.0
0	MBNL3	530.0
0	MCC	178.75
0	MCTP1	107.5
0	MCTP2	555.75
0	MDN1	6823.0
0	MECOM	193.75
0	MED10	975.75
0	MED13	20846.5
0	MED14	2382.0
0	MEFV	383.25
0	MEI1	422.0
0	MEIOB	2.0
0	METAP1D	109.25
0	METAP2	2673.75
0	METTL21C	1.5
0	METTL2B	2637.25
0	MEX3A	21.0
0	MFSD1	435.5
0	MIA	0.75
0	MICU1	471.75
0	MITF	50.5
0	MME	55.0
0	MMP13	7.5
0	MMS22L	2272.75
0	MNAT1	271.75
0	MOBP	240.75
0	MOSPD1	88.75
0	MPO	1.25
0	MPP4	209.25
0	MRPL27	245.5
0	MRPS18A	190.0
0	MRPS25	954.25
0	MRPS30	2283.5
0	MRPS5	2184.25
0	MS4A2	167.5
0	MS4A3	3.0
0	MS4A4A	8.75
0	MS4A4E	30.0
0	MS4A5	14.25
0	MSANTD3	332.25
0	MTHFD2L	535.75
0	MTMR2	1214.75
0	MTRNR2L1	1079828.25
0	MTRNR2L11	211008.75
0	MTRNR2L8	1302509.25
0	MUC15	27.5
0	MUC16	37.5
0	MUC3A	17.25
0	MYEF2	807.25
0	MYH3	373.75
0	MYH7B	521.0
0	MYLK	342.5
0	MYO1C	393.0
0	MYO1E	64.25
0	MYOT	22.0
0	MYPN	89.25
0	NAA30	1212.0
0	NAAA	940.5
0	NACA2	1.25
0	NADK2	1376.5
0	NAPA	881.75
0	NAV3	500.0
0	NCAM1	37.5
0	NCKAP1L	5968.75
0	NCL	71791.5
0	NDFIP1	3342.25
0	NDST3	93.5
0	NDST4	11.75
0	NDUFA1	241.0
0	NDUFA4	838.75
0	NDUFB2	1291.5
0	NEBL	19.0
0	NEK11	59.5
0	NELFCD	1442.75
0	NF2	1878.5
0	NFKBIE	166.75
0	NHSL2	833.0
0	NMT2	1883.5
0	NOB1	1515.5
0	NOX4	93.75
0	NPAS2	1788.25
0	NPAS3	46.0
0	NPM1	62835.25
0	NPTN	658.0
0	NPTX2	1.5
0	NPW	4.25
0	NQO1	278.0
0	NREP	561.0
0	NRG1	3.5
0	NRXN3	127.25
0	NSMCE3	559.25
0	NSUN4	1426.5
0	NUDT15	873.75
0	NUDT16	222.0
0	NUP153	4363.0
0	NYAP1	3.25
0	OLFM2	108.5
0	OLFML1	130.5
0	OR10A4	2.5
0	OR10G2	5.75
0	OR10G4	101.5
0	OR10J1	92.5
0	OR14J1	1588.0
0	OR1A1	667.25
0	OR1C1	8.5
0	OR1J2	2.5
0	OR1L8	14.25
0	OR1Q1	4.5
0	OR2A25	114.5
0	OR2A5	253.25
0	OR2AG1	73.0
0	OR2AP1	102.75
0	OR2D2	4.5
0	OR2L13	2.0
0	OR2L2	428.0
0	OR2L5	41.75
0	OR2V1	21.0
0	OR3A3	82.75
0	OR4E2	22.5
0	OR4K2	11.25
0	OR4P4	63.25
0	OR4Q3	21.25
0	OR51B5	45.25
0	OR51D1	18.5
0	OR51E2	89.0
0	OR51L1	45.5
0	OR52I1	118.75
0	OR52I2	6.25
0	OR56A4	969.5
0	OR5AS1	1647.25
0	OR5AU1	363.0
0	OR5K2	1.5
0	OR5T2	3.75
0	OR6C4	109.75
0	OR6C75	2324.25
0	OR7A5	11.5
0	OR8D1	42.25
0	OR8D4	38.25
0	OR8G1	10.5
0	OR8J3	47.75
0	P2RY13	10.0
0	P4HA2	224.5
0	PACRG	59.25
0	PALMD	50.75
0	PAPPA2	0.25
0	PAQR3	300.5
0	PARD3	13.25
0	PARP15	2800.0
0	PATL1	3781.25
0	PAX6	286.25
0	PCBD2	553.0
0	PCBP3	186.0
0	PCDHA9	195.5
0	PCDHB11	39.0
0	PCDHB16	95.5
0	PCGF1	271.25
0	PCK2	1615.5
0	PCSK1	5.25
0	PCYT2	197.25
0	PDCL3	962.5
0	PDE11A	311.5
0	PDE1A	31.0
0	PDE1B	318.25
0	PDE7B	91.25
0	PDHX	1350.25
0	PDZK1	94.75
0	PELI2	242.5
0	PEMT	362.25
0	PGAP3	536.75
0	PGRMC2	411.0
0	PHACTR2	6413.5
0	PHACTR4	4063.0
0	PHAX	975.25
0	PHF10	1418.25
0	PHLDA1	1946.75
0	PHYH	154.25
0	PI4KA	3872.0
0	PITRM1	3140.75
0	PKD2L2	219.25
0	PKHD1L1	1.75
0	PKIA	289.25
0	PLA2G4C	670.0
0	PLCB4	6.0
0	PLCH1	5.75
0	PLEK	154.5
0	PLEKHF2	98.25
0	PLET1	34.5
0	PLK4	371.75
0	PLP1	7.25
0	PLXNB1	70.0
0	PMFBP1	55.25
0	PMP2	7.0
0	PNPLA1	112.5
0	POC5	187.75
0	POLD3	1664.5
0	POLG	1688.75
0	POLG2	382.25
0	POLR1E	711.75
0	POLR2C	979.5
0	POLR2D	2519.25
0	POLRMT	257.75
0	PPFIA1	1462.75
0	PPIB	2655.25
0	PPM1L	513.5
0	PPP1R26	26.75
0	PPP1R9A	25.5
0	PRDM16	33.0
0	PRKD3	514.75
0	PRKG2	142.75
0	PRMT8	22.5
0	PRPS1	2977.75
0	PRR27	116.0
0	PRRC2A	4154.5
0	PRSS37	1.25
0	PSMB9	1111.25
0	PTGR1	364.25
0	PTPN3	186.0
0	PTPRB	58.0
0	PTPRM	444.75
0	PTTG2	22.75
0	PUDP	425.25
0	PZP	570.75
0	QRICH1	5487.0
0	QTRT2	2793.5
0	RAB33B	635.25
0	RAB40A	9.75
0	RAET1E	72.5
0	RAF1	2878.5
0	RAI14	46.75
0	RALBP1	1252.25
0	RASAL2	369.0
0	RASL11B	103.0
0	RBFOX1	47.25
0	RBM11	60.25
0	RBM47	444.75
0	RCAN2	22.0
0	REP15	2.5
0	RFWD3	1759.5
0	RGMB	313.5
0	RGS18	12.75
0	RGS5	30.75
0	RHAG	86.25
0	RHOJ	116.5
0	RHOU	60.25
0	RIMS1	203.5
0	RIT2	2.25
0	RNASE6	9.0
0	RNF130	298.25
0	RNF152	133.0
0	RNF8	2038.0
0	ROBO1	107.0
0	RP1L1	369.0
0	RPGR	645.25
0	RPH3A	40.75
0	RPL10A	11894.0
0	RPL10L	1.25
0	RPS6KC1	166.5
0	RPS7	9099.25
0	RRAGA	992.75
0	RRBP1	466.5
0	RSPH4A	37.5
0	RSPH9	84.0
0	RUNX1T1	27.75
0	RYR3	793.25
0	SAMD7	9.5
0	SAPCD1	44.0
0	SARM1	599.5
0	SBNO2	1196.25
0	SCAMP3	1742.25
0	SCFD1	969.0
0	SCG5	3.25
0	SCGB3A2	430.5
0	SCN7A	78.0
0	SCN9A	196.5
0	SCRG1	551.75
0	SDK2	1295.25
0	SEC13	1567.0
0	SEC14L3	40.5
0	SEC16B	1.5
0	SEC23IP	3859.75
0	SEMA5A	263.75
0	SEMA6A	235.25
0	SERPINB10	200.5
0	SERPINB11	20.5
0	SERPINB2	11.75
0	SETDB1	1418.75
0	SETMAR	387.5
0	SFI1	2531.25
0	SGIP1	7.0
0	SGMS2	5.0
0	SH2D1B	12.5
0	SH3BP4	10.0
0	SH3GL3	61.75
0	SH3PXD2B	49.5
0	SH3TC2	141.5
0	SHANK2	25.0
0	SHISA5	2301.75
0	SHOC2	1181.75
0	SHROOM3	19.0
0	SIGLEC12	2.75
0	SKOR1	17.0
0	SKP1	3029.25
0	SLC10A5	16.25
0	SLC12A5	9.25
0	SLC13A4	215.0
0	SLC15A3	78.75
0	SLC17A3	1.5
0	SLC1A1	3.75
0	SLC1A3	3.75
0	SLC25A12	466.25
0	SLC26A10	9.25
0	SLC26A5	14.5
0	SLC27A4	259.25
0	SLC27A5	964.75
0	SLC28A2	580.75
0	SLC30A8	29.0
0	SLC35E1	2777.25
0	SLC35F3	4.5
0	SLC38A3	21.5
0	SLC6A1	211.75
0	SLC7A2	14.75
0	SLC8A1	36.5
0	SLC8A3	0.75
0	SLC8B1	1117.0
0	SLC9A8	606.75
0	SLF2	1332.75
0	SLIT1	47.5
0	SLTM	4192.75
0	SMIM18	12.5
0	SMPDL3A	2.5
0	SNRPB	665.25
0	SNX30	345.75
0	SNX33	155.25
0	SORBS2	103.75
0	SORCS3	32.25
0	SOX5	14.75
0	SOX6	99.75
0	SPAG17	7.5
0	SPAST	2386.0
0	SPDYE4	7.5
0	SPIDR	1144.0
0	SPIN1	724.5
0	SPOPL	1820.5
0	SPRED2	372.75
0	SPTBN2	16.75
0	SRCAP	6338.0
0	ST18	105.0
0	ST3GAL2	1569.75
0	STAB2	170.25
0	STARD10	152.0
0	STK11IP	313.75
0	STON2	34.0
0	STRA6	119.0
0	STT3A	4283.5
0	STXBP5	1600.25
0	STXBP5L	12.5
0	STYXL1	54.25
0	SULF1	45.0
0	SULT1A1	524.25
0	SULT1B1	3116.75
0	SULT1C2	143.75
0	SYT1	7.5
0	TAF1L	80.0
0	TAGLN	167.75
0	TAS1R1	9.0
0	TAS2R19	17.5
0	TAS2R42	2.75
0	TAS2R5	18.75
0	TAS2R60	9.0
0	TBC1D24	922.5
0	TBL1X	1032.25
0	TCERG1L	13.0
0	TECRL	23.5
0	TEKT3	4.0
0	TFDP1	5091.0
0	THOC1	606.75
0	THSD1	3.25
0	THSD4	36.75
0	THUMPD2	146.25
0	TIGD7	14.5
0	TIMP1	404.75
0	TLR3	148.5
0	TM4SF18	31.5
0	TMCC1	1116.5
0	TMEM108	55.0
0	TMEM167B	871.25
0	TMEM192	1730.5
0	TMEM212	2210.0
0	TMEM260	524.0
0	TMEM262	75.0
0	TMEM33	9978.0
0	TMEM91	381.0
0	TMPRSS2	0.5
0	TMPRSS4	76.5
0	TNFAIP8L3	450.75
0	TNFSF13B	52.25
0	TNNC2	4.5
0	TNNI3K	2.75
0	TNNT2	95.0
0	TNS1	15.0
0	TOP2B	1782.75
0	TOX3	2.25
0	TPD52L1	155.75
0	TPH1	334.75
0	TPH2	403.75
0	TPK1	299.0
0	TPO	157.5
0	TPRG1	93.75
0	TRAP1	1939.75
0	TRHR	3.5
0	TRIM21	560.5
0	TRIM28	3245.75
0	TRIM3	168.0
0	TRIM68	266.75
0	TRIP11	933.0
0	TRIQK	206.25
0	TRMT61B	140.75
0	TRPM1	30.0
0	TRPM3	51.5
0	TRPM8	98.0
0	TRRAP	4389.0
0	TSPAN3	911.75
0	TTC30B	31.75
0	TTLL4	1069.75
0	TTR	4.25
0	TUBGCP5	675.75
0	TYR	9.5
0	TYW1B	179.5
0	UBA7	1570.0
0	UCHL1	8.0
0	UFL1	773.75
0	UGDH	1025.25
0	UGT2A1	72.25
0	UGT2B7	0.75
0	UHMK1	5780.75
0	UNC13B	64.5
0	UNC45B	19.5
0	UNK	753.25
0	UPK1B	441.75
0	USP14	3581.0
0	USP43	2.0
0	USP9Y	680.25
0	UTP14C	520.75
0	UTS2B	318.75
0	VEPH1	18.25
0	VNN3	28.25
0	VSNL1	59.0
0	VWA3B	19.5
0	WAS	2002.75
0	WBP2	1728.75
0	WDR45B	605.75
0	WDR60	1264.5
0	WDR61	519.75
0	WDR72	135.0
0	WFDC8	78.25
0	WIPI2	778.25
0	WSCD1	3.75
0	WT1	21.0
0	WWTR1	152.75
0	YEATS4	306.75
0	YIF1A	345.0
0	YME1L1	4868.75
0	YPEL4	8.25
0	YTHDF1	1361.75
0	ZBED6CL	148.75
0	ZBED8	3.25
0	ZBTB45	385.0
0	ZC3H14	2028.25
0	ZCCHC9	1376.25
0	ZFAND3	504.5
0	ZFP1	193.0
0	ZFP2	110.25
0	ZFP62	419.5
0	ZFP92	134.0
0	ZMIZ2	2885.75
0	ZMYM2	1686.5
0	ZMYM3	733.5
0	ZMYND11	1986.5
0	ZMYND15	4.25
0	ZNF133	132.75
0	ZNF155	114.0
0	ZNF182	189.0
0	ZNF215	445.25
0	ZNF223	16.0
0	ZNF229	6.5
0	ZNF234	530.5
0	ZNF25	244.75
0	ZNF264	3954.5
0	ZNF284	227.5
0	ZNF300	56.0
0	ZNF33A	761.5
0	ZNF343	336.5
0	ZNF350	225.0
0	ZNF398	1559.0
0	ZNF446	60.75
0	ZNF45	357.0
0	ZNF461	223.0
0	ZNF527	604.75
0	ZNF532	550.25
0	ZNF547	25.25
0	ZNF550	560.25
0	ZNF566	432.5
0	ZNF573	906.25
0	ZNF577	305.5
0	ZNF595	286.25
0	ZNF608	4.0
0	ZNF613	122.25
0	ZNF615	391.25
0	ZNF649	502.75
0	ZNF716	450.5
0	ZNF770	618.25
0	ZNF775	149.75
0	ZNF827	1562.25
0	ZNF836	121.5
0	ZNF84	655.25
0	ZNF841	673.25
0	ZSCAN9	75.25
0	ZWINT	187.0
1	ABCB7	669.5
1	ABCG4	2.5
1	ACBD6	794.5
1	ACOX1	777.75
1	ACSS1	653.25
1	ACSS2	283.25
1	ADGRB1	15.0
1	ADHFE1	156.0
1	AFAP1L1	11.0
1	AFG3L2	756.5
1	AKAP17A	606.0
1	ALG1	545.5
1	ANAPC5	3688.75
1	ANO10	210.25
1	AP001258.1	4.0
1	AP1G2	4304.5
1	APLN	2.5
1	ARHGEF12	2204.5
1	ARID2	1975.25
1	ARL13B	204.0
1	ARMC10	2719.75
1	ARMCX2	31.25
1	ATF6	1972.5
1	ATG7	1251.0
1	ATIC	2925.75
1	ATP6V0E2	471.25
1	ATRX	2249.5
1	B3GLCT	64.0
1	BDKRB1	39.75
1	BMP4	4.5
1	BMX	0.75
1	BOD1L1	5993.25
1	BRPF1	1060.25
1	BTNL8	5.75
1	C10orf67	40.75
1	C10orf90	0.5
1	C12orf54	2.25
1	C15orf40	2090.5
1	C16orf70	1113.75
1	C1orf109	472.0
1	C1QTNF7	18.0
1	C4orf33	47.0
1	C7orf26	818.0
1	CABLES1	103.75
1	CAT	396.0
1	CCDC112	42.25
1	CCDC117	1924.25
1	CCDC124	230.5
1	CCDC138	258.25
1	CCDC14	1734.25
1	CCDC18	165.0
1	CCDC186	1858.75
1	CCDC83	12.0
1	CCL16	479.5
1	CCNT1	1542.0
1	CCT8	2689.5
1	CD14	23.75
1	CD180	69.5
1	CDC37	4620.25
1	CDC7	564.25
1	CDHR1	13.0
1	CDK3	52.5
1	CDK5	101.0
1	CEACAM21	254.0
1	CELSR2	152.0
1	CEP152	1166.5
1	CFAP43	1.75
1	CFB	136.0
1	CHAMP1	499.25
1	CHCHD3	592.75
1	CHDH	194.75
1	CIRBP	3274.0
1	CLEC1B	0.25
1	CLIC5	336.0
1	CLSTN3	1036.0
1	CLYBL	62.0
1	CMTM6	789.25
1	CNOT7	2493.0
1	CNPY2	1104.5
1	CNTD2	17.5
1	COASY	1004.25
1	COL23A1	17.25
1	COL9A1	219.5
1	COLQ	186.75
1	COPG2	485.25
1	CORO6	84.75
1	COX16	334.5
1	COX7C	2935.75
1	CPNE6	132.25
1	CPVL	3.75
1	CRB2	78.75
1	CREB1	3594.25
1	CRY2	518.75
1	CSNK1A1	7163.5
1	CTAGE1	4.0
1	CUX1	2072.25
1	CWF19L2	1166.75
1	CYB5R1	359.5
1	CYB5R2	153.75
1	CYB5R4	848.5
1	CYP11A1	29.0
1	DAAM1	802.75
1	DAXX	1957.25
1	DBF4B	628.75
1	DCAF17	682.5
1	DCN	133.25
1	DCT	6.0
1	DDX17	45476.5
1	DDX4	7.0
1	DDX50	703.25
1	DENND2C	312.5
1	DERL2	405.75
1	DGKD	2448.0
1	DGKQ	173.5
1	DHRS4L2	255.25
1	DHX15	4913.75
1	DNAJA2	3502.75
1	DNAJC10	3276.25
1	DSEL	143.25
1	DYM	1243.75
1	DZANK1	450.75
1	EDAR	198.75
1	EEF2	32839.25
1	EFNB2	4.75
1	EGLN2	1441.5
1	EIF2D	1244.0
1	EIF2S1	3288.75
1	EMSY	2366.25
1	ENTPD7	248.75
1	EPPIN	134.5
1	ERCC3	750.75
1	ERG	8.5
1	ERLIN1	1205.5
1	FAM135A	561.5
1	FAM156A	269.75
1	FAM185A	165.75
1	FAR2	229.75
1	FBXL4	495.75
1	FCGR3A	13.75
1	FCRL3	450.0
1	FDPS	1369.5
1	FFAR2	210.25
1	FILIP1L	576.25
1	FKBP8	531.0
1	FMNL2	140.75
1	FNTB	422.5
1	FPR2	49.75
1	GABRR2	2.75
1	GADD45A	321.25
1	GALNT3	66.0
1	GEM	97.25
1	GGA1	1269.5
1	GLIPR1L1	1.5
1	GMEB2	346.75
1	GNAI1	394.75
1	GNGT1	49.25
1	GNPDA2	502.0
1	GOLGA4	2841.0
1	GREM2	55.0
1	GRN	487.0
1	GSE1	2469.5
1	GSTZ1	106.25
1	GTPBP10	1027.75
1	HNRNPA1L2	585.75
1	HSPA5	8248.75
1	IDH2	791.75
1	IFT20	832.5
1	IGF2	1435.0
1	IHH	2.75
1	IL1R1	1477.5
1	IL22	81.0
1	IMP3	441.0
1	INO80D	2564.5
1	IP6K1	1242.75
1	IPO13	479.5
1	ITGA2B	47.5
1	KAT2B	1057.5
1	KIAA1586	189.5
1	KIF26B	31.25
1	KIF9	52.25
1	KLHDC10	842.75
1	KPNA5	3651.75
1	KPNA6	2428.75
1	KYNU	1285.25
1	LACTB	604.5
1	LAMA4	71.5
1	LANCL1	609.75
1	LDLR	1873.0
1	LGI1	167.75
1	LHFPL1	4.25
1	LILRB3	92.75
1	LINGO4	17.75
1	LIPG	398.0
1	LIPJ	3.0
1	LMBR1	1970.25
1	LMO4	104.0
1	LRIT3	20.25
1	LRRC34	328.25
1	LRRN4	6.5
1	LSM14A	6732.0
1	LSM14B	355.25
1	MAGEH1	321.5
1	MAGT1	1444.75
1	MAN2A1	1248.75
1	MAP2K3	963.5
1	MARS2	1013.25
1	MB21D2	86.5
1	MC1R	580.5
1	MCCD1	11.75
1	MCM4	2517.5
1	MCRS1	609.0
1	MGA	3861.25
1	MGARP	1.25
1	MGMT	278.5
1	MMS19	1507.0
1	MOB4	421.25
1	MROH1	652.5
1	MRPL11	167.75
1	MRPL3	2711.5
1	MRPL36	353.75
1	MRPS31	943.0
1	MSANTD4	427.5
1	MTMR14	1631.5
1	MUTYH	516.5
1	MVB12A	427.75
1	MYO7A	96.25
1	MYOM2	31.0
1	N6AMT1	347.25
1	NAA40	1164.5
1	NASP	5770.75
1	NAT1	50.75
1	NATD1	245.0
1	NAV2	84.5
1	NBAS	1202.25
1	NBEAL1	1645.0
1	NCAPG	118.0
1	NCF2	171.0
1	NDUFAF3	1748.0
1	NEB	417.75
1	NEFL	64.25
1	NIF3L1	674.75
1	NLRP1	7613.0
1	NLRP12	247.0
1	NRDC	5267.75
1	NUDT10	14.0
1	NUF2	82.25
1	OR2G6	484.0
1	OSBPL1A	176.75
1	OTUB1	1287.0
1	OXSR1	2796.0
1	PAQR7	333.5
1	PARP14	4311.5
1	PARP16	260.75
1	PAX8	136.75
1	PCDHB1	521.75
1	PCDHB2	37.0
1	PCMTD2	2561.75
1	PDLIM5	1032.75
1	PDP2	1491.5
1	PEAK1	2371.5
1	PHLDB3	283.5
1	PHLPP1	1750.75
1	PHYHD1	86.25
1	PIP5K1A	4006.5
1	PIWIL1	59.25
1	PKD1L3	15.0
1	PKHD1	3.5
1	PLA2G6	486.25
1	PLOD2	41.5
1	PLSCR4	0.25
1	PM20D2	1167.0
1	PMP22	2.0
1	POLE4	346.75
1	POLI	211.75
1	PPA2	654.0
1	PPP1R13B	396.75
1	PPP1R1B	8.0
1	PRNP	1285.75
1	PROC	9.0
1	PROX1	8.75
1	PRSS23	349.75
1	PSMB10	1794.25
1	PSMD4	1975.0
1	PTCH1	1567.25
1	PTPN21	7.25
1	RAB43	826.5
1	RABIF	650.0
1	RAD21	6172.75
1	RAD23A	2439.0
1	RAD9A	710.0
1	RALGAPA1	1750.5
1	RAMP3	3.75
1	RAPGEF5	9.5
1	RASGRP2	1484.75
1	RBM25	11186.25
1	RBM26	3915.25
1	RBM33	5748.25
1	RCC2	2465.5
1	RCN2	2423.25
1	RECQL	392.0
1	REPS1	1013.5
1	RGL2	423.5
1	RGMA	157.25
1	RGS6	4.75
1	RHBDF2	484.0
1	RHEBL1	13.75
1	RNASEH2C	1430.25
1	RNF103-CHMP3	4.25
1	RNF139	152.25
1	RNGTT	1112.25
1	RP9	271.0
1	RPS21	1684.25
1	RRAS2	328.5
1	RSL1D1	7682.0
1	RUNX2	6535.5
1	RYK	1121.25
1	S100A9	4.75
1	S1PR3	334.0
1	SAP18	852.25
1	SARDH	115.5
1	SAT1	465.0
1	SCAF8	1735.25
1	SCN8A	146.75
1	SCPEP1	352.75
1	SDHAF4	216.25
1	SEBOX	33.75
1	SEC16A	5315.75
1	SEMA4G	65.0
1	SENP7	2538.0
1	SERPINE2	597.25
1	SET	5027.25
1	SETBP1	63.5
1	SETD7	1985.25
1	SH3BGR	7.0
1	SIRT7	398.0
1	SLAMF8	66.25
1	SLC17A4	8.5
1	SLC23A1	82.25
1	SLC30A9	1485.0
1	SLC37A3	1088.25
1	SLC39A9	1924.75
1	SLC9A2	8.25
1	SLC9A9	305.0
1	SLCO2B1	34.0
1	SMARCAD1	1513.75
1	SMC6	546.75
1	SMYD3	219.0
1	SNF8	1468.5
1	SNRNP27	459.0
1	SNRNP35	837.0
1	SNTB2	2435.0
1	SNX12	1063.25
1	SORBS1	64.5
1	SPP1	0.5
1	SRRM2	31642.5
1	SRSF12	201.75
1	ST3GAL3	2023.5
1	ST6GAL2	89.25
1	STEAP2	312.75
1	STK38	2193.25
1	STX18	893.0
1	SUMO1	3651.75
1	SUPT3H	570.0
1	TACR1	48.25
1	TAF5	106.5
1	TAF6L	215.75
1	TAS2R14	113.0
1	TBC1D30	210.25
1	TBKBP1	750.0
1	TBXAS1	166.75
1	TCEA1	2947.0
1	TCN1	9.25
1	TCTN1	846.0
1	TDRD12	140.75
1	TDRD7	232.75
1	TDRD9	31.5
1	TERF1	815.5
1	TEX2	1144.0
1	TFB1M	305.5
1	TGFBR3	643.75
1	TGM4	14.0
1	TIAM2	380.0
1	TIMM23	1291.25
1	TIMM50	1786.5
1	TINF2	1397.0
1	TIPIN	1610.25
1	TLN2	88.75
1	TMEM116	1006.5
1	TMEM159	204.25
1	TMEM160	78.75
1	TMEM181	1804.25
1	TMEM182	438.25
1	TMEM38B	222.0
1	TMEM52B	107.0
1	TMEM87B	275.75
1	TMEM97	875.75
1	TMEM98	180.75
1	TMPRSS9	80.5
1	TNFRSF10B	981.75
1	TOMM20	3786.75
1	TP53BP1	3770.25
1	TRAK1	1179.0
1	TRIM2	224.75
1	TROAP	267.5
1	TRPC3	9.25
1	TRPS1	1075.5
1	TTC28	235.25
1	TWISTNB	348.5
1	TYK2	975.25
1	TYSND1	311.75
1	UBA2	2091.25
1	UBE2D1	246.5
1	UBXN10	5.5
1	UPF2	1661.25
1	UQCRFS1	566.25
1	URB2	1412.25
1	URI1	1355.25
1	VTN	24.0
1	VWA5B1	152.5
1	WDHD1	1429.25
1	WDR27	522.75
1	WEE2	4.0
1	XPNPEP2	7.75
1	XPOT	9866.5
1	ZBTB37	2528.5
1	ZBTB41	279.5
1	ZC3HC1	241.5
1	ZFAND2A	283.0
1	ZFAND5	1122.75
1	ZFHX2	53.5
1	ZFYVE19	242.25
1	ZMPSTE24	728.25
1	ZNF100	757.25
1	ZNF12	551.75
1	ZNF273	1263.75
1	ZNF317	1072.25
1	ZNF366	53.75
1	ZNF385C	277.5
1	ZNF462	169.25
1	ZNF562	2974.0
1	ZNF570	786.0
1	ZNF607	218.0
1	ZNF625	42.5
1	ZNF703	8.0
1	ZNF713	1526.25
1	ZNF92	653.5
1	ZNRF2	142.5
1	ZSCAN30	558.25
1	ZSWIM6	680.0
2	AARSD1	568.25
2	ABCA10	36.75
2	ABCA13	165.75
2	ABCD3	1020.25
2	ABCF3	919.0
2	ABI1	3629.25
2	ACACB	1657.5
2	ACIN1	5503.75
2	ADPGK	2523.25
2	AEN	944.75
2	AFF3	1211.75
2	AFF4	3690.75
2	AGO3	3415.25
2	AKAP12	418.5
2	AKIRIN1	1812.0
2	ALG10B	713.75
2	ALOX15B	0.25
2	ALS2	571.0
2	ANAPC1	4128.0
2	ANGPTL5	1.0
2	ANKEF1	122.5
2	ANKRD36B	2665.5
2	ANKRD55	335.5
2	AP2M1	1775.75
2	APOBEC3H	15.0
2	APOL4	496.0
2	AQP10	3.75
2	AQP11	87.0
2	AQP6	141.75
2	ARHGAP10	275.75
2	ARHGEF11	374.25
2	ARHGEF4	180.5
2	ARL14EP	1008.5
2	ARL4D	16.0
2	ARL9	289.25
2	ASAP3	56.25
2	ASB15	14.5
2	ASIC1	90.25
2	ASPH	1034.25
2	ATAD2B	1206.5
2	ATG4C	100.0
2	ATP2A2	6482.5
2	B3GALNT2	442.0
2	BBS4	330.75
2	BCL2L15	995.0
2	BEST4	10.0
2	BLNK	5.75
2	BRMS1L	62.0
2	BTBD8	119.5
2	BUB1	525.5
2	C14orf119	410.0
2	C15orf41	533.25
2	C16orf46	1.75
2	C17orf97	31.25
2	C1D	364.75
2	C1orf159	185.25
2	C1orf216	276.75
2	C1R	124.25
2	C3orf62	815.25
2	C4orf19	138.75
2	C9orf24	34.5
2	CAB39	4209.5
2	CALCOCO2	2639.75
2	CAMK2D	4417.25
2	CAPRIN2	589.5
2	CAPS	744.5
2	CBL	5055.75
2	CCDC175	0.5
2	CCDC73	1.25
2	CCDC86	2705.5
2	CD68	940.0
2	CDK12	3888.5
2	CDKN2A	46.0
2	CEMIP	226.0
2	CEP126	503.0
2	CEP76	608.0
2	CES3	226.0
2	CHEK1	1151.5
2	CHID1	1086.5
2	CIB2	21.5
2	CLDN12	116.25
2	CLDN14	3.0
2	CLK2	1622.25
2	CLK3	1712.5
2	CNBP	3555.25
2	CNIH1	241.0
2	CNOT4	2659.5
2	COLGALT2	74.75
2	COMMD9	410.5
2	CPD	1942.75
2	CPLX4	5.5
2	CPT2	567.75
2	CREB5	20.25
2	CRY1	424.25
2	CTDSP1	645.5
2	CTPS1	4540.0
2	CTSW	551.75
2	CYSLTR1	2300.75
2	DACT1	217.5
2	DAND5	675.75
2	DBN1	180.75
2	DCAF4L1	27.0
2	DCBLD2	120.75
2	DCTD	648.0
2	DDX39A	2540.75
2	DDX56	1706.0
2	DENND4C	823.0
2	DHX57	915.5
2	DNAH12	53.75
2	DPH2	838.25
2	DPM1	169.0
2	DPP8	1535.0
2	DUS3L	513.0
2	DYNC2LI1	563.25
2	EAF2	54.25
2	EBP	230.75
2	ECI2	393.25
2	ECSCR	8.75
2	EFHD2	1247.0
2	EHMT1	2569.75
2	EHMT2	1815.75
2	EIF3A	18364.25
2	ELAC1	168.5
2	EME1	288.5
2	EMG1	1206.5
2	EML6	202.5
2	ENC1	76.25
2	EPB42	36.0
2	EXOSC9	686.25
2	FAM166A	132.75
2	FAM180B	203.0
2	FAM20B	991.25
2	FANCA	1160.75
2	FBXO28	768.25
2	FBXO30	617.75
2	FBXO31	1000.5
2	FCRLA	3.0
2	FERMT3	2170.0
2	FGF18	8.25
2	FKBP4	10760.0
2	FKBPL	15.25
2	FOXM1	200.5
2	FRA10AC1	611.5
2	FRMD7	2.0
2	FST	11.75
2	GALE	196.25
2	GALNT11	761.25
2	GATM	19.5
2	GCNT2	405.25
2	GDPD3	103.5
2	GEMIN5	1209.25
2	GFM1	3781.25
2	GIGYF1	1369.75
2	GINS4	512.5
2	GJC1	584.25
2	GLI4	160.75
2	GLMN	157.75
2	GNAS	12148.0
2	GNG8	10.5
2	GORAB	305.75
2	GPR137	252.25
2	GPR162	2.5
2	GPR45	3.25
2	GRIP1	523.75
2	GSKIP	345.25
2	GSPT1	3855.0
2	GSTM3	531.5
2	GSTM4	204.5
2	GSTO1	239.25
2	HAL	14.25
2	HCLS1	3377.25
2	HDAC4	667.0
2	HELB	5086.75
2	HERC5	291.5
2	HIBADH	286.5
2	HLA-DRB1	408.5
2	HOXB9	12.0
2	HRH1	112.5
2	HRH4	163.0
2	HRK	122.75
2	HSBP1	424.5
2	HSD17B11	377.25
2	ICE1	2394.5
2	IDE	1525.5
2	IFI27	73.5
2	IL12B	10.0
2	IL17RA	4278.25
2	IL1B	19.0
2	IL20RB	72.5
2	IL21	7.25
2	IMMT	2603.75
2	IPPK	694.25
2	IQCG	243.75
2	IRF4	37983.0
2	ITGA10	523.25
2	ITGAL	9171.0
2	ITGAV	184.5
2	ITIH1	24.75
2	ITSN2	5048.0
2	KBTBD6	419.5
2	KBTBD8	247.0
2	KCTD14	4.25
2	KCTD3	77.25
2	KDM1A	1257.5
2	KDM3B	2265.5
2	KIF22	1358.0
2	KLC1	3643.0
2	KLHL26	343.5
2	KLHL28	641.5
2	KLRC4	4.5
2	KLRF1	3.0
2	KLRK1	527.25
2	KPNA4	6467.75
2	KPNB1	6644.0
2	LARP1	34401.75
2	LAX1	549.5
2	LCORL	925.0
2	LGR4	18.5
2	LGR6	13.5
2	LILRB1	94.0
2	LMAN1L	2.75
2	LPCAT4	468.25
2	LRRC58	4580.25
2	LRRC66	3.25
2	LYVE1	2.0
2	MAP2K4	895.5
2	MAPK8	1067.75
2	MAPRE3	73.75
2	MATN3	3.25
2	MATN4	2.5
2	MBD5	1772.0
2	MCM8	2023.75
2	MFSD13A	433.5
2	MGST3	591.75
2	MKI67	766.5
2	MLC1	0.5
2	MLXIP	6910.25
2	MMP21	7.0
2	MPP2	24.0
2	MPV17L2	1189.75
2	MRFAP1	3517.25
2	MS4A1	6.5
2	MS4A6A	116.75
2	MSH4	13.75
2	MTMR6	876.0
2	MUC1	114.0
2	MXRA7	708.25
2	MYO19	2403.5
2	N4BP2	895.5
2	NCALD	329.75
2	NCOR2	4988.0
2	NDUFB4	599.0
2	NEK6	216.0
2	NEK7	1005.0
2	NFAM1	94.25
2	NFASC	120.75
2	NFX1	1753.0
2	NIPA2	3017.25
2	NLRP3	87.25
2	NME2	1506.25
2	NR2C1	365.25
2	NRCAM	27.75
2	NRROS	198.25
2	NRXN1	93.0
2	NUTF2	1355.0
2	ODF2	1807.75
2	OLFML3	8.75
2	OPA3	2108.0
2	OPTN	1767.0
2	OR2C1	2.5
2	OR52N2	0.5
2	OSBPL11	395.0
2	OSBPL5	90.25
2	OSBPL6	82.5
2	OSGIN2	293.0
2	PAGR1	217.0
2	PALLD	531.75
2	PCDHB14	28.25
2	PCDHGC4	28.5
2	PCSK6	223.25
2	PDE4C	293.0
2	PDE8B	29.75
2	PELI1	1029.5
2	PHACTR1	229.0
2	PICK1	307.0
2	PIGK	162.25
2	PINK1	1322.0
2	PKIG	71.5
2	PLCG1	4002.25
2	PLD1	189.75
2	PLEKHA3	3026.0
2	PLEKHG4	215.75
2	PLPP1	309.75
2	PLSCR2	3.0
2	PLTP	32.25
2	PLXNA2	5.25
2	PPARA	2615.5
2	PPFIA4	53.0
2	PPP2R2B	133.5
2	PPP2R3A	120.5
2	PRDM4	1533.75
2	PRDX1	2000.75
2	PRLHR	75.75
2	PRSS12	155.0
2	PSMA4	1570.75
2	PSMF1	1379.25
2	PSMG3	730.75
2	PTBP1	12198.0
2	PTBP3	11492.25
2	PTPRA	1230.5
2	PWP1	894.0
2	RAB37	596.75
2	RABEPK	635.25
2	RABGGTB	3657.0
2	RAD54L	197.75
2	RAD54L2	3191.5
2	RANBP6	705.75
2	RASIP1	10.25
2	RASSF8	169.25
2	RBCK1	1317.25
2	RBM19	1745.25
2	RBP5	45.0
2	RCAN1	380.0
2	RCCD1	304.5
2	RIC1	825.75
2	RNF103	1368.0
2	RNF113A	497.0
2	RNF182	2.0
2	RPE	400.75
2	RPS4Y1	948.75
2	RSF1	1955.25
2	RTCB	908.25
2	S100A12	0.75
2	S1PR1	3297.0
2	SAAL1	953.75
2	SAYSD1	357.5
2	SBK1	828.25
2	SEC24D	2403.75
2	SENP1	1561.0
2	SH2D4B	2.5
2	SIX5	21.25
2	SLC14A2	257.25
2	SLC1A2	543.25
2	SLC22A9	76.0
2	SLC25A24	296.25
2	SLC25A3	4911.0
2	SLC39A14	1024.0
2	SLC40A1	212.75
2	SLC46A3	416.75
2	SLC6A16	78.25
2	SLMAP	3267.25
2	SMG1	13068.0
2	SNAPC5	364.0
2	SNRPD2	1827.5
2	SNX16	68.5
2	SNX24	62.25
2	SOX15	10.5
2	SPCS2	560.25
2	SPECC1L	1236.75
2	SPX	31.5
2	SREBF2	4098.25
2	SSBP1	2797.75
2	STARD13	0.5
2	STRN3	2151.5
2	STX11	409.75
2	STXBP6	16.5
2	SUB1	1215.5
2	SUPT4H1	1384.75
2	TAF9	1065.75
2	TASP1	339.75
2	TAT	132.5
2	TCF12	3340.0
2	TCF4	851.75
2	TCFL5	194.25
2	TCP10L	11.75
2	TEX14	12.75
2	TEX15	26.75
2	TGDS	539.25
2	TGFBI	25.25
2	TGM1	98.75
2	TGM2	185.25
2	TJP2	450.25
2	TLE1	25.75
2	TLR9	66.0
2	TMC6	4170.25
2	TMEM115	215.0
2	TMEM131	2655.25
2	TMEM156	516.25
2	TMEM176B	1.5
2	TMEM248	2780.25
2	TMEM41B	3570.5
2	TMOD3	2666.5
2	TNFRSF14	1389.75
2	TOMM7	439.0
2	TOR1AIP2	5649.75
2	TRAFD1	1229.75
2	TRAIP	70.0
2	TRIM38	2108.25
2	TRIM45	97.0
2	TRIM54	10.5
2	TRMT11	856.75
2	TRPC1	60.0
2	TSEN2	570.25
2	TSPAN15	8.25
2	TULP4	3492.75
2	TXNDC16	74.25
2	UBA5	1670.5
2	UBC	8681.75
2	UBXN2B	592.0
2	UBXN8	247.0
2	UCN	4.75
2	UQCRHL	154.25
2	USP1	476.75
2	UST	413.5
2	UTP20	2293.75
2	VAT1	423.25
2	VAV3	448.25
2	VPS25	492.25
2	WDR13	1108.5
2	WDR19	905.25
2	WDR37	881.75
2	WDR66	1122.5
2	WNT7A	235.75
2	WWC2	196.0
2	XCL1	268.25
2	XPO6	6836.25
2	YBX1	57087.0
2	YES1	823.0
2	YIPF7	1.25
2	YWHAE	10855.0
2	ZCCHC8	1844.75
2	ZDHHC14	262.25
2	ZDHHC2	833.25
2	ZDHHC23	180.0
2	ZER1	493.5
2	ZFAND1	334.0
2	ZFX	1589.5
2	ZMYM4	1533.25
2	ZNF197	172.5
2	ZNF224	470.25
2	ZNF275	933.75
2	ZNF280D	787.75
2	ZNF354A	333.75
2	ZNF407	1896.75
2	ZNF449	52.75
2	ZNF546	406.0
2	ZNF605	587.0
2	ZNF652	1349.5
2	ZNF705A	2.75
2	ZNF79	182.25
2	ZNF792	218.0
2	ZP3	149.75
2	ZPBP2	8.0
2	ZSCAN25	998.0
2	ZYG11B	1918.5
3	AARS2	619.0
3	ABCA1	397.75
3	ABHD4	281.25
3	ABL1	1031.25
3	ABRA	46.25
3	ACADM	717.25
3	ACP6	331.75
3	ACSM6	12.25
3	ADI1	1219.0
3	ADPRM	117.25
3	AIMP1	749.75
3	AIPL1	290.0
3	ALG5	201.25
3	ANKH	5278.0
3	ANKHD1	3823.5
3	ANKS1A	1449.75
3	ANKS4B	401.5
3	AP3B1	1940.5
3	APEH	1305.5
3	APOL3	1834.25
3	ARHGAP31	607.5
3	ASNS	1581.5
3	ASPM	101.5
3	ATF4	4483.0
3	ATP10A	1002.75
3	B3GALNT1	96.0
3	B3GNT5	2199.0
3	B4GALT4	761.75
3	BABAM1	1115.5
3	BAZ2B	1329.75
3	BCL10	542.5
3	BCL2L10	5.5
3	BCR	1307.0
3	BET1	308.5
3	BLOC1S2	647.25
3	BMF	227.5
3	BNIP2	3431.5
3	BOLA3	709.75
3	BRIP1	445.0
3	BRK1	931.0
3	BTF3	1231.75
3	C12orf29	569.25
3	C12orf50	525.5
3	C17orf75	964.75
3	C1orf54	32.25
3	C1QTNF9B	1.25
3	CAAP1	496.75
3	CABP1	19.0
3	CAMK2B	4.5
3	CASC4	3505.25
3	CATSPERB	281.75
3	CCDC68	0.5
3	CCDC85C	1027.75
3	CCL3	4627.0
3	CCR10	37.75
3	CCR3	47.75
3	CD300E	64.5
3	CDC37L1	253.5
3	CDC42BPG	176.5
3	CDC42SE1	5990.5
3	CDH24	22.75
3	CDKN1B	10649.0
3	CDRT4	92.0
3	CEBPE	2.75
3	CEP162	86.5
3	CEP170	1289.5
3	CFAP54	1402.25
3	CFP	502.0
3	CHAF1B	1388.25
3	CHD6	2711.25
3	CHERP	1762.5
3	CHN2	140.75
3	CHUK	533.25
3	CLK4	1296.25
3	CLPB	3399.25
3	CLSTN1	1937.5
3	CMTR2	282.5
3	COMMD1	215.0
3	CPT1C	195.25
3	CR2	25.5
3	CRBN	1267.75
3	CROCC	844.5
3	CWC27	601.75
3	CXCL9	118.5
3	CYB5D1	646.75
3	CYBB	8.5
3	CYP17A1	190.5
3	CYP3A5	1980.25
3	DCXR	609.75
3	DGCR2	451.5
3	DHTKD1	570.75
3	DIAPH3	656.0
3	DMXL2	321.25
3	DNAH3	139.25
3	DNAH8	9.75
3	DNALI1	34.0
3	DNM1L	2107.5
3	DNPEP	1176.75
3	DOT1L	1136.25
3	DPYD	1425.75
3	DRAM1	288.5
3	DRG1	1079.5
3	DVL2	369.5
3	DYNC1H1	13358.0
3	ECE1	2962.75
3	EDRF1	835.75
3	EIF4G1	14498.0
3	ELAVL1	1833.75
3	EPHA4	423.5
3	ETV4	40.25
3	EZH1	1446.75
3	FAM107A	1.0
3	FAM131A	299.75
3	FAM189B	1272.5
3	FAM3B	18.5
3	FARP1	869.25
3	FBF1	140.5
3	FBLIM1	1021.0
3	FGF9	90.0
3	FLCN	1565.25
3	FRS3	108.0
3	GCM1	45.75
3	GEMIN2	325.75
3	GGA3	3826.25
3	GGACT	85.75
3	GINM1	806.5
3	GJB2	55.75
3	GLOD4	1901.25
3	GLT8D1	548.25
3	GNL2	2881.75
3	GOLGA5	348.0
3	GPR146	110.5
3	GPR150	25.75
3	GPR157	548.0
3	GRAMD1C	71.0
3	GRPEL2	812.0
3	GTDC1	1083.25
3	GTF2F1	1849.0
3	GZMH	103.75
3	HAPLN3	1469.75
3	HEATR1	2710.5
3	HIGD1A	1363.25
3	HPCAL1	1525.5
3	HSPA4	4190.5
3	HSPA9	9816.75
3	HYAL1	45.25
3	HYAL3	146.5
3	IGSF11	41.75
3	IKZF2	1921.5
3	IL17B	27.25
3	IL23A	100.75
3	IL23R	329.5
3	IL26	15.75
3	IL4I1	341.75
3	IMPDH1	446.5
3	IPO9	3597.25
3	ITGB6	0.25
3	IWS1	1568.0
3	KALRN	330.5
3	KBTBD7	85.75
3	KCNE5	11.25
3	KCNIP2	42.25
3	KCNK7	3.0
3	KCNN1	124.0
3	KIAA0408	9.25
3	KIAA1549L	8.75
3	KRT8	248.25
3	KXD1	2011.75
3	L3MBTL2	809.5
3	LAPTM4A	1343.0
3	LIF	4233.25
3	LMAN2L	123.75
3	LMNA	441.0
3	LOXL3	28.75
3	LPGAT1	2563.25
3	LRRC63	6.5
3	LTC4S	2.25
3	LY96	7.0
3	LYL1	258.5
3	MANBAL	178.5
3	MAP1LC3C	34.75
3	MAP3K5	519.25
3	MBIP	811.5
3	MCAM	76.75
3	MED30	289.25
3	MED6	1219.0
3	MEIG1	5.5
3	METRNL	99.0
3	MINK1	715.25
3	MNDA	12.5
3	MOK	350.5
3	MON1B	2044.0
3	MRPL19	286.5
3	MTA1	1285.25
3	MTG1	675.75
3	MTRF1L	1309.0
3	MTRNR2L4	5066.0
3	MTX1	866.25
3	MXRA8	19.0
3	MYOZ2	2.0
3	NAA15	3482.75
3	NAA25	5186.25
3	NBEAL2	2240.5
3	NBPF1	532.75
3	NCBP2L	5.0
3	NEDD1	443.25
3	NEIL3	207.25
3	NEO1	665.75
3	NEURL1	89.0
3	NGRN	1659.75
3	NMUR1	88.75
3	NNMT	23.0
3	NOSTRIN	79.75
3	NRGN	16.5
3	NRIP1	1381.75
3	NT5E	76.5
3	NTMT1	238.5
3	NUBP1	848.75
3	NUDT13	230.5
3	NUFIP2	6896.0
3	NXPH3	32.5
3	OLFML2B	14.75
3	OPA1	2834.75
3	OR10AD1	34.75
3	OR10G3	1242.75
3	OR10H1	496.5
3	OR2AG2	92.5
3	OR5A2	353.0
3	OSBPL2	2606.0
3	OSBPL9	876.25
3	OTOA	44.25
3	P2RX7	302.5
3	PABPC4	4886.0
3	PACRGL	289.75
3	PACSIN3	98.75
3	PARP6	1706.0
3	PCDHGA4	3.25
3	PCYT1A	2752.5
3	PDHA1	1508.25
3	PDLIM7	159.5
3	PDSS1	286.75
3	PES1	1687.25
3	PEX7	109.75
3	PHC3	17864.75
3	PHLDB1	742.25
3	PHTF1	251.5
3	PIGH	577.25
3	PIGZ	29.25
3	PIK3C2A	1247.25
3	PJA1	358.0
3	PLAA	1294.5
3	PLEK2	22.25
3	PLEKHS1	15.0
3	PLRG1	515.25
3	PNKP	311.5
3	POLD4	590.5
3	POLR2M	2220.75
3	POU6F1	413.75
3	PPP6R1	5580.0
3	PRDX4	254.0
3	PRKCI	1419.75
3	PRMT9	221.25
3	PROS1	70.75
3	PROX2	41.75
3	PRPF38B	6156.5
3	PRPF40B	200.5
3	PSAP	3745.25
3	PSMC3IP	348.0
3	PSPC1	1580.75
3	PSPH	974.5
3	PTOV1	1298.5
3	PTPN12	783.5
3	RAB27B	8.5
3	RAB8A	3159.0
3	RACGAP1	405.5
3	RAG1	1.75
3	RASA3	2120.0
3	RASSF1	576.75
3	RASSF4	49.5
3	RBM41	797.0
3	RDH16	353.5
3	RELT	365.25
3	REST	3126.5
3	RGS13	19.25
3	RNF144B	70.0
3	RNF168	2069.5
3	RPN2	1523.25
3	RPP38	550.0
3	RPS15A	8172.5
3	RSBN1	1929.5
3	RTN3	1455.5
3	SALL2	74.75
3	SAMD4B	2697.5
3	SAMHD1	10999.0
3	SCAPER	823.25
3	SCNN1A	107.75
3	SEC24C	1889.0
3	SH2D3C	623.5
3	SH2D7	2.25
3	SIGLEC15	94.75
3	SIPA1	497.75
3	SIRPD	4.5
3	SLC16A3	222.5
3	SLC2A13	147.25
3	SLC35D1	1281.5
3	SLC35E3	2986.0
3	SLC38A10	768.5
3	SLC39A13	428.0
3	SLC41A2	313.0
3	SLC44A2	4434.0
3	SLC50A1	1374.25
3	SLC51A	267.25
3	SLC5A9	4.5
3	SMAD5	781.75
3	SMARCD1	2298.5
3	SMCO1	4.5
3	SMPDL3B	15.25
3	SNIP1	1235.25
3	SNX31	54.25
3	SOAT2	0.75
3	SOX12	134.5
3	SPAG9	2340.25
3	SPCS3	2069.5
3	SPEG	104.5
3	SPHK2	561.0
3	SPTAN1	11203.75
3	SSR2	2817.5
3	STAM2	2828.5
3	STARD3	512.25
3	STXBP1	508.75
3	SUPT5H	3324.0
3	SUPT6H	5070.25
3	SYDE1	5.5
3	SYNPO2	118.75
3	TAB2	6527.5
3	TACO1	753.25
3	TADA2B	1205.5
3	TAF1	2600.0
3	TAMM41	468.75
3	TAPBP	25211.25
3	TBC1D17	1327.0
3	TFDP2	939.75
3	THBS3	152.5
3	THEMIS2	1056.5
3	THNSL2	81.25
3	TIFA	268.0
3	TIMM21	624.75
3	TIMMDC1	365.5
3	TMC4	425.0
3	TMEM117	42.75
3	TMEM161B	1104.0
3	TMEM168	1009.5
3	TMEM209	2306.25
3	TMEM211	2.75
3	TMEM216	189.25
3	TMEM230	922.75
3	TMEM254	349.25
3	TMEM30B	110.5
3	TMX4	1389.5
3	TOP1	2000.0
3	TP53I3	107.75
3	TP63	91.75
3	TRAK2	1225.25
3	TRIM34	170.75
3	TRIP12	15994.25
3	TRPV2	566.0
3	TTC21B	923.5
3	UBE4B	1993.75
3	UCK2	2032.0
3	ULK2	529.5
3	UNC45A	936.75
3	USP13	601.75
3	VAPA	2586.75
3	VBP1	435.5
3	VGLL4	928.75
3	VMO1	0.25
3	WDR38	12.5
3	WDR46	1653.25
3	WSB2	2317.25
3	XXYLT1	212.75
3	XYLB	898.0
3	ZBTB21	1229.25
3	ZBTB3	461.0
3	ZBTB34	230.25
3	ZC3H15	1792.75
3	ZC4H2	598.0
3	ZDHHC22	12.75
3	ZNF142	2151.0
3	ZNF169	1002.0
3	ZNF18	214.75
3	ZNF260	491.5
3	ZNF268	977.75
3	ZNF548	1303.75
3	ZNF549	409.5
3	ZNF551	868.75
3	ZNF574	458.5
3	ZNF586	602.0
3	ZNF593	189.75
3	ZNF614	452.25
3	ZNF638	2517.0
3	ZNF772	295.0
3	ZNF776	433.5
3	ZNF784	110.0
3	ZP2	9.25
3	ZSCAN5A	218.5
4	ACAA2	1402.25
4	ACER2	56.5
4	ACOX2	1.75
4	ACTR1B	2087.25
4	ADAM17	1820.5
4	ADAMTS17	399.5
4	ADH5	767.0
4	ADIPOR2	544.0
4	AGBL5	388.25
4	AGPAT3	3333.5
4	AIF1	268.75
4	AK5	665.25
4	ALG10	346.5
4	AMPD3	621.0
4	ARAF	1435.25
4	ARHGEF10	689.5
4	ARPC4	6056.0
4	ARRDC2	606.75
4	ASAH1	1025.5
4	ATP2B3	0.25
4	ATP6V1A	6476.25
4	ATP6V1B1	3.75
4	ATXN7L3B	3132.5
4	AXIN2	358.75
4	B3GNT8	6.0
4	BANP	371.25
4	BBS12	26.0
4	BCAR3	123.5
4	BCL9L	12424.5
4	BCOR	3628.75
4	BDH1	2259.75
4	BEAN1	133.5
4	BNIP1	63.25
4	BRMS1	470.5
4	C10orf105	10.0
4	C10orf88	311.75
4	C17orf49	340.75
4	C18orf21	734.25
4	C1QTNF6	438.0
4	C21orf62	4.5
4	C2CD4D	29.25
4	C4orf17	8.0
4	C4orf47	0.5
4	C8orf37	201.25
4	CABYR	159.0
4	CACFD1	82.75
4	CBX2	45.75
4	CCDC114	148.25
4	CCDC134	61.5
4	CCDC91	2234.5
4	CCDC97	1144.75
4	CCND1	275.0
4	CCNE2	102.0
4	CD164	5467.25
4	CD300LF	7.5
4	CEBPG	1099.25
4	CEMP1	19.0
4	CENPI	202.75
4	CEP192	1089.25
4	CFAP20	758.75
4	CHD4	8100.0
4	CITED2	2163.25
4	CKAP5	1426.0
4	CLCN5	315.0
4	CLHC1	116.25
4	CLNS1A	1313.0
4	CLSPN	648.75
4	CLTA	1268.75
4	CMTM3	294.5
4	COL5A2	1.75
4	COQ10A	531.75
4	COX6B1	77.5
4	CPT1A	440.5
4	CSMD2	86.0
4	CTBP1	1229.25
4	CTHRC1	16.0
4	CXorf21	89.75
4	DAPK2	523.5
4	DBT	2254.25
4	DDC	0.25
4	DENND6A	975.0
4	DESI2	1351.75
4	DGCR8	1714.75
4	DHDDS	1136.75
4	DIO1	18.5
4	DIS3L	1116.25
4	DNAAF3	6.0
4	DNMBP	149.5
4	DNMT3B	39.75
4	DPYSL2	1706.5
4	DUSP11	1756.5
4	DUSP19	674.5
4	EIF3K	1306.25
4	ELOF1	2768.0
4	ELOVL4	63.25
4	ELP2	1189.75
4	ENPP2	42.5
4	EPC2	1556.5
4	EPHA1	148.0
4	FAM114A1	113.25
4	FAM124B	38.5
4	FAM234B	411.75
4	FBXO42	461.0
4	FGF7	14.75
4	FHL3	194.75
4	FIG4	151.25
4	FLOT1	1630.25
4	FNDC3A	2348.5
4	FNDC7	2.0
4	FOXJ2	2013.5
4	FOXJ3	8306.75
4	FRMD8	277.75
4	GCLM	1457.5
4	GDF5	1.75
4	GHRL	180.75
4	GIPR	266.25
4	GLB1L	215.75
4	GLYR1	2037.0
4	GMDS	288.0
4	GNAI3	2582.5
4	GPR156	4.0
4	GPSM2	719.25
4	GPX7	198.75
4	GSAP	246.0
4	GSDMD	357.75
4	GSTM2	1101.0
4	GTF2E2	473.5
4	GXYLT2	191.75
4	HACE1	443.75
4	HEATR5A	493.0
4	HENMT1	236.5
4	HLA-B	18590.0
4	HMGN3	71.0
4	HOXB6	2.75
4	HSD17B12	1969.25
4	HVCN1	129.0
4	HYLS1	190.5
4	IBTK	1320.0
4	IFNG	2266.0
4	IFT27	250.75
4	IFT52	127.0
4	IGSF8	504.75
4	IL17A	47.5
4	INHBC	9.25
4	IQUB	6.5
4	IRF6	101.5
4	ISOC2	112.25
4	JUP	57.0
4	KBTBD11	203.25
4	KCNN4	377.75
4	KIAA0556	470.25
4	KIF3A	549.75
4	KTN1	2801.75
4	LAMB3	17.5
4	LENG1	257.75
4	LGALS3BP	350.5
4	LILRA4	363.0
4	LONRF1	232.25
4	LRP10	3291.75
4	LRP8	2443.0
4	LRRC2	546.5
4	LSM10	174.75
4	LSM5	239.25
4	LYZ	3409.75
4	MAP3K4	3630.0
4	MAPK13	2397.75
4	MC2R	145.75
4	MCEE	63.25
4	MCFD2	1306.5
4	MDM2	8630.25
4	METTL5	882.25
4	MIB1	1397.25
4	MICA	1371.75
4	MOB1B	2312.25
4	MON2	1018.75
4	MORF4L1	3921.5
4	MPND	97.75
4	MPRIP	2047.0
4	MTIF2	1260.75
4	MUS81	609.75
4	MYO15B	513.75
4	MYO5A	1996.25
4	NARF	1335.25
4	NDUFB8	1521.0
4	NEUROD2	39.0
4	NKAP	3954.0
4	NOL12	735.75
4	NPR2	92.25
4	NR2C2	2493.75
4	NRBF2	568.25
4	NRM	278.0
4	NRP2	293.75
4	NRXN2	5.75
4	NTSR1	7.0
4	NUP160	1941.75
4	NUP58	1736.25
4	NXT2	178.5
4	OCIAD2	345.75
4	OMG	67.0
4	OR2M4	164.5
4	OR52K1	92.0
4	ORC6	18576.25
4	OXR1	373.5
4	OXT	1.5
4	PARVG	805.25
4	PCM1	7874.5
4	PDIA6	2020.0
4	PIGA	1124.25
4	PIN1	605.0
4	PLA2G12A	372.0
4	PLEKHB1	366.75
4	PLEKHG3	1246.0
4	PLSCR1	162.25
4	POLQ	201.75
4	POLR3B	918.75
4	POMGNT1	838.75
4	POT1	378.75
4	POU2F1	2317.5
4	PPM1A	1360.75
4	PPP1R8	632.75
4	PRCP	809.5
4	PSMB2	3422.0
4	PTCH2	22.75
4	PTPN7	4570.25
4	PTPRJ	839.5
4	RABEP1	4463.0
4	RALGAPB	3280.75
4	RBBP7	2756.0
4	RBBP9	536.75
4	RBM3	3140.25
4	RCC1	1253.25
4	RCN1	600.0
4	RECQL5	398.75
4	RIC8A	724.75
4	RIOK3	2127.5
4	RMI1	318.5
4	RNASEH2A	563.25
4	RNASEH2B	2391.25
4	RNF138	1362.25
4	RNF183	9.25
4	RPL10	24664.75
4	RPL7L1	6611.25
4	RPS6KL1	340.25
4	RPSA	9454.5
4	RUSC1	538.0
4	SAR1A	4859.0
4	SATB2	155.25
4	SAXO1	72.0
4	SCN2A	84.5
4	SCOC	205.5
4	SDAD1	479.75
4	SEMA3B	26.75
4	SERPINI1	19.0
4	SGO2	444.25
4	SLC17A5	292.0
4	SLC20A2	543.0
4	SLC25A39	3035.75
4	SLC44A3	1.25
4	SLC45A4	236.0
4	SLC4A2	568.0
4	SLC6A6	1917.75
4	SMC4	1064.75
4	SMIM5	78.75
4	SMTN	181.75
4	SNRPA1	1636.25
4	SOX2	24.75
4	SP2	2298.75
4	SP4	5094.25
4	SPATA25	6.25
4	SPTLC3	312.75
4	SRR	304.5
4	ST7L	615.25
4	STAMBPL1	950.5
4	STARD9	904.0
4	STK32C	44.25
4	STX4	1429.0
4	SULT1E1	21.0
4	SUV39H1	613.0
4	SYVN1	1751.25
4	TAF2	1797.5
4	TBC1D5	1724.75
4	TCF7L2	112.5
4	TESK1	1426.75
4	TEX264	323.75
4	TEX38	88.0
4	TGFB1I1	69.75
4	TIA1	2424.25
4	TLDC2	1155.25
4	TMCC2	81.25
4	TMED2	4510.0
4	TMEM120A	188.25
4	TMEM150A	189.25
4	TMEM183A	1604.5
4	TMEM68	708.25
4	TMPRSS7	13.0
4	TNPO3	2102.5
4	TOPORS	550.0
4	TP53BP2	3141.0
4	TP53TG5	57.5
4	TRADD	404.0
4	TSPAN4	43.5
4	TSPYL1	1927.75
4	TSSK2	4.5
4	TTC17	3999.0
4	TTC27	2547.25
4	TTC7B	1216.5
4	TXNDC15	1210.25
4	UBE2E1	2252.25
4	UNC50	216.5
4	USP8	3000.25
4	VAPB	1732.25
4	VEGFA	1153.75
4	VIPR1	182.25
4	VPS53	5050.5
4	VTA1	1230.25
4	WDR74	790.0
4	WDR75	1690.5
4	WDR92	457.5
4	WRAP73	293.0
4	WWP1	880.5
4	XKR6	51.25
4	XRN2	1835.0
4	YIPF3	1003.75
4	ZBTB16	193.25
4	ZBTB33	1681.25
4	ZBTB42	47.0
4	ZBTB49	309.0
4	ZFPL1	197.75
4	ZIC5	1.25
4	ZNF157	328.75
4	ZNF235	107.75
4	ZNF3	471.75
4	ZNF337	424.25
4	ZNF396	416.25
4	ZNF414	514.0
4	ZNF487	107.0
4	ZNF557	1139.75
4	ZNF567	447.0
4	ZNF619	321.0
4	ZNF700	544.0
4	ZNF746	1933.0
4	ZNF763	18.5
4	ZNF93	325.5
4	ZPLD1	8.25
4	ZW10	265.25
5	AAMDC	628.75
5	ABHD16A	590.0
5	ACAT1	582.75
5	ACAT2	496.5
5	ACBD4	230.0
5	ACKR2	150.75
5	ACOT2	229.0
5	ACOT9	1000.0
5	ACTL6A	1353.25
5	ADCY9	571.0
5	AGPAT4	373.75
5	AIP	489.25
5	AKAP1	1117.75
5	AMD1	3405.75
5	ANKRD24	30.5
5	ANKRD39	464.0
5	ANLN	63.75
5	ANXA2	1739.5
5	AP1M1	2087.0
5	APAF1	862.25
5	API5	6112.0
5	AREG	30.75
5	ARG1	126.5
5	ARMC6	281.25
5	ASF1A	1142.5
5	ATL1	28.75
5	B3GALT2	136.0
5	B3GNT9	172.25
5	BCL6B	8.5
5	BDP1	3254.5
5	C11orf24	732.0
5	C12orf40	36.0
5	C15orf61	167.75
5	C16orf58	698.75
5	C1orf198	127.5
5	C3orf20	9.5
5	C4orf45	1.25
5	C6orf47	423.0
5	CAPS2	188.25
5	CAV1	1.5
5	CCNYL1	1029.75
5	CCP110	1099.75
5	CEP350	2346.0
5	CHD1	1738.0
5	CHST2	110.0
5	CHST4	10.75
5	CIAPIN1	661.0
5	CLDND2	46.0
5	CLEC12A	7.0
5	CLEC2A	0.75
5	CLUL1	58.5
5	CMC4	7.5
5	CNN2	7685.0
5	COL1A1	149.25
5	COL6A3	1158.25
5	COPB2	2690.75
5	COX4I1	3869.75
5	COX5B	375.5
5	CRNKL1	1102.75
5	CTPS2	81.5
5	CUL5	701.0
5	CYB5A	596.5
5	CYP8B1	71.75
5	DAG1	897.0
5	DCPS	351.75
5	DDX10	1850.25
5	DDX58	355.5
5	DHRS3	798.75
5	DLG4	574.5
5	DNAJC12	51.75
5	EBPL	1684.5
5	EFCAB12	220.25
5	EFTUD2	2768.25
5	EIF2AK4	599.25
5	ELOVL6	487.75
5	EOMES	228.0
5	EPB41L5	101.5
5	EPGN	2.0
5	EPSTI1	1069.25
5	F8	31.5
5	FAAP100	311.5
5	FABP2	113.0
5	FANCC	812.0
5	FBXW9	39.5
5	FCGR2A	58.0
5	FCRL2	121.25
5	FGD3	1522.0
5	FNDC9	189.25
5	FSIP1	1.75
5	G2E3	457.25
5	GART	1595.25
5	GBA	661.25
5	GCNT4	301.25
5	GCSH	235.0
5	GLCE	217.25
5	GOT1	323.0
5	GPR179	70.25
5	GRID1	11.0
5	GSDMB	1321.5
5	GSK3A	2026.75
5	HDAC2	1429.0
5	HDAC6	844.75
5	HEATR3	1137.75
5	HLA-DOB	211.5
5	HSF2	227.5
5	HSPB11	279.75
5	IFNAR1	1078.5
5	IFNGR2	224.5
5	IGF1	226.0
5	IGFL4	115.5
5	IL10	3311.25
5	ILDR2	613.0
5	IMPDH2	1599.25
5	INO80C	682.25
5	INTS6L	484.5
5	IQCJ-SCHIP1	4.25
5	IRGM	87.75
5	ITGB3BP	141.0
5	JOSD1	2062.5
5	KANK1	502.25
5	KCNAB2	1447.5
5	KCNJ11	64.75
5	KIAA0232	858.25
5	KIF13B	637.5
5	KLHL15	818.0
5	KLHL24	1586.5
5	KRT73	41.75
5	LDHB	8066.25
5	LMAN2	937.25
5	LMO2	21.0
5	LRBA	4059.5
5	LTBP2	59.25
5	LYPLA1	1476.5
5	LYRM9	82.75
5	MAP2K6	183.5
5	MEGF8	278.5
5	MERTK	22.25
5	MICAL1	917.75
5	MLANA	643.0
5	MLPH	109.25
5	MOB3A	3790.25
5	MRPL16	320.0
5	MRPL35	754.5
5	MRPS28	248.5
5	MTMR12	1341.5
5	MYEOV	14.75
5	NCOA4	3711.0
5	NDST2	895.25
5	NDUFA4L2	77.25
5	NDUFA6	491.75
5	NDUFS5	523.75
5	NFIX	629.0
5	NME9	174.0
5	NMI	408.0
5	NR4A1	873.25
5	NUDT17	90.75
5	NUDT3	3823.25
5	OGT	24942.0
5	OR52M1	11.25
5	OTUD7B	1803.25
5	PARVB	733.75
5	PASK	2676.75
5	PDCD10	6193.0
5	PDE5A	170.25
5	PEA15	2002.0
5	PHF14	1381.0
5	PIAS1	3456.5
5	POU2F3	55.5
5	PPA1	3433.75
5	PPFIBP2	137.0
5	PRCD	11.0
5	PRDM11	183.0
5	PRKAB2	619.0
5	PRPF3	2770.0
5	PRUNE2	11.0
5	PSMD2	2503.75
5	R3HDM1	3435.75
5	R3HDM2	5035.25
5	RAB2A	805.0
5	RABGGTA	642.5
5	RAI1	1033.0
5	RBBP6	5096.75
5	RBM12B	910.5
5	RBM27	1676.0
5	RBSN	871.5
5	RDX	1538.25
5	RNF13	477.75
5	RPH3AL	120.25
5	RPIA	542.25
5	RPL14	6801.0
5	RPS9	8577.0
5	RPUSD2	271.25
5	RTTN	2727.25
5	SAP30	39.5
5	SAP30BP	724.75
5	SCAF11	3835.25
5	SCAMP2	2938.5
5	SCN1A	77.25
5	SDCBP	1094.25
5	SDCCAG8	1353.75
5	SECISBP2L	617.75
5	SEMA4B	289.0
5	SERTAD3	56.0
5	SFT2D3	53.0
5	SHF	185.75
5	SLC16A10	1597.5
5	SLC22A18	230.75
5	SLC25A26	483.5
5	SLC29A3	173.0
5	SLC2A12	16.5
5	SLC39A2	3.0
5	SLC44A1	863.75
5	SLC9A6	1003.5
5	SMAGP	298.5
5	SMAP2	4603.0
5	SMARCE1	3270.0
5	SNRPB2	704.0
5	SNRPE	556.0
5	SNX14	239.25
5	SOGA3	3.75
5	SPATA3	1.5
5	SPINK2	1.5
5	SPOCD1	49.0
5	SPTB	96.75
5	SPTLC1	1168.0
5	SPTSSB	1.5
5	SSR1	3734.75
5	STEAP1B	2.5
5	SUPV3L1	1820.5
5	SYBU	2.5
5	TACR2	148.25
5	TAOK2	716.5
5	TCP10L2	1.25
5	THOC5	2392.75
5	TMEM219	191.25
5	TRAPPC12	636.0
5	TRIB3	415.25
5	TRIM37	1195.0
5	TTC31	421.75
5	TWF1	386.5
5	UAP1	1958.75
5	UBE2J1	829.75
5	UBR1	1600.25
5	UROS	384.5
5	VPS26A	507.25
5	VPS33A	1733.75
5	VPS41	1815.25
5	WDR1	3943.25
5	WDR17	451.0
5	WDR26	4634.25
5	WDYHV1	277.5
5	WHAMM	1777.25
5	ZBTB18	459.25
5	ZBTB24	1053.25
5	ZC3H12D	4225.5
5	ZC3H4	1443.75
5	ZHX1-C8orf76	77.5
5	ZKSCAN1	5987.0
5	ZNF19	275.5
5	ZNF253	787.0
5	ZNF319	490.25
5	ZNF331	2506.25
5	ZNF502	39.75
5	ZNF585B	812.5
5	ZNF668	169.75
5	ZNF687	1057.5
5	ZNF689	261.5
5	ZNF692	660.75
5	ZNF749	121.75
5	ZNF879	125.0
5	ZSCAN32	417.5
5	ZSWIM8	1274.75
6	ABLIM3	1.5
6	ACAA1	573.75
6	ADGRG1	331.25
6	AHCY	743.75
6	ALDH3A1	5.75
6	ALKBH1	183.0
6	ANKRD10	1164.5
6	ANKRD6	198.0
6	ANP32A	15270.5
6	APOM	39.5
6	ARFIP1	324.5
6	ARHGAP26	1518.0
6	ARHGAP27	1379.0
6	ARHGAP35	1478.0
6	ARL4C	4285.25
6	ATOX1	331.5
6	ATP13A3	4404.5
6	BEX2	548.0
6	BTBD11	350.75
6	C12orf4	764.75
6	C12orf66	514.25
6	C2CD4A	209.0
6	CAPN2	2451.75
6	CAPSL	1.5
6	CBR3	66.0
6	CBX8	13.75
6	CCDC106	19.25
6	CCDC159	310.25
6	CCDC47	2507.25
6	CCDC9	549.5
6	CD22	655.75
6	CDH16	2.5
6	CEP250	1690.25
6	CEP57	1021.0
6	CFAP157	107.5
6	CHCHD1	120.25
6	CHTOP	4719.75
6	CKS1B	334.0
6	CLEC7A	528.0
6	CLVS1	93.0
6	CNN3	23.75
6	CNNM4	287.0
6	CNOT3	2894.0
6	COL19A1	88.75
6	COQ7	133.0
6	CR1	615.5
6	CREG1	528.25
6	CRIP3	6.75
6	CSRP1	914.5
6	CTR9	2049.5
6	CUEDC1	2.5
6	CWC22	830.75
6	CWC25	1277.0
6	CYB561	253.25
6	CYB561A3	913.75
6	CYP2E1	46.75
6	DBNL	1613.5
6	DCBLD1	245.75
6	DCDC2	74.75
6	DCUN1D4	1153.5
6	DDX19B	1390.0
6	DDX25	249.75
6	DHH	28.0
6	DHX33	3381.25
6	DIABLO	1424.25
6	DLD	1432.25
6	DLK2	217.5
6	DNAJB4	135.0
6	DPY30	378.0
6	DRICH1	20.25
6	DTYMK	701.75
6	DYRK1B	80.25
6	EIF2B3	556.0
6	EIF3H	2957.0
6	EIF5	2677.0
6	EPB41L3	154.25
6	ERCC5	522.5
6	EXOSC3	1300.25
6	EXOSC8	954.75
6	FAM160B1	701.5
6	FANCF	315.5
6	FCHSD1	650.0
6	FCRLB	2.25
6	FDX1	478.0
6	FLNA	5738.25
6	FOXD2	18.5
6	FPGS	309.0
6	FRAT1	90.5
6	GEMIN8	124.0
6	GGCX	709.5
6	GRASP	340.75
6	GTF3C2	3151.75
6	HK1	2042.75
6	HMSD	5.25
6	HNRNPH3	12903.75
6	HOXA6	4.75
6	HSD17B6	44.25
6	HTATIP2	337.75
6	ICAM3	1490.0
6	ICAM4	134.25
6	IDH3B	1330.75
6	IFI35	305.25
6	IFIT1	190.25
6	IFT46	320.5
6	IKBKG	248.25
6	IL12RB2	3683.25
6	IL9	1497.0
6	INTS2	1402.0
6	IQCA1	2.75
6	ITFG2	1984.25
6	ITGAE	172.25
6	KBTBD4	338.5
6	KCTD21	368.0
6	KIAA1671	448.5
6	KRTAP16-1	26.75
6	LAMP3	1125.75
6	LAP3	1522.5
6	LCN12	32.25
6	LIPE	402.75
6	LRRD1	359.25
6	LSM8	395.25
6	LUC7L3	2716.0
6	LYPLA2	1054.0
6	MAN2C1	1246.5
6	MCTS1	123.5
6	MED11	249.75
6	METTL16	1425.0
6	MFAP3L	121.0
6	MIEN1	318.25
6	MMRN1	5.5
6	MOB3C	223.25
6	MORF4L2	672.25
6	MOV10L1	134.5
6	MPC2	359.0
6	MT1H	2.25
6	MT1M	1.25
6	MTHFS	66.25
6	NANOS3	1.25
6	NAT9	349.75
6	NEIL1	301.0
6	NIFK	1589.75
6	NKG7	744.5
6	NMD3	1122.25
6	NPAT	4214.5
6	NRP1	187.5
6	NSUN6	391.0
6	NUMB	3052.75
6	PALM3	28.25
6	PCDHGA5	79.5
6	PDK3	984.25
6	PEX2	544.5
6	PFKFB2	306.75
6	PIANP	100.25
6	PIH1D2	32.0
6	PIK3R4	379.25
6	PLCB1	302.0
6	PLEKHG5	150.75
6	PNN	5071.5
6	PNPLA8	373.5
6	POLR2B	1685.25
6	POP5	616.5
6	PPCDC	172.0
6	PPFIBP1	406.0
6	PPM1K	1715.0
6	PPP1R15B	2711.75
6	PPP2R3C	249.0
6	PRKACA	594.25
6	PRLR	12.0
6	PRPF18	591.75
6	PRRC2C	16379.25
6	PSEN1	1652.25
6	PSMB11	5.25
6	PSMG4	777.0
6	PUS3	388.5
6	RAB11FIP4	1935.0
6	RAB3GAP1	1370.0
6	RAB9A	87.5
6	RAE1	499.25
6	RANGRF	179.75
6	RBBP4	2303.0
6	RBX1	752.5
6	RCL1	1724.5
6	REEP4	210.25
6	REG4	7.5
6	RIPK1	2545.0
6	RMDN2	63.5
6	RNASEL	289.75
6	RNF181	212.25
6	RPL13	6315.5
6	RPL27A	5895.5
6	RPL39	1179.25
6	RPS14	5172.75
6	RRP15	5829.75
6	RUBCN	3310.75
6	S100A5	13.5
6	SAMD4A	281.75
6	SCN2B	66.75
6	SCYL3	569.75
6	SEC61A1	3488.25
6	SENP8	542.25
6	SEZ6	23.25
6	SF3A1	16333.25
6	SFRP5	1.25
6	SFXN4	402.75
6	SIKE1	790.25
6	SIN3A	5263.25
6	SKAP1	1497.5
6	SLC19A1	851.5
6	SLC19A2	174.5
6	SLC25A19	1191.25
6	SLC30A5	1713.0
6	SLC9A5	53.5
6	SLX4IP	597.75
6	SMARCB1	1909.25
6	SMOX	80.75
6	SMYD5	468.0
6	SNTA1	30.0
6	SNU13	232.25
6	SNUPN	1656.75
6	SNX18	549.25
6	SPATA24	13.75
6	SPATA4	3.0
6	SPPL2A	2890.25
6	SPRYD4	1711.75
6	ST3GAL1	2175.5
6	STXBP3	1084.75
6	SYNPO2L	72.5
6	TEF	95.0
6	TEX10	844.0
6	TEX30	71.0
6	TGFB3	190.5
6	TM9SF3	1198.0
6	TMEM106C	220.75
6	TMEM14C	176.0
6	TMEM220	390.25
6	TNFSF15	169.0
6	TNNT1	12.75
6	TOR1AIP1	2180.5
6	TPP2	3841.25
6	TRMT1L	249.5
6	TTC12	215.75
6	TUFT1	393.0
6	UBE2O	735.75
6	UBXN4	1146.0
6	USP2	29.75
6	UTP23	418.0
6	WDR83	275.5
6	WIZ	629.75
6	WNT1	12.5
6	YIPF4	3497.5
6	YPEL2	782.0
6	ZBTB26	175.75
6	ZBTB6	537.75
6	ZBTB7B	1764.25
6	ZNF227	301.25
6	ZNF302	390.75
6	ZNF33B	587.5
6	ZNF362	880.5
6	ZNF426	1048.75
6	ZNF432	603.25
6	ZNF616	307.0
6	ZNF75D	225.5
6	ZNF81	447.25
6	ZNF846	185.5
6	ZSCAN2	326.5
7	ABHD6	111.75
7	AKAP13	6729.75
7	AKT1	1115.25
7	ALKBH2	550.0
7	APBB1	703.5
7	APEX1	7698.75
7	APOL2	1692.75
7	AZIN2	136.5
7	BCS1L	457.0
7	BOLA1	44.5
7	BZW1	4586.5
7	CCDC141	821.25
7	CD38	947.0
7	CDC23	814.0
7	CDCA4	446.75
7	CDHR4	113.5
7	CDKN2AIP	584.5
7	CDKN2D	781.25
7	CECR2	155.0
7	CENPH	593.5
7	CHAC2	291.75
7	CHEK2	1107.75
7	CHIC2	266.0
7	CHODL	16.0
7	COL8A2	16.25
7	CPNE1	2968.5
7	DCAF13	1270.25
7	DCAF8	1684.25
7	DCTN2	1104.5
7	DHX36	1302.5
7	DNAJB12	618.5
7	DNAJC6	113.25
7	DST	1579.5
7	EID2B	92.25
7	EMP1	276.5
7	EMP3	925.75
7	EPAS1	289.5
7	EPS15L1	1155.5
7	EREG	563.25
7	ERO1A	4817.0
7	ESR1	228.75
7	EXPH5	808.25
7	FADS3	218.0
7	FAM53B	1163.5
7	FAM53C	1779.25
7	FBRS	2530.0
7	FCHSD2	2165.75
7	FERMT2	178.0
7	FMN1	1795.0
7	G0S2	178.0
7	GMPS	2914.75
7	GNB5	1175.0
7	GPER1	63.0
7	GRSF1	1585.75
7	GZMA	347.0
7	HIPK3	2671.5
7	HMGCL	493.75
7	HOXA5	1.75
7	IL17D	50.75
7	IL2	4143.5
7	IL5	401.0
7	JUNB	11853.75
7	KANSL1L	407.5
7	KCNMB3	105.0
7	KCNN3	110.25
7	KDM3A	3063.5
7	KLHL32	36.0
7	KMT2A	17277.0
7	KSR1	1962.0
7	LAT2	386.25
7	LGI4	7.75
7	LIMS2	168.25
7	LMO7	1007.0
7	LNP1	50.5
7	LRFN3	168.5
7	LRRN4CL	110.25
7	LTBP4	1353.75
7	MADD	4332.5
7	MAGEF1	202.25
7	MAP9	135.25
7	MAST3	1923.5
7	MCCC1	917.5
7	MEIS3	20.0
7	METTL15	618.25
7	MMADHC	1135.5
7	MMP19	6.5
7	MRPS22	779.0
7	MRVI1	6.5
7	MTF2	787.25
7	NCAPG2	926.5
7	NICN1	473.5
7	NRSN2	71.75
7	NUTM1	12.5
7	OR1I1	563.75
7	OR4D1	98.25
7	PAFAH1B3	424.5
7	PANK2	1431.75
7	PAXIP1	1378.5
7	PBLD	323.25
7	PCGF2	33.5
7	PCSK7	13160.5
7	PDE12	3872.5
7	PDGFB	6.0
7	PDIA4	1631.25
7	PGAP2	481.25
7	PHC2	267.25
7	PIGS	1236.0
7	PIK3C3	1902.5
7	PITPNC1	1104.75
7	PLEKHG2	2032.5
7	PLEKHM3	962.75
7	PPM1G	3614.25
7	PROZ	1.0
7	PRPF19	1858.5
7	PTPRF	227.0
7	PTPRU	4.25
7	RAD17	673.75
7	RAD51D	1008.0
7	RAD9B	140.75
7	RB1CC1	1177.25
7	RBKS	65.0
7	RCSD1	2425.5
7	RHOB	118.5
7	RHOBTB3	464.75
7	RHOF	1199.75
7	RIMS2	172.25
7	RNF187	1004.0
7	RPL15	12810.25
7	RPS13	13908.0
7	RRM1	2726.25
7	RSPRY1	512.75
7	RSRC1	718.0
7	SBF2	1552.0
7	SGCA	3.25
7	SGPL1	3915.5
7	SIK2	1128.25
7	SLC38A6	537.75
7	SLC9A3R2	21.75
7	SMARCC1	10680.5
7	SMIM3	99.0
7	SNRPA	1494.5
7	SNX13	635.0
7	STAU2	536.75
7	STRBP	1619.25
7	STYK1	19.25
7	SUPT20H	3069.75
7	SYPL1	620.0
7	SYT8	24.75
7	TAF7L	6.75
7	TAGLN3	4.0
7	TCAIM	361.5
7	THG1L	452.0
7	TMA16	678.0
7	TMEM39A	1018.25
7	TMIE	6.25
7	TNRC6A	2354.5
7	TRIM24	3311.75
7	TRIM27	7058.0
7	TRNT1	849.0
7	TTBK2	608.5
7	TXNL4B	1166.5
7	UBE2D2	1770.5
7	UBN2	1418.25
7	UBR7	625.0
7	USP16	1201.0
7	USP25	1533.75
7	USP48	3042.0
7	VCP	5848.25
7	VTI1A	1491.75
7	WAPL	2761.0
7	WDR91	825.75
7	ZACN	413.75
7	ZFAT	532.75
7	ZNF148	1223.75
7	ZNF20	62.75
7	ZNF205	9.25
7	ZNF254	408.5
7	ZNF569	112.25
7	ZNF675	609.25
7	ZRSR2	408.0
7	ZSCAN23	11.0
8	ABCA2	680.75
8	ACD	778.25
8	ACTR8	518.25
8	ADARB1	1948.75
8	ADCY10	2.75
8	AIFM1	1066.5
8	AKNA	7833.5
8	ANKRD49	360.5
8	AP1S2	313.25
8	APH1A	825.25
8	ARHGAP17	1468.75
8	ARHGEF9	724.0
8	ARMC2	51.25
8	AUH	267.25
8	B4GALNT3	81.5
8	BAG2	523.0
8	BAG3	530.25
8	BCL2L2	30.0
8	BFAR	2018.25
8	BIRC2	307.0
8	CA5B	2275.0
8	CAMK1G	3.75
8	CAMSAP1	2815.75
8	CASP8AP2	781.75
8	CCDC125	1875.25
8	CCDC146	82.0
8	CCR1	52.25
8	CD72	83.25
8	CDC42EP1	28.0
8	CDC6	3505.25
8	CEACAM6	2.5
8	CENPM	195.25
8	CETN3	97.25
8	CFAP70	118.0
8	CHMP3	868.0
8	CHMP7	1605.5
8	CIDEB	1069.0
8	CLINT1	5665.5
8	CLPX	1959.0
8	COMMD10	177.75
8	COMMD6	86.75
8	CREBBP	7325.5
8	CSNK2A2	6113.25
8	CYB5B	1379.5
8	CYP2R1	261.25
8	DAPP1	821.5
8	DCTPP1	767.0
8	DDX27	1558.0
8	DHRS12	164.25
8	DMTN	382.0
8	DNAJC27	103.25
8	DNAJC28	54.75
8	DOK4	84.0
8	DONSON	445.25
8	DPF3	22.0
8	DPH1	2045.5
8	DUSP22	574.25
8	ECT2	612.25
8	EFNA4	110.5
8	EGR2	5327.0
8	EID3	165.25
8	EIF3L	3780.0
8	EIF4A2	13987.0
8	ENPP4	258.25
8	EVI2B	4519.25
8	EXOC7	1959.5
8	FAM117B	2409.25
8	FASTKD2	518.25
8	FBXO4	117.75
8	FGF1	10.25
8	FMO5	239.75
8	FNDC3B	3419.75
8	FXR1	2808.25
8	GADD45GIP1	746.5
8	GLRX5	206.75
8	GMFB	1263.75
8	GNAI2	5953.0
8	GPX8	65.25
8	GRK6	2016.5
8	GSS	1056.25
8	GUF1	2241.5
8	HDAC7	2666.25
8	HMGN5	57.25
8	HNRNPU	46714.25
8	HSD17B4	962.25
8	IL1RL2	10.5
8	IL36A	1.25
8	INPP5K	769.75
8	IRF9	2225.0
8	ISG20	802.5
8	ITGB2	2657.0
8	ITM2C	242.0
8	ITPR2	3720.0
8	JRKL	196.5
8	KAT5	541.75
8	KLHL5	576.0
8	LAGE3	120.25
8	LAMTOR5	960.75
8	LCK	2352.75
8	LHPP	227.0
8	LMOD3	219.5
8	LPIN1	2652.25
8	LPIN3	128.75
8	LYRM4	1231.5
8	MGAT5B	11.5
8	MLF2	2091.5
8	MPHOSPH9	1050.0
8	MPPE1	1251.0
8	MT1F	64.5
8	MTDH	7404.75
8	MTPN	1514.25
8	MTRNR2L3	95695.25
8	MYLK4	47.0
8	MYOM1	126.75
8	NCAPD3	1297.25
8	NCOR1	6303.75
8	NDUFAF4	251.5
8	NEDD4	567.75
8	NFYB	465.25
8	NOSIP	618.0
8	NUAK2	313.75
8	NUP210L	26.75
8	OGDH	1347.5
8	OMA1	364.25
8	OR1J1	7.25
8	ORMDL2	501.0
8	PAK2	4912.0
8	PCDHGA12	3.0
8	PDGFRA	24.25
8	PDS5A	4558.75
8	PERP	42.75
8	PKN2	923.5
8	PLB1	13.0
8	PNMA1	637.5
8	PPIA	13482.75
8	PPP1CA	1508.5
8	PRKCD	460.75
8	PRND	178.5
8	PSRC1	8.25
8	PTS	152.5
8	PUM1	4298.25
8	PYGM	335.0
8	QSOX1	343.75
8	QTRT1	737.25
8	RAB1A	3453.5
8	RAB23	38.0
8	RAP2C	3043.0
8	RAPGEFL1	260.75
8	RERG	113.25
8	RGS16	660.5
8	RHBDD2	1401.5
8	RLN2	10.5
8	SACM1L	1821.5
8	SCAI	2333.25
8	SCAMP1	613.25
8	SEH1L	7571.0
8	SETDB2	1140.0
8	SHC1	1906.25
8	SLAIN1	738.5
8	SLC25A46	1454.75
8	SLC34A1	0.5
8	SLC38A2	10246.25
8	SNX6	957.0
8	SPSB1	428.0
8	SPTLC2	1287.25
8	SRGAP3	716.75
8	SRP68	2221.25
8	SS18	2890.25
8	STAMBP	439.5
8	STARD3NL	419.5
8	SYNRG	2637.5
8	TAF13	156.5
8	TANK	850.25
8	TBC1D15	1103.25
8	TCF3	2590.75
8	THAP3	236.5
8	THAP4	337.0
8	THEM5	63.75
8	THNSL1	124.25
8	TIRAP	463.25
8	TMEM128	98.25
8	TMEM161A	382.25
8	TMEM165	1608.5
8	TMEM70	188.0
8	TMEM9	203.25
8	TNFSF13	56.25
8	TPBGL	14.25
8	TPD52	1089.5
8	TPP1	4626.5
8	TRIM33	1923.25
8	TRIP10	209.0
8	TSEN15	1697.75
8	TSN	1000.5
8	TTC5	298.25
8	TTLL11	64.25
8	TTN	18219.5
8	TXNDC9	285.0
8	U2AF2	2738.0
8	UGGT1	4477.0
8	ULBP2	6.0
8	UMODL1	0.5
8	USP11	822.75
8	VPS37B	917.75
8	VPS50	870.5
8	WASL	340.75
8	WNT8B	13.25
8	WRAP53	195.0
8	ZAP70	3819.25
8	ZDHHC6	983.75
8	ZFP30	467.0
8	ZFP90	1596.25
8	ZNF207	10505.25
8	ZNF436	104.0
8	ZNF561	454.75
8	ZNF599	238.75
8	ZNF680	152.25
8	ZNF747	394.75
8	ZNF777	378.0
9	ABCC11	55.5
9	ABL2	1947.25
9	ACAP2	3820.25
9	ADAR	13712.5
9	AHR	2970.75
9	AKT1S1	217.0
9	ALPK1	686.5
9	ANKRD61	82.25
9	APOBEC3B	25.0
9	APOL6	2822.25
9	ARF6	3211.25
9	ARHGAP18	131.75
9	ARHGEF2	2474.5
9	ARMC8	1907.0
9	ATP11B	3542.0
9	ATP6V0E1	1709.75
9	B4GALNT1	26.25
9	BEST1	461.5
9	BORCS7	1975.25
9	C19orf54	399.25
9	C1GALT1C1	90.75
9	C5	84.75
9	CABIN1	1982.25
9	CANX	38732.0
9	CCDC65	81.5
9	CCM2	1055.5
9	CDK16	1558.75
9	CFAP77	2.5
9	CGREF1	72.75
9	CLDN15	170.25
9	CLOCK	1085.75
9	COX17	320.75
9	CSRNP2	668.75
9	DAGLA	32.0
9	DAZAP2	2872.0
9	DNAJC14	1179.5
9	DNAJC18	481.25
9	EID2	90.75
9	EIF5B	18548.0
9	ENTPD1	780.0
9	ERCC6L2	701.0
9	ETS2	868.25
9	ETV5	31.75
9	FARS2	156.0
9	FBL	5156.5
9	FBXO43	191.0
9	FBXO7	1825.75
9	FILIP1	104.0
9	FLG2	35.5
9	FMOD	22.25
9	FOXO3	1218.75
9	GADD45G	5.75
9	GAN	39.25
9	GLG1	11445.75
9	GNGT2	56.0
9	GON4L	2735.75
9	GP5	57.25
9	GPC5	1.5
9	GSTCD	523.25
9	GTF3C6	465.25
9	HIVEP3	10224.5
9	HMOX2	653.5
9	HSPBP1	419.0
9	ICAM1	1371.5
9	IFIT1B	3.0
9	IGIP	176.0
9	INTS8	1556.5
9	KLHDC8A	5.0
9	KLRD1	701.75
9	KLRG1	686.0
9	LAMTOR1	403.0
9	LECT2	9.5
9	LIMS1	1948.75
9	MEF2C	86.0
9	MFSD11	374.5
9	MIP	6.25
9	MRPL55	214.75
9	MRPS21	1952.75
9	MTFR1L	537.75
9	MTR	4114.25
9	MX1	1497.75
9	NCBP3	2481.25
9	NFIL3	479.75
9	NFKBIA	6508.5
9	OAZ3	107.25
9	PAK1	484.25
9	PCDHGA1	42.5
9	PCDHGA10	30.0
9	PCDHGA6	338.5
9	PCDHGA9	21.5
9	PCDHGB1	7.75
9	PCDHGB2	8.0
9	PCDHGB3	18.25
9	PHF20	1274.25
9	PHGDH	611.0
9	PIGT	3581.5
9	PIM2	5169.25
9	PNRC1	4701.0
9	PPIE	820.75
9	PPIG	2519.5
9	PPP2R5D	425.0
9	PRDM10	273.5
9	PSMD3	2677.75
9	RAB4A	263.5
9	RASAL1	34.25
9	RBL1	3238.5
9	RBM38	2279.0
9	RBM4	1911.75
9	REXO4	753.75
9	RHOC	86.5
9	RINL	973.75
9	RNPEP	230.0
9	RPS27	7741.75
9	RPS3A	11080.75
9	RPS6	18709.0
9	RUVBL1	2853.5
9	SELE	4.25
9	SLC39A8	554.5
9	SPIRE1	160.25
9	SRP72	2782.75
9	STK38L	378.5
9	STX19	3.5
9	SUSD4	121.25
9	SYNE1	3182.0
9	TAF1D	7146.25
9	TBK1	342.75
9	TFAM	2101.0
9	TLCD2	793.25
9	TMEM106B	1414.5
9	TMEM145	265.5
9	TMEM241	490.25
9	TMEM67	712.5
9	TMEM86A	86.75
9	TRIM56	6807.5
9	TXK	1004.5
9	TXNL1	2473.0
9	UBL3	634.25
9	UFM1	1231.5
9	USP33	3837.5
9	VIPAS39	454.75
9	VSIG4	4.0
9	WDR44	784.75
9	WFDC3	4.75
9	ZFAND4	659.75
9	ZMAT2	982.5
9	ZNF121	3759.5
9	ZNF292	4158.75
9	ZNF326	1445.25
9	ZNF37A	2910.75
9	ZNF491	33.5
9	ZNF681	493.0
9	ZNF69	211.75
9	ZRANB3	301.5
10	ACSBG1	448.75
10	ACVR1B	589.5
10	ADRM1	1947.5
10	AKIRIN2	640.0
10	AKR1C3	6.75
10	ALDOA	3029.5
10	AMBRA1	1016.0
10	ANKRD23	71.0
10	AOC2	61.25
10	ARID5A	782.5
10	ARRB2	3380.0
10	ATAT1	400.0
10	ATRIP	281.0
10	BAZ2A	6223.5
10	C17orf78	5.5
10	C1GALT1	704.0
10	C1QTNF1	6.25
10	C1RL	452.25
10	C2orf88	65.0
10	CAMK4	7156.25
10	CBR4	476.0
10	CCNB1	104.5
10	CCPG1	2031.75
10	CD46	2587.75
10	CDK7	571.25
10	CFI	432.25
10	CFL2	783.25
10	CLCN3	1264.25
10	CMSS1	1999.0
10	CNOT2	2271.75
10	CPSF6	2259.0
10	CRK	559.5
10	CRLF3	3889.25
10	CTDSPL2	1991.25
10	CTNNB1	5608.5
10	DAP	681.0
10	DCLRE1C	579.25
10	DCUN1D5	439.5
10	DDX5	19588.25
10	DEDD	902.0
10	DMC1	1423.25
10	DNAJC16	1002.5
10	DPM2	834.5
10	EFR3A	1298.0
10	EID1	5153.25
10	EIF2AK3	126.5
10	EIF4E3	1587.5
10	EIF4G3	4249.5
10	EMC9	119.75
10	ENKUR	4.75
10	EPB41L1	5.25
10	EPS8	305.75
10	ERI3	313.0
10	ERRFI1	135.75
10	EYA3	2407.5
10	FAAH2	384.75
10	FAM162A	274.5
10	FAM177A1	1701.5
10	FANCE	130.25
10	FBXO47	1.25
10	FBXO5	383.0
10	FHL1	250.0
10	FKBP11	1210.25
10	FOPNL	1253.5
10	FUCA1	125.0
10	GATB	274.5
10	GLB1L2	283.25
10	GPRC5B	39.25
10	GRPEL1	1219.5
10	GRWD1	767.0
10	GXYLT1	376.25
10	HAMP	287.0
10	HERPUD2	3365.0
10	HOMER2	232.25
10	HOOK2	600.75
10	HRNR	26.0
10	HSDL2	178.25
10	IGF2R	2390.5
10	IL5RA	72.5
10	IPO11	1394.25
10	ISLR2	82.5
10	ITPR1	3258.75
10	KDM2A	4071.75
10	KIF2C	51.0
10	KLHL31	10.5
10	MBD1	2581.0
10	MBD2	2246.75
10	MED28	1351.0
10	METTL8	1285.5
10	MFAP5	145.5
10	MOV10	1061.75
10	MRPL23	303.75
10	MYCL	5.75
10	NDUFA5	424.75
10	NEMP2	626.75
10	NRN1L	19.0
10	NUP35	540.25
10	OR2V2	157.75
10	OS9	1356.75
10	PARP11	517.75
10	PDCD1LG2	4.0
10	PEX26	5867.5
10	PFDN1	561.25
10	PFKFB3	1307.75
10	PHB2	3476.25
10	PLEKHB2	2408.75
10	POFUT2	183.5
10	POLB	562.5
10	POLL	478.0
10	POLR3E	1939.5
10	POR	351.5
10	PPHLN1	5641.75
10	PPIH	198.0
10	PPM1N	85.0
10	PPOX	227.25
10	PRKCSH	2635.5
10	PSTK	357.5
10	RBMS2	696.0
10	RCOR3	1843.75
10	RIBC1	37.75
10	RNASE10	25.0
10	RNF24	785.5
10	RNFT2	598.0
10	RNH1	1068.5
10	RPL11	9060.25
10	S1PR5	50.0
10	SEC22C	951.0
10	SEPHS1	1114.0
10	SIPA1L1	1940.5
10	SIRT1	843.5
10	SLC17A7	55.75
10	SLC23A3	83.5
10	SLC27A3	46.75
10	SLC36A1	483.5
10	SLC4A9	4.0
10	SLC9A4	348.5
10	SLCO4A1	234.0
10	SNAP23	2349.75
10	SP6	5.5
10	SPATA9	9.0
10	SPDYA	47.75
10	SPINT1	83.75
10	SSB	1699.5
10	SSBP2	2446.25
10	STAU1	2688.0
10	STIL	271.75
10	STIP1	6397.0
10	STK4	12836.5
10	TAF10	1742.0
10	TBC1D14	1465.5
10	TBP	2489.0
10	TLR1	145.5
10	TMEM126B	732.0
10	TMEM63C	14.0
10	TPM4	19427.75
10	TRAF2	792.5
10	TSHR	313.75
10	TSPAN16	3.25
10	TTC30A	39.0
10	TULP2	4.25
10	USP10	2761.25
10	WDR53	216.75
10	WSB1	3352.0
10	YJEFN3	250.0
10	YTHDC1	14022.25
10	ZFP69B	218.75
10	ZNF266	1060.5
10	ZNF281	541.75
10	ZNF345	642.5
10	ZNF410	929.0
10	ZNF518A	329.25
10	ZNF580	571.0
10	ZNF684	155.5
10	ZNF774	441.25
10	ZXDB	671.75
11	ABR	2579.0
11	ACBD5	796.0
11	ACKR3	110.5
11	ACSM3	78.0
11	ADRB2	60.5
11	AGFG1	5271.0
11	ALG6	257.25
11	ALG8	1014.75
11	AMMECR1	513.5
11	ANK3	2788.25
11	AOAH	274.75
11	ARPC3	581.25
11	BCAS2	1088.25
11	BFSP1	12.0
11	BRDT	97.5
11	C1orf105	1.75
11	C1orf194	3.5
11	C22orf46	61.0
11	C2orf42	357.5
11	CARD11	1330.25
11	CATIP	357.25
11	CATSPERG	367.25
11	CCDC92	1044.5
11	CEP120	2785.5
11	COL28A1	183.75
11	COX7A2L	371.0
11	DCAF4	344.5
11	DDB2	1011.0
11	DIS3L2	1296.25
11	DOCK8	5536.5
11	DTX4	9.75
11	DUSP14	180.5
11	EIF1AY	583.75
11	EP300	6554.25
11	EPN2	311.75
11	ESM1	5.25
11	ESPL1	434.25
11	ESRRA	467.75
11	FBXL19	310.0
11	G6PC2	7.5
11	GABPA	670.0
11	GALK2	601.0
11	GCSAM	194.5
11	GLRX	1059.75
11	GLRX3	960.75
11	GMPPA	777.0
11	GPD2	602.25
11	GPR182	25.75
11	GTF2F2	964.75
11	GUK1	1044.5
11	HLA-DQA1	2514.5
11	HLA-DQA2	2.75
11	HLF	347.75
11	HSPA1B	400.75
11	IFI44	231.0
11	IFI44L	229.25
11	IL1A	84.75
11	IL4R	4200.0
11	IRF3	1797.0
11	ITGA5	740.0
11	KIAA0040	1007.75
11	KMO	58.25
11	LY6G5B	952.75
11	MAGOHB	165.75
11	MATR3	9177.75
11	MED23	2209.0
11	MRPL1	245.25
11	MRPL44	890.25
11	MTMR1	1408.5
11	MYO9B	1642.0
11	NDEL1	1625.25
11	NDUFB6	618.5
11	NFAT5	4044.5
11	NHSL1	41.0
11	NOLC1	25635.25
11	ODF3	33.5
11	ORC2	736.75
11	OSER1	568.25
11	PAIP1	165.75
11	PCDHGA11	17.0
11	PCYOX1L	533.5
11	PHLDB2	258.25
11	PLN	218.75
11	PMPCB	1135.25
11	PMVK	439.5
11	POLD1	604.25
11	PSMB5	914.5
11	RARG	567.5
11	RASAL3	2482.75
11	RASGRP3	2868.75
11	RBL2	6179.75
11	RBM7	1466.0
11	RPL29	2421.5
11	RPL5	15304.5
11	RRH	5.5
11	RXFP4	52.5
11	SERBP1	42077.75
11	SERP1	2997.25
11	SERTAD1	329.0
11	SKIL	1969.25
11	SLC23A2	1668.0
11	SLC7A6	2647.25
11	SLC7A8	264.0
11	SMIM8	351.25
11	SPDL1	989.75
11	SPEF1	2.0
11	ST6GALNAC1	126.75
11	SUGT1	1078.0
11	TACC3	2525.0
11	TAF4B	656.5
11	TESK2	146.5
11	TMEM106A	883.25
11	TP53I11	460.75
11	TSACC	31.5
11	UBAP2	6686.0
11	UBLCP1	1637.25
11	UCHL3	91.75
11	UCHL5	2680.0
11	UTY	1242.5
11	VAMP8	198.25
11	WBP4	531.25
11	YLPM1	4570.25
11	ZBP1	528.0
11	ZDHHC9	1062.25
11	ZFAND2B	505.25
11	ZMYM5	1387.5
11	ZNF395	1952.25
11	ZNF451	2260.75
11	ZNF501	56.75
11	ZNF585A	894.5
11	ZNFX1	2535.75
12	ABCA3	185.75
12	ACSL5	1340.0
12	AHI1	599.5
12	AKT3	1921.25
12	ALDH8A1	105.75
12	ARHGAP9	2610.5
12	ARHGEF37	9.5
12	ARMCX5	187.75
12	ASGR1	92.25
12	ATF7IP2	729.5
12	ATXN7L3	1304.5
12	BRAF	2512.5
12	BRD4	10015.5
12	C11orf1	329.0
12	C7orf57	12.75
12	CBLL1	3804.25
12	CCDC58	190.25
12	CCL27	93.75
12	CCNG2	417.0
12	CCRL2	40.0
12	CD96	3771.75
12	CDK13	3808.25
12	CDK19	324.25
12	CDK8	571.75
12	CELA1	3.5
12	CEP44	546.5
12	CLIP1	9147.0
12	CLTB	314.25
12	CMIP	1083.5
12	CNIH4	386.75
12	CNOT1	5543.5
12	CP	68.5
12	CROT	120.25
12	CS	4315.25
12	CXCL17	5.5
12	DCTN1	1509.0
12	DIP2B	3250.75
12	DNAAF1	806.0
12	DNAJA4	870.25
12	DSCAML1	3.0
12	DSTN	405.75
12	EEF2K	1276.25
12	ELP3	1207.25
12	EMC7	1035.25
12	ENO3	316.0
12	ERO1B	176.0
12	ERV3-1	202.0
12	FAM167A	16.25
12	FBXL14	582.5
12	FEM1A	1865.5
12	FSD2	167.0
12	FUS	11045.25
12	GAPDH	37518.0
12	GDF10	2.25
12	GLIPR1L2	316.5
12	GPANK1	220.25
12	GTSF1L	7.25
12	HECTD1	3084.0
12	HEXA	1077.25
12	HNRNPH1	20557.75
12	HNRNPH2	894.75
12	IDNK	264.5
12	INTS12	238.25
12	KIF14	97.25
12	KLHL3	895.0
12	LGALS9	1011.0
12	LRIG2	1688.0
12	LRRK1	5410.5
12	LYPD5	1067.25
12	MALT1	701.75
12	MAP3K7	1349.75
12	MAPKAPK3	2110.25
12	MASTL	744.0
12	ME2	7718.75
12	MED16	473.0
12	MRO	127.5
12	MRPL24	656.75
12	MT1G	20.25
12	MTPAP	1653.0
12	MYO18A	3042.25
12	NAF1	928.25
12	NCK1	347.75
12	NPL	106.0
12	NRAS	2511.75
12	PAFAH2	490.0
12	PAN3	2699.75
12	PARS2	75.5
12	PCDHB9	159.25
12	PDCD7	1245.5
12	PNISR	6305.0
12	PNP	2140.0
12	PPP2R1B	1922.75
12	PRDM15	792.75
12	PRMT1	1890.5
12	PRPF31	597.5
12	QKI	5014.75
12	RABGAP1	798.0
12	RAP2B	1988.25
12	REXO2	432.0
12	RIPK2	201.25
12	RNF7	590.0
12	RPGRIP1	10.75
12	RPL19	19137.25
12	RPL30	8526.25
12	SEC11C	363.75
12	SF3B1	14414.0
12	SLC12A8	260.25
12	SLC16A11	15.25
12	SLC4A7	1238.5
12	SLK	2599.0
12	SMAD2	9499.5
12	SMPD1	446.75
12	SPEF2	336.75
12	SRPRB	2705.25
12	SRSF1	2599.0
12	STX16	4382.5
12	STX7	556.0
12	SUCLG2	1039.5
12	SUMF1	329.5
12	TAF1A	407.0
12	TCERG1	6924.75
12	THAP2	264.0
12	TMEM18	1618.75
12	TMEM263	2040.75
12	TMEM92	12.0
12	TNKS1BP1	127.5
12	TOX4	2213.75
12	TPM2	572.0
12	TRAF7	720.5
12	UPP1	1195.75
12	UVSSA	1779.0
12	WDR33	1900.0
12	XBP1	656.75
12	ZNF181	127.75
12	ZNF222	25.5
12	ZNF248	264.25
12	ZNF572	12.0
12	ZNF628	113.0
12	ZNF646	761.5
12	ZSCAN20	114.75
13	AASDH	83.75
13	ABCC1	2251.75
13	ACTA2	260.5
13	ADAMTS8	3.75
13	ADGRA3	814.75
13	AGAP3	384.0
13	AK9	622.0
13	ANKFY1	2183.25
13	ANXA11	2283.75
13	ARMCX6	284.0
13	ART3	491.25
13	BCAS3	588.5
13	C1orf162	322.25
13	C9orf64	856.75
13	CD300LB	4.75
13	CD55	5221.5
13	CDC20	209.0
13	CDKL5	4410.5
13	CHORDC1	9541.25
13	CLN3	1748.75
13	CPNE2	168.5
13	DDX47	1801.25
13	DHRS7	770.75
13	DPP9	1581.5
13	EBLN2	991.25
13	ELK4	23155.5
13	ELMOD3	968.75
13	EMC2	181.75
13	EPB41	18583.25
13	ETHE1	174.25
13	FAM168B	3408.0
13	FBXO11	1389.0
13	FBXO15	363.5
13	FGFBP2	5.5
13	FH	588.5
13	FITM1	23.25
13	FKRP	350.5
13	FMNL1	2885.75
13	FRMD4B	593.25
13	GAS2	7.75
13	GATA2	207.5
13	GNB1	4864.25
13	GRB10	159.0
13	HILPDA	199.0
13	HMGA1	18468.5
13	IQGAP2	3172.5
13	JTB	716.0
13	KPNA2	873.0
13	LEF1	13621.25
13	LYSMD3	434.5
13	MAPK1	5844.5
13	MKKS	163.25
13	MRPL22	216.25
13	MSH5	1619.5
13	MTIF3	145.5
13	NCDN	1128.75
13	NFRKB	962.0
13	NFYA	1455.0
13	NLE1	628.75
13	NOL4L	5779.25
13	NOL7	4903.25
13	NUCB1	925.0
13	NUP93	2463.75
13	OGG1	857.0
13	PACSIN2	529.25
13	PAM	444.0
13	PAX5	56.5
13	PECAM1	951.75
13	PHF8	2833.5
13	PHGR1	7.5
13	PKD1L1	261.75
13	PLAT	213.75
13	PODNL1	59.75
13	PPP3R1	852.75
13	RGS12	422.75
13	SGTB	1385.75
13	SH2D6	37.25
13	SH3YL1	928.25
13	SHQ1	843.5
13	SLC20A1	1689.75
13	SLC25A45	1371.5
13	SLC2A8	38.0
13	SLC35E4	358.5
13	SLC35F5	846.75
13	SLC47A1	638.5
13	SNRPG	301.25
13	SPRY1	558.75
13	STAT1	5044.25
13	STK40	1228.5
13	SUPT16H	4260.5
13	SYS1	846.75
13	TAOK3	1965.75
13	TMCO6	520.0
13	TMEM14B	768.0
13	TMEM243	559.75
13	TNPO2	6955.5
13	TOM1	889.25
13	TPPP2	2.75
13	TRAPPC3	258.75
13	TUBB1	68.75
13	VSIG2	7.25
13	ZNF226	330.75
13	ZNF575	76.75
13	ZNF726	658.25
13	ZSWIM1	1872.75
14	AGBL3	94.0
14	AK1	76.25
14	AKAP8	2540.75
14	APTX	934.5
14	ATP2C1	955.5
14	BUB3	2701.25
14	C15orf39	1697.5
14	C17orf98	6.0
14	C18orf25	2158.25
14	C19orf12	646.5
14	C1orf74	116.75
14	CD53	2783.75
14	CDKAL1	968.25
14	CDKL1	330.75
14	CDKN2C	16.75
14	CELF1	4989.75
14	CGN	28.0
14	CLEC2D	6874.25
14	CLEC3B	6.25
14	CMC1	233.0
14	CMPK2	130.0
14	COPZ1	647.5
14	CXXC1	853.0
14	DHRS1	522.0
14	DHX58	151.25
14	DHX8	1304.5
14	DNAJB13	95.25
14	DNAJB8	5.0
14	DNASE1L3	73.25
14	EBAG9	509.75
14	EDC3	960.5
14	EFHC1	276.0
14	FAM177B	6.0
14	FAM221B	140.75
14	FKBP14	671.75
14	FLI1	2458.75
14	FYTTD1	1436.25
14	GAL3ST4	762.75
14	GAPVD1	3572.0
14	GCLC	1525.75
14	GLYCTK	186.0
14	GYS2	0.5
14	HAUS5	864.5
14	HLA-DQB2	97.75
14	HMGCR	1004.0
14	HTR1D	50.25
14	IGSF6	317.5
14	KCNJ15	175.0
14	KIAA0319L	2312.25
14	KIF13A	103.75
14	KIF21A	1971.0
14	KIFAP3	276.5
14	LAIR1	1322.5
14	LIN54	1722.5
14	LTN1	858.25
14	LXN	70.5
14	MAP3K2	2701.5
14	MAP3K6	39.0
14	METAP1	2524.25
14	MRPL4	1866.75
14	MTMR4	1370.0
14	MYOF	1646.5
14	NABP1	3350.75
14	NAV1	802.0
14	NDFIP2	1197.75
14	NGDN	744.5
14	NOCT	1318.5
14	NTRK1	40.0
14	NUP43	1776.25
14	NVL	1099.75
14	OAS2	2259.75
14	OCIAD1	1443.75
14	OGFR	392.0
14	ORAI2	1640.0
14	PARK7	2969.25
14	PGGT1B	1727.75
14	PGM1	368.25
14	PLAGL1	567.25
14	PLEKHA1	2083.25
14	POLD2	1649.5
14	PRDX2	626.5
14	PRR19	740.5
14	PSD4	12652.0
14	PTP4A1	4330.25
14	PUM2	4877.5
14	RACK1	9912.0
14	RAD1	927.5
14	RBM42	619.5
14	RIPK3	379.5
14	RNF111	1076.75
14	RNF6	894.75
14	RSC1A1	212.5
14	RWDD3	48.75
14	SDHC	1194.25
14	SEMA4C	631.75
14	SHMT2	3693.75
14	SPATA20	155.0
14	SQSTM1	2039.75
14	SRA1	240.75
14	STAP1	56.0
14	STK33	295.75
14	TAF7	1600.25
14	TBC1D23	636.75
14	TCEANC	190.75
14	TCF20	4386.0
14	TDRD3	649.75
14	TM9SF1	329.75
14	TM9SF4	2384.75
14	TMEM132A	93.5
14	TMEM19	580.5
14	TRABD	1560.75
14	TRAF3	3634.0
14	TRAF3IP2	1157.5
14	TSC22D1	430.5
14	TSSK4	327.25
14	VEZF1	2920.5
14	WDR25	91.75
14	ZDHHC5	1223.5
14	ZNF213	424.75
14	ZNF511	426.0
14	ZNF691	164.0
14	ZNF718	293.0
15	AAGAB	429.0
15	ACTR6	287.5
15	ACVR1	552.5
15	ALG9	643.25
15	ALKBH3	177.5
15	ANKDD1A	898.5
15	AP1M2	4.0
15	APC	900.0
15	APMAP	1070.0
15	APOH	10.5
15	BBX	1152.25
15	BCL7B	1138.5
15	BLMH	779.5
15	BPNT1	1460.25
15	BRF2	133.25
15	BSDC1	1550.5
15	CAPG	73.75
15	CAST	2831.25
15	CCDC153	52.0
15	CCDC34	408.75
15	CDIP1	525.0
15	CDKL2	8.0
15	CEP85	650.5
15	CFAP36	766.75
15	CMTR1	837.0
15	COMMD8	57.5
15	COX18	970.5
15	CRADD	251.5
15	CX3CR1	48.75
15	CXXC5	190.0
15	DHX30	2885.75
15	DIDO1	5169.5
15	DNAJC15	749.75
15	DOK3	78.0
15	DUSP2	1454.5
15	EEA1	913.5
15	FGD2	232.5
15	FNIP1	1520.5
15	FUZ	71.5
15	GAB2	296.75
15	GPR15	133.5
15	GPR19	39.0
15	GPR65	373.25
15	GTF2E1	379.5
15	HDLBP	4996.25
15	HERC3	1984.5
15	HKDC1	53.0
15	HLA-DPB1	512.5
15	HNRNPL	1879.75
15	HPS4	1501.0
15	HTR3B	113.25
15	ITM2A	1199.5
15	LRRN3	1536.5
15	LRTOMT	1349.75
15	MCM10	1628.25
15	METTL6	313.0
15	MGAT5	4454.5
15	MTCH1	1286.75
15	NAGK	1007.75
15	NEK8	262.0
15	NINJ2	96.0
15	NOL3	88.25
15	NOL8	2638.0
15	NR4A3	608.5
15	NTPCR	344.5
15	PAIP2B	162.25
15	PIP5K1B	9.75
15	PLOD3	430.5
15	PPARD	1437.0
15	PRRC2B	4435.5
15	PSMB3	595.5
15	PSMD14	2446.5
15	PSMD5	936.25
15	RAB14	955.75
15	RAB36	143.75
15	RAB5B	2230.25
15	RASGRP1	3582.0
15	RC3H2	2097.75
15	RNF224	6.5
15	RPS20	4294.0
15	RSBN1L	2042.75
15	SP1	5667.25
15	SPICE1	260.5
15	STX6	909.5
15	SUN1	2405.75
15	SUN2	2746.5
15	SVIL	1878.75
15	TAF4	736.5
15	TBC1D1	1435.5
15	TCTN3	628.25
15	TMEM30A	605.75
15	TPT1	120070.25
15	TRA2A	1860.25
15	TRAPPC9	1114.5
15	TRPM5	11.25
15	TSPAN1	6.5
15	TTC9C	389.25
15	U2SURP	2671.25
15	UBA3	3157.25
15	UBB	2854.25
15	UBTF	3714.75
15	YARS2	271.0
15	ZBTB43	565.0
15	ZKSCAN3	766.75
15	ZNF621	1001.25
15	ZRANB2	1441.0
16	AIM2	551.5
16	ANAPC10	93.25
16	ARID3B	1268.75
16	ASTL	13.75
16	ATG101	229.25
16	BOD1	324.75
16	C11orf49	376.25
16	C6orf136	248.75
16	CAMTA2	1745.5
16	CCDC15	63.75
16	CD300A	154.0
16	CETP	141.75
16	CLASP1	3268.25
16	CPED1	29.5
16	DCP2	968.0
16	DDX19A	2897.0
16	DNHD1	1387.0
16	DUS2	261.5
16	EIF4ENIF1	1060.0
16	ENTHD1	6.5
16	FASLG	244.25
16	FASTKD1	367.0
16	FLNB	1351.0
16	FYCO1	940.25
16	GABARAP	478.5
16	GPRIN3	4467.5
16	HLA-F	1711.25
16	HNRNPD	14862.25
16	HNRNPM	8113.5
16	HS3ST3B1	605.5
16	HSD17B14	11.5
16	IFITM1	1011.75
16	IL1RL1	53.25
16	ING3	426.25
16	ITM2B	2571.5
16	JADE1	1824.5
16	KLF12	1957.0
16	KLHL20	575.0
16	KRAS	1088.0
16	LARP7	414.5
16	LBHD1	598.5
16	LDHA	23208.25
16	LRRC28	401.25
16	LZTFL1	407.0
16	MAP2K5	740.25
16	MAP3K19	5.0
16	MATN1	52.25
16	MICB	597.25
16	MIS18BP1	744.25
16	MRPL33	154.75
16	MTERF1	1213.25
16	MTMR9	1125.5
16	MX2	1129.5
16	NBL1	130.25
16	NECAB1	54.25
16	NFYC	1700.75
16	NOP10	884.25
16	NPHP3	1714.25
16	NPM3	472.25
16	NPRL2	489.0
16	NR6A1	251.0
16	NT5DC4	3.25
16	PAG1	4945.5
16	PAN2	1301.0
16	PARP10	173.0
16	PFKM	787.75
16	PHF21A	2498.75
16	PI16	85.25
16	PPP1R12A	3522.5
16	PPP1R12B	1245.0
16	PTAR1	1637.0
16	PXDC1	26.5
16	PYHIN1	1279.5
16	RASSF5	5304.0
16	RFX2	273.75
16	RIT1	721.5
16	RMDN1	738.5
16	RNF214	820.0
16	S100A2	2.0
16	SCAF1	374.5
16	SF3B6	250.25
16	SH2B1	390.0
16	SIRT4	6.75
16	SLC16A7	2139.75
16	SLC35G6	7.0
16	SLC36A4	761.75
16	SLC4A5	415.0
16	SNAPC3	2717.75
16	SREK1	2947.0
16	SREK1IP1	526.25
16	TAF12	280.25
16	TCEANC2	2713.25
16	TEP1	1632.75
16	TFRC	6194.75
16	THEM4	2406.5
16	TIAM1	2373.0
16	TMPO	3683.75
16	TNNT3	55.25
16	TPX2	207.25
16	TRPM7	1476.25
16	TTC39B	5020.75
16	UBE3A	1412.25
16	WTAP	2198.0
16	ZCCHC7	1147.25
16	ZNF564	243.75
16	ZNF720	364.75
17	AHCYL2	844.5
17	AMN1	409.5
17	ANTXR2	965.25
17	ATAD5	1171.5
17	C12orf73	334.0
17	C1orf61	335.25
17	C3AR1	59.5
17	C4orf36	79.75
17	CCNI	4186.75
17	CCR6	298.5
17	CD200	1146.75
17	CDC73	2902.5
17	CEP55	86.0
17	CGGBP1	1169.25
17	CPA3	12.25
17	CTNNAL1	30.5
17	DDX3Y	2233.25
17	DENND4A	1368.5
17	DOCK9	1854.25
17	DQX1	132.0
17	DRD3	4.0
17	DUSP23	72.25
17	ERAP1	3026.0
17	ESAM	38.25
17	FAM110D	132.75
17	FAM3C	848.75
17	FRS2	1308.75
17	GBA2	755.25
17	GLB1L3	405.0
17	GPR3	207.5
17	GYG1	755.75
17	HFE	521.25
17	HLA-DRA	286.5
17	HMGB2	1027.25
17	HNRNPF	7765.5
17	HPX	110.75
17	IER5	502.5
17	LENEP	9.0
17	LINS1	1362.75
17	LIX1	55.0
17	MBNL2	686.0
17	MLH3	589.25
17	MTSS1	689.75
17	MTURN	411.5
17	NELL2	4895.5
17	NOP2	665.5
17	NUP98	6298.0
17	PHF20L1	2808.0
17	PPP4R2	1186.25
17	PPTC7	5015.0
17	PSMA7	2775.25
17	PTPN22	1202.5
17	PTPN6	4193.5
17	RANBP2	3949.5
17	RFT1	1223.75
17	RORC	120.75
17	RPL37A	6560.0
17	RPS3	27392.5
17	SENP3	736.5
17	SLC38A9	218.75
17	SMC5	1525.25
17	SPC25	1236.75
17	SV2A	189.75
17	TES	1514.5
17	THOC7	195.75
17	TIGD3	5.25
17	TM2D3	1660.0
17	TMEM179B	661.5
17	UBA6	2190.25
17	UBXN1	1018.75
17	USP12	1314.0
17	YTHDF2	1039.75
17	ZNF175	716.75
17	ZNF318	671.0
17	ZNF624	273.5
17	ZNF75A	566.0
17	ZNF800	2550.25
17	ZNRF1	393.25
18	ABHD12	245.5
18	ACADVL	1629.25
18	ADCY7	2006.25
18	ALG14	787.75
18	APOBEC4	8.5
18	ARAP1	1538.75
18	BTBD18	192.75
18	C14orf28	8.25
18	C2orf69	337.5
18	CALD1	80.25
18	CCDC80	183.75
18	CEP57L1	238.5
18	CLN8	839.25
18	COG3	1156.25
18	COPE	1565.25
18	COQ2	326.75
18	CSK	2043.5
18	DDI2	5270.0
18	DERL1	4247.25
18	DGKZ	1511.25
18	EPM2AIP1	604.25
18	ERGIC2	375.5
18	FEM1B	1945.0
18	FUBP1	6161.5
18	GALC	1207.0
18	GALNT4	752.25
18	GBP7	30.0
18	GLA	434.25
18	GLUL	545.25
18	GPN2	989.25
18	HDGF	1734.25
18	ICA1L	745.75
18	IFRD1	867.5
18	IFT74	411.0
18	IL2RA	17695.5
18	LGALS14	8.5
18	LIPC	119.0
18	LY9	1414.5
18	LYSMD4	249.25
18	MAPK7	379.75
18	MAST4	1317.5
18	MBTPS1	2890.0
18	MDM1	256.75
18	MED4	911.0
18	MMAA	661.0
18	MORN3	475.25
18	MRPL42	2106.25
18	MTOR	2551.25
18	MYLPF	7.75
18	NCR3	110.5
18	NDE1	1329.25
18	NONO	17321.0
18	NR1D1	822.5
18	NRBP1	2942.0
18	NXF1	4206.75
18	OSBP	817.25
18	PDCL	505.75
18	PHOSPHO1	41.25
18	PNO1	2066.5
18	PPP6R3	7668.75
18	RANBP9	1914.25
18	RIC8B	439.5
18	RPL26L1	345.0
18	RPL28	17644.5
18	SEC11A	1432.5
18	SIDT1	1701.0
18	SLC35C2	1025.0
18	SMCO3	5.75
18	SPAG1	393.25
18	SRSF11	7825.25
18	SUCLG1	1203.25
18	SUMF2	1526.0
18	TCP1	8712.25
18	TCP11L2	2214.0
18	TET2	2531.25
18	TMEM223	305.0
18	TMEM253	11.5
18	TMUB2	2185.0
18	TRAM1	2591.5
18	TRIM22	2626.25
18	TSC22D3	2880.5
18	TXNRD1	1846.5
18	UBE2E3	445.25
18	WNT10A	38.25
18	ZNF107	1087.5
19	ADAMTS6	33.0
19	ANKRD13D	512.5
19	AP4B1	956.5
19	APOE	184.25
19	ARL5A	957.0
19	ARL6IP5	2069.0
19	ASB13	104.25
19	BCLAF1	10769.0
19	BORCS6	20.25
19	C22orf39	1687.5
19	C4orf3	774.75
19	CALCOCO1	2369.5
19	CDC42SE2	7620.25
19	CLEC2B	514.5
19	CLK1	1997.25
19	COPS3	1025.25
19	CTSC	1179.0
19	CXorf65	278.5
19	DEGS1	2239.0
19	DERA	104.75
19	DIP2A	2843.75
19	DOCK11	729.25
19	DPEP2	938.5
19	ECHDC3	11.0
19	ERICH4	5.0
19	FAM13A	10735.25
19	FGFBP3	60.25
19	FXYD5	6079.25
19	G3BP1	7862.5
19	GLIPR1	292.25
19	HPS3	611.75
19	KAT6A	7691.0
19	KATNBL1	808.5
19	KCNJ9	150.25
19	KDM2B	1205.75
19	KIF27	234.25
19	LGALS8	5378.75
19	LMTK3	58.5
19	LTV1	2589.0
19	MTMR11	20.75
19	MVB12B	107.25
19	MYBL1	393.0
19	NAT10	4291.5
19	NFIA	725.0
19	NFKBIL1	55.25
19	PARN	1835.25
19	PCCB	869.0
19	PDP1	1169.0
19	PDZD9	218.75
19	PIGN	17267.25
19	PIK3CB	933.5
19	PITPNM2	739.75
19	PNOC	4.75
19	PPIL1	583.75
19	PSMB6	811.75
19	PTPRO	15.5
19	PXYLP1	393.5
19	RAB29	733.25
19	RAB8B	4019.5
19	RALA	362.75
19	RNF2	1354.25
19	RPL24	4377.25
19	RPL27	5265.0
19	SDE2	2367.5
19	SEL1L3	651.5
19	SERPINB6	1130.5
19	SH3BP5L	179.5
19	SLC43A3	8260.75
19	SPRTN	256.5
19	STAT5A	3114.0
19	SUCO	543.25
19	SUDS3	697.0
19	SUMO4	44.25
19	TBC1D2	85.75
19	TPM3	24717.0
19	TRIM39	497.25
19	TTC32	200.5
19	VPS4B	2845.25
19	WNT5B	1.0
19	ZG16	59.25
19	ZKSCAN8	1365.25
19	ZNF138	327.5
19	ZNF506	2692.75
19	ZNF789	820.0
20	ADAMTSL2	32.0
20	AGA	243.75
20	ALG11	1456.5
20	AMPD2	410.75
20	BIRC5	413.5
20	CCDC174	627.5
20	CCDC183	86.0
20	CD9	4.5
20	CEACAM1	552.75
20	COPG1	2543.0
20	CTRL	86.0
20	DCUN1D1	2290.25
20	DPP4	1362.5
20	DZIP3	305.75
20	FABP5	487.25
20	FBLN7	838.75
20	FER	400.25
20	FOXP4	1092.75
20	GABARAPL2	566.0
20	GALNT7	909.75
20	GAR1	1651.25
20	GARNL3	139.5
20	GATA3	2155.0
20	HECTD3	991.25
20	ILK	618.5
20	INPP4A	3424.25
20	KLHL9	453.75
20	LAPTM5	10701.0
20	LITAF	3350.75
20	MBD6	898.5
20	MEF2A	1370.5
20	MOCS3	696.25
20	MRGBP	281.0
20	MRPL17	1086.0
20	MTAP	1615.5
20	NEDD9	1307.75
20	NR1I3	240.75
20	NRDE2	2039.25
20	OARD1	774.75
20	ODC1	15027.75
20	OSBPL8	4134.0
20	PREPL	2203.25
20	PRPF39	625.0
20	PXK	1196.25
20	RAB7A	14799.5
20	RAD23B	4681.25
20	RAD51C	1359.0
20	RALGPS1	271.0
20	RDH11	486.25
20	RFX3	1178.5
20	RNASE4	44.5
20	RNF20	1326.5
20	RNPC3	2238.75
20	RPL6	23146.75
20	SCG3	93.5
20	SDCBP2	10.25
20	SEC23B	997.25
20	SFMBT2	1774.5
20	STAC3	31.5
20	STMN1	523.0
20	STX3	300.0
20	TAX1BP1	2117.0
20	TEDDM1	45.5
20	THADA	2493.75
20	TLE6	4.0
20	TM2D1	817.75
20	TMED7	1237.75
20	TNIP3	1266.75
20	TOR3A	364.25
20	TRIM41	1514.25
20	UGP2	1697.0
20	USP3	3232.0
20	ZFC3H1	4006.25
20	ZNF391	412.5
21	ACOT7	1279.25
21	ACVR1C	243.5
21	AHCYL1	2690.5
21	ATG4D	342.25
21	ATP7A	895.5
21	B4GALT3	689.25
21	BORCS5	410.5
21	BUD13	554.25
21	CAMK2G	1531.5
21	CASP4	860.0
21	CCDC90B	2346.5
21	DEPTOR	49.0
21	FAM102B	723.5
21	FAM24B	57.25
21	FGR	33.5
21	GMNN	213.5
21	GPR171	696.5
21	GPR68	276.25
21	GSG1	479.0
21	HLA-A	22364.0
21	HLA-DMB	149.75
21	IKZF4	861.75
21	KCNA2	104.75
21	KDM7A	2446.5
21	KLF9	953.75
21	L3MBTL3	1070.75
21	LRRC47	815.75
21	LY6G5C	170.5
21	MED12	3273.0
21	MPP7	561.25
21	MSRA	143.0
21	MTRR	1570.0
21	NKAPL	6.0
21	PCNP	2430.25
21	RAD51	178.0
21	SF3B2	5929.25
21	SGO1	429.0
21	SLC35A5	276.75
21	SMAD7	566.5
21	SNX27	8557.75
21	SOS1	2225.75
21	STAG3	506.25
21	STRAP	1818.0
21	TAC4	195.0
21	TMEM59	770.75
21	TOM1L2	540.0
21	TOMM6	1383.75
21	UBA52	5957.25
21	UROD	936.0
21	USP47	1547.5
21	USP54	654.25
21	VPS11	1793.5
21	YPEL5	2268.75
21	ZNF2	121.0
22	ABHD10	1060.75
22	AHNAK2	3.0
22	AHSA1	2324.5
22	ANKRD11	11882.0
22	ARAP3	60.75
22	ARRDC3	1620.0
22	ATG14	623.5
22	ATG5	291.0
22	COQ10B	1269.75
22	CRYBG3	163.25
22	CTBS	594.75
22	DDR1	117.75
22	DECR1	291.5
22	DNM2	2362.25
22	DTHD1	63.75
22	FES	34.75
22	FURIN	3485.25
22	G3BP2	4188.75
22	GAB3	453.25
22	GOLGB1	2132.25
22	GSTA4	37.5
22	GTPBP8	537.75
22	HTRA4	201.0
22	IKBKE	998.75
22	IRGQ	2301.0
22	KLHL12	407.25
22	LMBRD1	882.0
22	LRCH1	606.5
22	MAPK14	1523.25
22	MCM6	3807.0
22	MPDU1	883.25
22	MROH8	33.75
22	MRPS33	546.5
22	MTA3	648.5
22	MYBPC2	1.0
22	NAA50	3389.75
22	NME1	1084.0
22	NT5C3A	262.25
22	NUCB2	575.0
22	OSGEPL1	297.25
22	PAFAH1B2	2652.5
22	PEX5	629.25
22	PHF13	71.5
22	PIFO	3.25
22	PIK3R5	2412.5
22	PLEKHO1	775.5
22	PLIN2	731.5
22	PPP1CB	4802.75
22	PPP1R7	806.5
22	PUM3	1248.5
22	RDH5	541.5
22	RGS14	450.5
22	RMND1	594.75
22	RWDD1	1206.75
22	SENP6	2797.0
22	SGF29	1029.5
22	SLC26A8	444.0
22	SMYD2	946.25
22	TRAPPC6B	224.5
22	UBR4	8145.0
22	USP6NL	1948.25
22	WDR48	729.5
22	XIRP1	315.75
23	ABCD2	209.75
23	AFAP1	476.75
23	ANKRD44	7751.25
23	ARMCX3	933.0
23	ATP6V0D2	119.0
23	BCL2L1	1270.0
23	BTAF1	4198.25
23	C11orf54	517.5
23	C6orf226	13.75
23	CCDC89	10.25
23	CD52	1138.75
23	CD79A	12.0
23	CDC42EP3	960.75
23	CHN1	83.25
23	CNTROB	526.5
23	CTNND1	271.5
23	FBXW7	2298.25
23	GDPD5	622.75
23	GPR22	47.25
23	HIF1AN	2351.5
23	KCNMB1	216.25
23	LUZP1	745.25
23	MAPK6	1864.5
23	MAU2	2545.25
23	MEST	253.0
23	METTL21A	7701.5
23	MTUS1	44.5
23	NDUFC1	81.5
23	NOG	98.0
23	PEX19	502.75
23	PFAS	1931.0
23	PRDM8	252.0
23	PSMC4	1660.25
23	RAD51AP1	194.75
23	RBBP8	760.25
23	SH2D2A	2891.5
23	SPTBN5	28.75
23	STK10	6809.0
23	SUOX	511.25
23	SUV39H2	508.0
23	TMEM184C	1141.75
23	TNK2	70.5
23	TSPAN5	614.75
23	WDR36	2118.0
23	ZFYVE28	289.25
23	ZXDA	191.25
24	ARHGEF7	1922.25
24	ARSG	1103.25
24	ATP23	162.25
24	ATP2B1	1391.0
24	BAG6	4628.5
24	C12orf57	475.5
24	C5orf34	36.0
24	CCNC	1995.75
24	CCNE1	143.0
24	COX20	1250.5
24	DCAKD	990.0
24	EDEM1	4571.25
24	EGLN1	546.25
24	ELF2	2305.5
24	EMB	3511.5
24	ETS1	28484.0
24	FAM98B	1208.25
24	HLA-DOA	255.5
24	HOXA10	0.5
24	HOXA7	4.0
24	ING1	389.0
24	KIFC1	177.25
24	KLF7	2662.75
24	LEO1	2863.5
24	LRP4	6.0
24	LUC7L	3983.0
24	MAP3K12	2872.75
24	NEURL3	14.25
24	PCCA	1801.75
24	PELP1	1794.0
24	PHTF2	1070.75
24	PINLYP	112.25
24	PRR13	2911.75
24	PSMG1	615.5
24	RPS19	5223.0
24	RRP12	2000.75
24	SEC61G	177.0
24	SELP	53.25
24	SIDT2	1356.75
24	SLC37A1	434.0
24	STAT5B	4271.0
24	STK31	155.5
24	STPG2	8.75
24	SUMO2	1669.25
24	SYNE2	9141.5
24	TNFSF8	4737.0
24	TRIB2	1123.0
24	TSC22D2	1242.5
24	TUBGCP6	2326.5
24	UBE2V1	5636.5
24	VPS13A	1386.75
24	ZBTB2	541.0
24	ZHX2	1610.0
24	ZNF24	946.75
24	ZNF559-ZNF177	59.25
24	ZNF782	236.25
24	ZNF91	2555.75
25	AFF1	4759.25
25	ALDH4A1	62.75
25	ARL6	115.25
25	BTN2A1	603.0
25	CD5	9881.25
25	CDKL4	2.0
25	CLN5	2352.5
25	CNPPD1	986.5
25	CREB3L2	1971.25
25	ELAC2	1791.75
25	EXO1	588.0
25	EXOC3L1	2.0
25	FAM204A	1121.5
25	FOXO4	292.5
25	GJA10	8.75
25	IL2RG	12054.5
25	INTS10	1294.0
25	KIAA1109	2243.0
25	KIAA1324L	104.75
25	LEFTY1	9.25
25	LETMD1	1162.25
25	MAP3K8	214.75
25	NAP1L1	10801.0
25	NUBPL	919.5
25	ODF2L	1970.25
25	PBXIP1	1215.5
25	PSMA6	2509.5
25	SEC23A	1217.5
25	SIRPG	971.25
25	SLC11A2	1904.75
25	SLC43A1	319.75
25	SMU1	2827.5
25	SPINK4	8.75
25	ST8SIA4	1597.0
25	THRAP3	5674.75
25	TIGIT	745.5
25	TOMM40L	511.0
25	TRAPPC3L	93.75
25	UBA1	8898.25
25	UPK2	10.0
25	USP34	4110.75
25	UTRN	3685.25
25	WBP1	957.5
25	ZBTB9	75.25
26	AKAP8L	602.5
26	ATP2A1	47.5
26	C4BPA	10.5
26	CBLB	2504.5
26	CCNY	2114.5
26	CRYGS	45.0
26	CSTF1	1237.75
26	CTLA4	1617.75
26	CUL3	1397.25
26	DENND4B	5122.75
26	DEPDC5	2702.75
26	DMXL1	878.0
26	DNAH7	162.25
26	DTD2	1155.0
26	DYNC1I2	1718.25
26	EFCAB2	452.75
26	EIF4EBP3	22.25
26	ELMO2	1308.0
26	EPG5	1168.5
26	GNS	875.25
26	HEG1	543.5
26	HOXB2	118.25
26	HSP90B1	26489.75
26	IL27RA	2039.75
26	INTS3	2168.5
26	KCNA3	1603.25
26	KRT10	42.75
26	METTL14	266.75
26	MKNK1	1291.75
26	NDUFV2	1256.5
26	PCDH1	7.0
26	PER1	2047.25
26	PJA2	1736.5
26	PLEKHF1	99.25
26	PMEPA1	87.0
26	PPP1R15A	1706.25
26	PRKAR1A	5119.0
26	RAB13	215.75
26	RPL22L1	150.75
26	RPL7A	11013.0
26	SEL1L	4642.25
26	SLC17A9	261.25
26	SMCHD1	4188.25
26	SNTB1	1105.25
26	SPTBN1	12167.0
26	TAPT1	1059.75
26	TMBIM6	7447.5
26	TMEM245	2435.5
26	TSNAX	886.0
26	ULK4	331.0
26	ZNF793	2931.75
27	ALAD	790.25
27	ANKRD46	555.5
27	ARL2BP	449.5
27	ART4	120.5
27	ATMIN	2029.75
27	BSCL2	96.0
27	CHCHD5	234.75
27	CUL2	986.75
27	E2F5	696.25
27	EXOG	477.5
27	FAM118A	765.0
27	FOSB	868.25
27	GBP1	2384.75
27	INSL6	134.5
27	IRF1	6132.0
27	KLHDC9	15.0
27	KMT2D	6442.75
27	MANSC1	1195.75
27	METTL1	372.0
27	N4BP2L1	489.25
27	NACA	8553.75
27	NFE2	9.25
27	PIK3IP1	2718.75
27	PPP6R2	608.25
27	PRICKLE4	6.25
27	PRKCA	7724.5
27	RNF43	1589.25
27	SAMM50	1638.0
27	SNAPIN	96.0
27	SORT1	229.5
27	SRSF5	15831.0
27	TDRKH	270.75
27	TRANK1	2279.75
27	TRIM23	864.0
27	UBE2D3	40025.5
27	UBE2L6	2028.75
27	UBL7	951.5
27	VHL	884.25
28	ADTRP	442.0
28	AJUBA	81.0
28	BUD31	657.5
28	C21orf91	862.25
28	CFL1	2566.25
28	CKAP2	316.5
28	CSNK1G3	940.5
28	DCTN6	583.75
28	FAM234A	276.25
28	FBXL8	121.25
28	HBP1	3209.5
28	HLA-DQB1	735.75
28	IL6	23.25
28	MEF2D	5105.75
28	MGP	759.0
28	MYNN	322.75
28	NBN	652.5
28	NOL11	1689.5
28	PAIP2	1312.0
28	PHF1	1129.0
28	PHF12	3668.0
28	PRR34	55.25
28	PSMC6	1404.75
28	RAD18	680.25
28	RFX8	8.0
28	RNF19A	2525.5
28	RPS19BP1	594.5
28	RUNX3	5459.5
28	SAMD9	290.75
28	SEC31A	5075.25
28	SECTM1	678.5
28	SLC2A11	648.5
28	STARD5	187.0
28	SYNE3	1936.25
28	TMEM99	2.0
28	UEVLD	786.75
28	VOPP1	1747.25
28	XPO7	4884.5
28	ZNF385A	198.0
28	ZNF609	4011.0
28	ZNF688	94.0
29	ATN1	3135.5
29	ATP13A1	1603.25
29	BCL9	2071.75
29	BPGM	179.5
29	C5orf63	135.0
29	C7orf25	86.0
29	CARD16	85.75
29	CBX5	9723.0
29	CD47	5966.75
29	CRTC3	4595.5
29	DTX1	269.25
29	FAM214B	59.75
29	FAM76B	520.5
29	FANCD2	2178.5
29	GPATCH4	6587.5
29	HSD11B1	16.75
29	IFI6	281.25
29	IFIT2	82.75
29	IRF2	1552.75
29	IRF8	7023.75
29	ISCU	619.75
29	LTA	14565.5
29	LTB	2502.75
29	MEAF6	1027.75
29	OXSM	96.25
29	PKM	16657.5
29	PXN	3727.75
29	RASA1	872.0
29	RHBDD1	666.75
29	SH3BGRL3	18624.75
29	SLC4A8	557.5
29	SMNDC1	829.25
29	SRP54	756.5
29	TACC1	8159.0
29	TM7SF3	768.5
29	TMF1	1177.0
29	TPI1	3686.0
29	TRAF3IP3	3142.25
29	TXN2	646.0
29	ZNF839	927.0
30	ACAP1	2491.75
30	AKAP5	789.25
30	ANXA1	1605.5
30	ASB2	135.25
30	ATG9A	1521.0
30	CD274	1564.5
30	CLASP2	2176.5
30	DLGAP5	64.0
30	FAIM	384.25
30	FBXO9	994.5
30	GTF2A1	5899.5
30	HAUS6	1069.75
30	HLA-DMA	179.25
30	HLA-G	3.5
30	KRR1	840.0
30	LEMD2	891.25
30	MFSD6	1858.5
30	MIA3	1959.5
30	MPC1	149.0
30	MYO1A	14.75
30	PDLIM2	779.25
30	RIMKLB	202.0
30	RPL37	11967.25
30	RPS24	5260.75
30	SLAMF7	725.75
30	SPAG8	21.75
30	STK24	3181.25
30	TBC1D19	171.0
30	TMCO2	19.25
30	TMEM141	78.75
30	TMEM88	198.25
30	TOB1	3752.75
30	ZMAT3	962.0
30	ZNF143	444.25
30	ZNF200	901.75
31	ARF3	2554.5
31	ARHGEF6	4269.75
31	ATP1A1	35459.75
31	C3orf18	257.75
31	C6orf89	1327.5
31	CLIC1	2328.25
31	COPS5	1286.25
31	CRTAM	288.5
31	DIAPH1	6861.25
31	DNAH1	2079.75
31	DTWD2	668.5
31	FAM184A	363.75
31	GCC2	2089.25
31	IL18R1	444.25
31	IL19	2.5
31	IQGAP3	2.25
31	IRF2BPL	231.0
31	KLHL6	3796.25
31	NDRG2	595.75
31	NUP205	1613.5
31	PGS1	1595.25
31	PI4KB	1277.75
31	POLR3A	2274.0
31	PPP1R11	1812.75
31	PSMB1	604.5
31	RNF145	961.5
31	RPLP1	8925.75
31	RPS29	2960.0
31	SAMD3	575.25
31	SELPLG	5435.75
31	SERINC3	4061.5
31	SPSB2	209.25
31	SRGN	2022.25
31	STK11	401.5
31	TLR10	105.5
31	TMPRSS13	47.75
31	TRMT10C	747.75
31	TSTD1	318.5
31	UTP14A	3024.25
31	XPO1	6244.5
31	YOD1	300.0
32	ADD1	3684.25
32	ADNP2	1887.5
32	AGAP2	1748.75
32	ASB8	800.5
32	AXDND1	4.0
32	BTN1A1	3.5
32	CCR7	5360.75
32	CDKN2AIPNL	289.25
32	CDV3	8073.0
32	CSDE1	11024.0
32	EML4	2960.75
32	F5	6849.0
32	FAM167B	0.75
32	GIT1	3045.5
32	HERC1	7983.75
32	HERC4	3767.0
32	HIVEP1	4278.75
32	HMBS	194.75
32	HNRNPA2B1	57022.0
32	HOXB4	30.0
32	LRRC8C	4490.0
32	MSL3	2274.75
32	MTMR10	1418.25
32	N4BP2L2	2328.5
32	NAA60	2509.75
32	NNT	1433.75
32	OTUD4	5014.25
32	OTUD6B	1478.0
32	PHF3	2254.5
32	PLCXD2	852.5
32	PPM1M	1154.75
32	PYM1	407.25
32	SH2D1A	385.75
32	SLC25A44	3661.75
32	SLC35B1	963.75
32	SOCS2	384.75
32	SPECC1	864.0
32	SRSF3	8767.25
32	SUN3	273.75
32	TBC1D10C	854.25
32	TLCD1	100.25
32	TMEM140	858.5
32	TNRC6B	5642.5
32	TRAF5	2998.75
32	TTC1	1604.75
32	TTC26	535.25
32	TUT1	470.75
32	WDR89	607.25
32	ZSCAN31	23.75
33	ACSL6	941.0
33	ADAT1	570.75
33	BLCAP	1257.25
33	BRD1	1632.0
33	BRPF3	1477.25
33	C7orf61	21.0
33	CARHSP1	1055.25
33	CIPC	585.75
33	CLIP4	1854.25
33	COPS7A	732.75
33	CYSLTR2	97.75
33	DUSP10	378.0
33	EHD1	1325.5
33	ERAL1	496.75
33	HES7	9.5
33	ILF2	3438.5
33	KLRB1	365.0
33	MRPL53	341.0
33	NAP1L4	3178.75
33	NEK9	1831.25
33	NOD1	150.25
33	ORMDL3	829.75
33	PCGF5	2388.5
33	PISD	1029.25
33	PPM1B	1878.0
33	PRIM2	464.5
33	PRPF4B	5820.5
33	PRR5L	478.25
33	RABAC1	420.75
33	RGS2	327.5
33	RRM2	748.25
33	SETD5	11738.25
33	STPG1	429.75
33	VPS13D	3430.5
33	VPS37C	292.0
33	ZNF821	42.0
33	ZNF831	394.0
34	AHNAK	18251.25
34	ALDH3A2	763.0
34	ANAPC15	1343.0
34	APBA2	802.75
34	ARHGAP21	1468.25
34	BATF	588.0
34	BCAP29	422.0
34	CARNS1	264.25
34	COL17A1	28.0
34	DDX18	6613.75
34	DHX16	1388.25
34	FNIP2	544.0
34	HDDC2	781.5
34	HINFP	1713.75
34	IFT57	327.5
34	IL21R	2002.5
34	LBR	3157.5
34	LRMP	671.25
34	MACF1	15347.0
34	NFATC1	2047.75
34	NPC1	2817.25
34	PARP8	2541.0
34	PLEKHA8	341.0
34	PTGER4	1722.75
34	RTKN2	613.25
34	SETD9	56.0
34	STRADA	1447.5
34	TBCC	120.75
34	TLK1	9040.5
34	WRNIP1	716.75
34	ZBTB39	1111.25
35	AKAP7	524.25
35	BACH1	583.25
35	BBIP1	1694.25
35	CARNMT1	720.5
35	CCDC155	11.75
35	CD3E	10232.25
35	CDK4	2197.0
35	CHMP4A	896.5
35	CTSB	1760.5
35	DNAJC5B	156.75
35	DNAJC7	4776.5
35	DYRK2	7836.5
35	ECH1	2171.25
35	EML2	1054.75
35	FAM13B	1112.0
35	FBXL15	163.75
35	MGAT1	1035.5
35	NUDT2	219.75
35	PPIP5K2	1238.0
35	PTPN2	2657.5
35	RAB28	308.5
35	RPS12	7762.0
35	RREB1	2791.5
35	RRP36	236.25
35	SLFN13	811.0
35	TMEM126A	363.0
35	TNFSF10	671.0
35	TUBA1A	1024.75
36	ACTB	55244.25
36	BCKDHA	145.75
36	C1orf174	1514.5
36	C4BPB	804.25
36	CACYBP	1830.0
36	CASS4	316.25
36	CCDC142	415.0
36	CELF2	8059.0
36	CLDND1	8477.5
36	DLG2	34.5
36	EIF2A	1444.25
36	EML3	894.5
36	EVI2A	817.25
36	EZR	6588.75
36	FRYL	4956.25
36	FUT8	1794.75
36	KAT7	3177.5
36	KCTD6	368.75
36	LNPEP	4684.5
36	MAML3	140.75
36	MAN1B1	601.75
36	MAP3K7CL	53.5
36	MAPKBP1	694.0
36	MARK2	2195.75
36	MDP1	74.5
36	METTL9	976.5
36	MR1	1027.5
36	MYH9	13547.75
36	OXA1L	1297.0
36	PCED1B	2724.0
36	PHF7	70.0
36	PRPSAP2	402.5
36	PSMA5	4374.0
36	PSMD13	2750.5
36	ST7	281.75
36	TRAT1	3608.0
36	ZBTB11	1310.0
36	ZEB1	2858.75
36	ZFAND6	413.5
37	C19orf57	53.5
37	CD200R1	368.75
37	CNNM3	628.25
37	CSTF3	3142.25
37	FAXDC2	444.5
37	GMPR2	1303.0
37	LPAR6	619.5
37	LRRFIP2	989.5
37	LTA4H	2188.75
37	MDM4	12145.75
37	MORC2	1242.5
37	MVP	1435.25
37	MYL12A	1767.25
37	POMT1	536.25
37	RCN3	12.25
37	RLF	686.0
37	SH3RF3	58.75
37	SLC35A2	337.5
37	STAG2	2683.25
37	TARS2	1140.75
37	TG	47.75
37	TLE3	4100.75
37	TNFSF4	43.25
37	UFC1	887.0
38	BAZ1A	4214.5
38	CASP10	1189.5
38	CASP2	5591.75
38	CFD	26.25
38	CNOT6L	7363.25
38	CNPY3	1047.0
38	COMMD3	176.0
38	ECHDC1	1326.75
38	ETNK1	4012.25
38	GPA33	435.5
38	GRB2	3823.75
38	IL1R2	157.75
38	LPIN2	2071.75
38	NDUFAF6	544.75
38	NET1	881.75
38	NLRC5	4222.25
38	POP4	641.5
38	PTMS	415.75
38	RBM39	6845.0
38	RNF14	475.75
38	RPS10-NUDT3	8305.25
38	SERTAD2	1514.25
38	SLA	4581.5
38	SLC2A3	3630.5
38	SP140L	2583.5
38	TET3	4906.5
38	TRIM14	3815.5
38	USF1	214.25
38	ZBTB20	3644.25
38	ZC3H10	395.5
38	ZC3H7A	1220.75
39	AAAS	2411.0
39	ADIPOQ	164.5
39	ANXA2R	295.25
39	APOA2	6.0
39	CD101	116.25
39	FAM32A	533.5
39	FAM78A	1670.5
39	HMGCS1	1623.0
39	IST1	2320.5
39	MLLT6	12935.25
39	MTRNR2L6	248154.5
39	PPP2R5A	493.25
39	PSMA3	2228.0
39	RNF144A	1407.25
39	RPL23	10614.5
39	SASH3	1628.0
39	SUSD6	3659.75
39	TMEM63A	4258.25
39	UBAP2L	9235.5
39	UBE2F	824.5
40	B2M	6762.5
40	CH25H	4.0
40	EMC4	2506.25
40	IGF2BP3	218.0
40	JMJD1C	2153.25
40	LRRC23	23.0
40	MICAL3	2286.75
40	MSL2	2816.75
40	MUCL1	0.5
40	MYCBP2	15290.25
40	PIK3CG	523.25
40	PPP1R21	553.0
40	PVRIG	273.25
40	RGS3	594.75
40	SESN1	282.0
40	SLC9B2	593.25
40	YWHAG	5546.0
41	AP1G1	4830.5
41	CCDC7	228.0
41	CD63	1255.5
41	CUBN	486.5
41	E2F4	1767.25
41	EEF1A1	112645.25
41	ERBIN	1729.5
41	FCRL6	7.25
41	FUT10	250.5
41	HEXIM2	54.0
41	HINT3	559.5
41	HNRNPK	20953.25
41	KIZ	288.25
41	LMBR1L	1226.25
41	LPXN	1354.0
41	LSG1	1081.75
41	NXPE3	879.75
41	P2RY14	38.5
41	PLEKHA2	2483.25
41	POU2F2	9810.0
41	PRCC	881.0
41	PYROXD1	1289.75
41	RPP30	947.25
41	SLU7	719.25
41	SMARCA2	7030.25
41	SMC3	1357.5
41	SSX2IP	125.5
41	THRA	1693.25
41	TNFRSF1A	1810.0
41	TNRC6C	5537.75
41	TSG101	1745.25
41	TTK	82.75
41	UBTD2	136.75
42	ABT1	295.5
42	ALOXE3	5.0
42	BBC3	23.25
42	BRSK1	20.25
42	C2CD5	1483.25
42	GATAD2B	14871.0
42	HLA-E	9821.25
42	MAEA	974.75
42	MAPRE2	3238.25
42	MBP	2289.5
42	MFN1	451.75
42	MSMO1	1804.0
42	PCBP2	12616.25
42	PITHD1	756.5
42	PTK2	1052.5
42	PTPRE	848.25
42	RBM4B	881.5
42	SIRPB1	154.5
42	SMAD4	4206.25
42	TRERF1	1660.75
42	TTC23	141.25
42	ZC3HAV1	6079.5
43	ABHD2	2812.25
43	AP1AR	875.25
43	CALM1	7368.5
43	CD3G	13559.5
43	FGF11	52.75
43	GALM	798.5
43	HECA	2037.75
43	HMGB1	3061.25
43	LTB4R	731.0
43	PIGV	103.25
43	SC5D	438.0
43	SLC12A6	4784.5
43	SP140	1776.5
43	TRIM13	1003.0
43	ZBTB14	1953.5
44	AAK1	6141.0
44	ADSL	1223.0
44	BRWD1	2771.0
44	CPEB4	1352.25
44	CUTA	459.0
44	CXCR6	211.25
44	DCDC2B	100.0
44	DNAJB6	1928.75
44	ERP27	651.25
44	F12	8.5
44	FBXL5	562.5
44	GNL1	1136.25
44	GPCPD1	1034.0
44	MFF	585.5
44	MICAL2	1707.0
44	PSIP1	4518.5
44	RAPH1	336.75
44	RGS1	897.75
44	RNF125	2745.0
44	RUFY3	262.0
44	SEC14L1	876.5
44	SGK1	1278.25
44	SLC30A4	1616.25
44	TESPA1	3717.5
44	TRMO	945.25
44	UCP3	247.75
44	ZNF397	2282.25
45	AMIGO1	641.75
45	CD84	2153.0
45	FBXO34	726.5
45	GNPDA1	781.5
45	GOLGA1	427.0
45	GPR84	4.0
45	GRAP2	3120.25
45	MAT2B	1336.0
45	PLAC8	1389.75
45	PTPRK	249.75
45	S100A10	1114.0
45	SELL	4288.25
45	SP100	3286.75
45	SPATA32	88.5
45	TNIK	1602.75
45	TRAPPC8	724.0
45	TSC22D4	439.5
45	UBXN11	580.0
46	CBX3	2089.75
46	COPS4	564.0
46	EIF4A1	5939.0
46	EPC1	2018.25
46	IFIT3	405.75
46	IQGAP1	8474.0
46	KIF2A	3356.75
46	MYL6B	159.25
46	NUMA1	4719.0
46	POLR2K	477.25
46	RFTN1	4654.5
46	RIOK2	433.0
46	SEMA4A	560.75
46	SERPINB1	438.75
46	SF3B4	1131.0
46	TUBA1B	40001.5
46	UCP2	6880.5
46	ZNF230	460.25
47	ARGLU1	3322.5
47	ATXN7L1	2279.5
47	CDKL3	68.75
47	ENSA	3307.0
47	GAD1	18.5
47	GNAQ	1342.5
47	GNG2	1444.5
47	HOXC4	11.75
47	ICOS	8707.0
47	IL10RB	579.5
47	LEKR1	17.0
47	NCSTN	1109.5
47	PTGR2	824.5
47	SAMSN1	2374.0
47	TMEM107	174.5
47	TXNDC11	852.0
47	UQCRC2	2983.25
48	ARHGEF1	8851.0
48	ATG16L1	1234.75
48	CCR2	95.75
48	COA6	317.5
48	DCK	508.25
48	ERCC1	713.0
48	ITGB7	3692.25
48	KBTBD2	1741.5
48	NIN	5619.0
48	OTUB2	203.25
48	PCF11	5545.0
48	PDE4D	2370.0
48	RAB17	6.0
48	RARA	780.75
48	RMI2	435.0
48	S100A11	3460.75
48	SLC33A1	159.5
48	SMARCAL1	831.5
48	SPG11	2235.25
48	SPTY2D1	901.25
48	STIM2	3292.5
48	TMEM14A	160.0
48	VPS45	552.75
48	WDR18	311.0
48	ZNF217	1379.25
49	ARMC5	570.0
49	BLOC1S6	31199.0
49	C12orf10	767.5
49	CD247	2047.75
49	EMC3	479.75
49	EPB41L2	639.0
49	GBP2	7451.0
49	ITPRIP	481.5
49	ITPRIPL1	825.0
49	MLLT10	2032.75
49	PLCL1	281.5
49	RASGEF1B	1034.75
49	RPF1	1786.0
49	RPL17-C18orf32	116.0
49	RPS6KB2	1282.5
49	SARAF	7251.5
49	SP110	6528.25
49	STK17A	1653.25
49	TNFRSF10D	209.0
49	USP36	5529.0
50	BDH2	90.0
50	CLECL1	77.5
50	ESYT1	6408.75
50	FAM102A	12412.75
50	GBP4	4350.25
50	LANCL2	705.25
50	MGAT4A	1193.0
50	PPRC1	3687.0
50	RBPJ	4806.75
50	RPL41	63205.0
50	SERF2	2495.75
50	SLAMF1	1332.75
50	SLC38A1	10500.75
50	SPON2	270.5
50	TBL1XR1	9895.75
50	TNFAIP3	18618.5
50	TRIM35	771.0
51	ARPP19	3337.75
51	CDK6	17407.0
51	DYNLT1	1252.5
51	FBXW2	4111.0
51	FCGRT	202.5
51	HIPK1	3918.75
51	HNRNPUL1	12808.25
51	KMT2E	4852.75
51	KRT1	25.25
51	MYC	7961.5
51	PDE4B	3511.0
51	PRKAG1	948.75
51	PRMT5	1456.25
51	RCAN3	21623.0
51	RSPH3	602.0
51	S100A4	228.5
51	TGFBR2	4315.5
51	TNF	20943.0
51	TTC24	4.5
51	ZC3H13	5074.25
51	ZNF639	2188.0
52	ALPK2	66.5
52	ATP8B2	4447.5
52	BTLA	346.75
52	CD28	9913.5
52	CEP70	108.75
52	CIC	1601.5
52	EFCAB5	87.75
52	LETM2	297.5
52	MCL1	5294.75
52	NFE2L2	2236.5
52	PIK3R1	4982.25
52	POGZ	7487.75
52	RABGAP1L	3402.0
52	RAD51B	175.25
52	RPA3	80.5
52	SCML4	1846.75
52	SIAH1	700.5
52	SLC22A5	721.25
52	SLC3A2	2811.25
52	SRPK2	609.75
52	TAGAP	2172.75
52	YWHAZ	10769.25
52	ZC3H12A	843.5
53	ARID1B	6652.0
53	ATM	11059.5
53	CASP1	317.0
53	CKLF-CMTM1	25.75
53	CUL1	1693.75
53	CYP27B1	250.25
53	CYTH1	6014.25
53	EIF4E	3182.75
53	LTB4R2	164.25
53	MED15	4042.5
53	NUP85	696.75
53	PHC1	3029.0
53	PSMD6	3579.75
53	RAB27A	3037.75
53	RER1	1092.0
53	SAMD13	5.0
53	SPOP	2025.5
53	TM2D2	420.75
53	VAMP1	1057.0
53	VMP1	4013.75
53	ZNF219	107.25
54	ARHGAP15	1290.5
54	CAPZB	1338.75
54	CXCR5	1078.75
54	DCTN4	1463.75
54	GBP5	6802.75
54	HIVEP2	5555.75
54	IFI16	3264.25
54	IVNS1ABP	2903.5
54	OSBPL3	1745.0
54	PATL2	403.75
54	PCBP1	13489.75
54	TLE4	2190.0
54	TSHZ1	666.75
54	TUBD1	1217.75
54	WDR5B	332.5
54	ZFP36L1	11265.0
55	ANP32E	14317.25
55	CSGALNACT2	804.5
55	DAD1	1275.0
55	LCP2	11966.0
55	LST1	106.75
55	NECAP1	1880.25
55	PMM2	1437.5
55	PRKRIP1	1094.75
55	PRRG2	3.0
55	STAT4	2237.0
55	SUFU	709.75
55	SYTL3	1447.0
55	WDR82	5382.0
56	ARID1A	12452.0
56	AZIN1	1140.25
56	CASP8	2632.75
56	DENND2D	2027.25
56	FOXN2	1481.5
56	LRIF1	318.0
56	LRIG1	1165.25
56	PCNX4	1553.0
56	TMEM139	23.5
56	USP24	5706.25
57	ATXN7	13587.5
57	CEP85L	1908.5
57	IL24	626.5
57	MMEL1	95.0
57	MYL12B	897.75
57	PTPN4	1462.5
57	RBM17	1434.0
57	RHOG	4061.75
57	SPEN	6561.75
57	SSRP1	5098.75
57	UBALD2	1698.5
58	BCL6	1188.75
58	DEF6	1944.75
58	FBXL22	74.25
58	IL16	3291.25
58	OTULIN	3152.5
58	PDE7A	4088.0
58	PIK3C2B	1313.75
58	PSMA1	1313.5
58	RBMX	3167.5
58	S100B	28.0
58	SLC25A25	415.25
58	TSPAN31	620.5
59	CTC1	1975.5
59	DDAH2	29.75
59	DMTF1	5178.5
59	KDSR	916.5
59	MPZ	157.25
59	PDCD4	3564.5
59	PMEL	201.75
59	RPL23A	5800.25
59	SH3BP5	1609.0
59	SIK3	2059.25
59	TC2N	2477.75
60	ASXL1	3958.5
60	IL18RAP	141.25
60	MAP3K1	2146.0
60	PYCR2	1782.0
60	RPS11	16230.0
60	RRS1	566.5
60	TAPBPL	799.25
60	TMSB4X	3545.25
60	TNFRSF1B	4228.5
60	TTC39C	4781.25
60	TXNIP	11837.75
60	USP22	4811.5
61	ATAD1	1328.5
61	GMEB1	2026.0
61	HAX1	1526.5
61	HSPA8	31440.75
61	LRRC8B	3359.75
61	MPZL3	1254.5
61	SLC14A1	422.5
61	SLFN12	164.25
61	SOD1	2272.25
61	USP49	800.75
62	COTL1	2777.25
62	CXCR4	8612.75
62	EED	2945.5
62	GGCT	249.75
62	GPR107	3580.5
62	MECP2	1489.5
62	NOD2	262.75
62	NR3C1	1596.75
62	PRDM2	3957.75
62	PTK2B	2549.25
62	RB1	570.25
62	RSAD2	217.5
62	SF1	9127.5
62	SSR3	1554.75
62	TBC1D7	237.75
63	CD48	2008.75
63	EZH2	1717.25
63	IL6ST	16351.75
63	ILF3	13214.0
63	ITPKB	1561.75
63	MED24	904.5
63	PABPC1	43780.75
63	PPP1R10	3933.5
63	RAP1B	3617.25
63	RNASEK	745.75
63	TMED4	3558.25
63	VCPKMT	163.75
64	CCR5	391.0
64	DDX23	1595.25
64	FLAD1	722.5
64	ITGB1	2912.0
64	KCNJ1	53.75
64	SF3B5	303.75
64	ZBED4	742.25
65	ADD3	8211.5
65	CCNB1IP1	588.25
65	GPR174	1212.0
65	NFKB1	6663.75
65	RBM23	2361.75
65	RPS26	4579.0
66	AGFG2	3151.5
66	ANKRD42	374.0
66	CTDSP2	4665.75
66	FOS	1650.25
66	NUDT4	6197.75
66	RALY	1486.25
66	RFFL	1573.25
67	CD226	4638.0
67	CD3D	2946.25
67	GATAD2A	14195.5
67	MBOAT4	33.75
67	MXD1	629.75
67	PHF19	1080.25
67	PTP4A2	3644.5
67	RNF157	3204.5
68	ATP6V0A1	1405.25
68	IKZF3	16682.0
68	INO80B	898.75
68	NAB1	843.75
68	NANS	670.0
68	RBMS1	2790.0
68	STAT6	7684.75
68	TRABD2A	3360.25
68	TRIM69	1710.0
69	AP3M2	2043.25
69	ARHGAP5	898.0
69	ITK	8149.25
69	RFX5	788.25
69	RPL34	5250.25
69	TMEM109	1185.0
70	CHD3	23592.5
70	COX7A2	657.75
70	ID3	72.5
70	MMACHC	779.25
70	MPZL2	546.25
70	RPL26	833.0
70	RTN4	943.5
71	BRD2	9207.5
71	GIMAP4	3454.25
71	MAP3K9	540.75
71	PRR7	25.75
71	TOP2A	231.75
72	BLM	491.5
72	VIM	5958.5
73	ARHGAP25	4519.25
73	CHD2	11724.75
73	CHD8	4085.25
73	COPB1	2313.5
73	PFDN5	1802.0
73	PRKACB	1131.0
73	SNRK	2776.25
73	TRA2B	3938.75
73	ZNF706	454.25
74	AVIL	267.75
74	MAML2	3282.0
74	NFATC2	8074.5
74	SLFN14	10.75
74	SRSF7	4726.75
74	TUBB	23160.5
75	C5orf58	70.25
75	CNDP2	2569.0
75	IKZF1	16666.5
75	MLLT3	3435.75
75	NCOA2	7704.25
75	RSU1	1582.0
75	ST6GAL1	5080.0
76	ABLIM1	6742.75
76	IFIH1	549.75
76	KDM8	156.0
76	NEURL4	517.0
76	TSFM	144.25
77	ADNP	1315.25
77	CYTIP	4884.25
78	EEF1E1	424.0
78	MOCS2	323.0
78	NR4A2	1676.5
78	PICALM	4904.5
78	RAPGEF6	2435.75
78	RPL21	8444.75
79	BTN3A2	1677.5
79	CORO1C	418.5
79	DPAGT1	885.5
79	EEF1G	24422.5
79	EIF5A	12733.25
79	HBS1L	1661.75
79	RASSF3	2098.75
80	DKK4	1.75
80	EIF1B	96.75
80	ICE2	4137.5
80	IPCEF1	1450.25
80	RABL6	1510.0
80	SORL1	8774.0
80	SPATS2L	1209.5
81	LIX1L	3649.0
81	NCOA7	2196.5
82	ABCG1	1156.5
82	BTN3A3	1397.5
82	KLF13	1704.75
82	TMED10	2425.5
82	TNIP1	4595.25
83	DYRK1A	6252.5
83	INTS6	7115.5
83	JAK1	7274.5
83	MDC1	2179.75
83	MRPS18B	573.25
83	SESN3	4049.75
83	SIAE	852.25
83	ZMYND8	2258.25
84	LRRC8D	895.75
84	PPIL4	684.75
84	SPAG16	85.25
85	COA1	1913.25
85	HINT1	1475.25
85	INPP4B	11354.25
85	PLXDC1	482.0
85	RTN2	15.5
85	SLC39A10	2665.0
85	SNAPC1	421.25
85	TNFAIP8	1767.75
86	ATP2B4	2634.25
86	TMCO1	488.5
86	TSPAN14	3496.5
87	AP2B1	3628.75
87	MXI1	1340.0
87	TMEM71	326.5
88	ASAP1	5155.5
88	BTN2A2	477.25
88	CHI3L2	121.75
88	DNAH6	42.75
88	DOCK10	15149.5
88	REL	9642.0
88	ZHX3	1247.0
89	TRDMT1	1059.75
90	GPBP1	2687.0
90	ITGA4	3865.75
90	YPEL3	543.75
91	HOXB3	162.0
91	TMBIM1	2050.0
92	CFLAR	13142.0
92	IKBKB	2406.25
92	LCLAT1	1837.75
92	LCP1	21299.0
92	PAQR8	1236.0
92	TOR2A	148.25
94	CCR4	3127.0
94	NQO2	505.75
94	RUNX1	4233.5
95	ANKRD12	2838.75
95	CCDC82	602.5
95	CLP1	141.5
95	CLPTM1L	3937.0
95	GIMAP6	721.75
96	ARID5B	7021.0
96	BTN3A1	2976.25
96	FAM111A	1194.0
97	BMI1	1017.75
97	CDC14A	3845.25
97	EXTL2	48.25
97	SLFN5	4502.25
98	LCMT1	381.5
98	THEMIS	716.75
99	ELMO1	5598.5
99	HMGN4	225.75
99	MAP4K4	5347.0
99	SMG6	1210.75
100	ATP6V1G1	386.75
100	CCNT2	1957.25
100	CD69	3695.0
100	SH3GLB1	750.0
100	ZNF384	3309.75
101	CDHR3	330.5
101	DDX39B	11465.75
101	HNRNPC	11548.25
101	SPATA5L1	227.0
102	MAT2A	7030.0
102	MND1	112.25
103	CD2	6794.25
103	FAM71B	3.0
103	SLC7A7	333.0
103	UXS1	1249.5
104	ARID4A	919.5
104	PRKCQ	830.25
105	CCND2	42824.75
105	RERE	3413.0
105	TMPRSS3	197.0
106	EVL	4709.25
106	GRK5	351.5
107	WNK1	19520.75
108	ARMC12	5.25
108	CD40LG	4241.0
108	STAM	1182.5
109	CREM	1017.5
109	SLFN12L	1283.0
109	TXLNB	26.25
110	DDIAS	341.0
110	DSE	98.25
110	PIH1D1	251.25
111	BCL2	10518.5
111	CHD7	4382.5
111	PTPRC	30713.5
112	AGPAT5	1024.0
112	CDC16	1427.75
112	ERAP2	3543.25
113	MCM3	1838.75
113	P2RY8	2176.75
114	BTG1	2294.25
114	HNRNPUL2	3843.25
114	SMAD3	4035.25
115	NHEJ1	223.0
115	TCF7	11007.5
116	PMF1-BGLAP	17.0
118	SLAMF6	1991.5
119	PIK3CA	1249.25
119	STK17B	8933.0
122	CYLD	5835.0
122	KCTD20	2186.25
122	LYRM7	3170.0
123	CNTRL	4767.25
124	MRPL37	1194.0
125	HIF1A	9895.75
125	UBE4A	5188.25
126	MAN1C1	1451.0
126	MED7	143.5
127	ID2	2022.0
129	AKTIP	785.75
129	CD6	4673.25
130	TGIF1	536.0
132	SFT2D1	278.0
134	EIF4G2	28704.0
136	AMZ2	1129.75
136	ARL2	630.5
137	RFC4	446.75
138	KANSL1	9039.5
138	M6PR	5677.75
140	PRELID3B	2255.25
140	SART3	3865.25
141	FOXN3	7711.75
141	SYTL2	1127.5
142	ARHGEF3	5602.75
143	ELF1	3459.5
143	RAPGEF1	3387.75
143	TIPARP	958.0
144	DDX6	10221.5
144	NUP107	1863.75
144	PRDM1	13954.25
144	SECISBP2	2354.0
145	CSGALNACT1	462.75
146	TWF2	340.25
147	ERMN	135.25
147	NEMF	1384.25
148	MLH1	1029.75
148	ZNRD1	472.0
149	CDK17	1277.5
150	ARAP2	1499.0
150	BIRC3	1957.25
150	CCDC88C	3081.25
153	ARHGDIB	15178.25
153	FCMR	7757.0
154	DGKA	28417.0
156	NFKBIZ	9886.25
158	RHOH	3807.75
162	MKLN1	2482.75
162	MSANTD2	385.25
162	RAB30	544.75
163	DUSP16	5347.0
164	TIMM10B	709.5
166	PPP2R5C	6367.25
168	BTG2	5507.25
171	CYFIP2	18356.25
172	LDLRAD4	948.75
172	NSMCE1	1461.5
174	UBQLN1	7508.5
180	GPR18	551.25
180	UBAC2	747.75
181	ATF7IP	4225.25
181	GPR183	4101.75
182	WIPF1	13873.25
184	OSGEP	1203.25
187	GIMAP5	3636.75
187	GIMAP8	458.5
190	HNRNPA1	26081.0
190	RTCA	2636.5
190	SH3KBP1	14088.75
192	GIMAP2	2873.0
195	TBCCD1	1266.5
196	ASCC1	567.5
200	GIMAP7	1244.25
202	SEMA4D	16480.75
207	IL7R	9067.5
209	CRLS1	368.75
210	DYNC1LI2	1093.25
213	BNIP3L	461.5
216	NCK2	3070.75
219	BCL11B	5429.5
234	AFTPH	2607.25
237	SATB1	12114.0
252	C8orf44-SGK3	6.0
252	ST3GAL5	1225.25
254	PEX11B	481.5
260	GLCCI1	1190.25
268	PYGO2	576.75
294	FAM107B	2848.75
350	TTF2	1019.25
376	TMEM123	4702.25
393	ZBTB38	880.75
406	MBNL1	18603.0
434	DPH5	500.0
559	CD44	24542.5
659	FOXP1	21622.5
912	FYN	5506.75
