CD4_H3K27ac_count_bins	Gene_Name	Mean_Gene_Expression
0	A1CF	43.0
0	A2ML1	89.5
0	AAAS	2411.0
0	AAGAB	429.0
0	AAK1	6141.0
0	AAMDC	628.75
0	AARS2	619.0
0	AASDH	83.75
0	ABCA1	397.75
0	ABCA10	36.75
0	ABCA13	165.75
0	ABCA2	680.75
0	ABCA3	185.75
0	ABCA8	735.5
0	ABCB11	92.0
0	ABCB7	669.5
0	ABCC1	2251.75
0	ABCC11	55.5
0	ABCC2	151.25
0	ABCC9	981.75
0	ABCD2	209.75
0	ABCF1	7776.0
0	ABCF3	919.0
0	ABCG1	1156.5
0	ABCG4	2.5
0	ABHD12	245.5
0	ABHD16A	590.0
0	ABHD4	281.25
0	ABHD6	111.75
0	ABI1	3629.25
0	ABI3BP	64.75
0	ABL1	1031.25
0	ABL2	1947.25
0	ABLIM3	1.5
0	ABR	2579.0
0	ABRA	46.25
0	ACAA1	573.75
0	ACAA2	1402.25
0	ACACB	1657.5
0	ACADM	717.25
0	ACADVL	1629.25
0	ACAP1	2491.75
0	ACAP2	3820.25
0	ACAT1	582.75
0	ACAT2	496.5
0	ACBD4	230.0
0	ACBD5	796.0
0	ACBD6	794.5
0	ACD	778.25
0	ACER2	56.5
0	ACIN1	5503.75
0	ACKR2	150.75
0	ACKR3	110.5
0	ACMSD	9.75
0	ACOT2	229.0
0	ACOT7	1279.25
0	ACOT9	1000.0
0	ACOX1	777.75
0	ACOX2	1.75
0	ACP6	331.75
0	ACSBG1	448.75
0	ACSM1	2.75
0	ACSM3	78.0
0	ACSM6	12.25
0	ACSS1	653.25
0	ACSS2	283.25
0	ACTA2	260.5
0	ACTB	55244.25
0	ACTL6A	1353.25
0	ACTR1B	2087.25
0	ACVR1	552.5
0	ACVR1B	589.5
0	ACVR2A	391.75
0	ADAM12	118.5
0	ADAM17	1820.5
0	ADAM22	282.0
0	ADAM28	18.75
0	ADAMTS17	399.5
0	ADAMTS8	3.75
0	ADAMTS9	17.5
0	ADAMTSL2	32.0
0	ADARB1	1948.75
0	ADCY10	2.75
0	ADCY2	380.25
0	ADCY9	571.0
0	ADCYAP1R1	2.0
0	ADD1	3684.25
0	ADD3	8211.5
0	ADGRA3	814.75
0	ADGRB1	15.0
0	ADGRG1	331.25
0	ADGRG5	227.25
0	ADGRL2	0.25
0	ADH5	767.0
0	ADHFE1	156.0
0	ADIPOQ	164.5
0	ADIPOR2	544.0
0	ADNP	1315.25
0	ADPGK	2523.25
0	ADPRM	117.25
0	ADRB2	60.5
0	ADSL	1223.0
0	ADTRP	442.0
0	AEN	944.75
0	AFAP1	476.75
0	AFAP1L1	11.0
0	AFF1	4759.25
0	AFF3	1211.75
0	AFF4	3690.75
0	AFG3L2	756.5
0	AFTPH	2607.25
0	AGA	243.75
0	AGAP2	1748.75
0	AGAP3	384.0
0	AGBL1	42.75
0	AGBL2	86.25
0	AGBL4	76.75
0	AGBL5	388.25
0	AGFG1	5271.0
0	AGMO	187.5
0	AGO3	3415.25
0	AGPAT3	3333.5
0	AGPAT4	373.75
0	AHCY	743.75
0	AHCYL2	844.5
0	AHNAK	18251.25
0	AHNAK2	3.0
0	AHR	2970.75
0	AHSA1	2324.5
0	AIF1	268.75
0	AIFM1	1066.5
0	AIM2	551.5
0	AIMP1	749.75
0	AIP	489.25
0	AIPL1	290.0
0	AK1	76.25
0	AK5	665.25
0	AK9	622.0
0	AKAP10	722.75
0	AKAP12	418.5
0	AKAP13	6729.75
0	AKAP3	23.5
0	AKAP7	524.25
0	AKAP8	2540.75
0	AKAP8L	602.5
0	AKIRIN1	1812.0
0	AKNA	7833.5
0	AKR1C3	6.75
0	AKT1	1115.25
0	AKT1S1	217.0
0	ALCAM	527.5
0	ALDH1A2	8.5
0	ALDH1L2	159.5
0	ALDH3A1	5.75
0	ALDH3A2	763.0
0	ALDH4A1	62.75
0	ALDH7A1	1767.75
0	ALDH8A1	105.75
0	ALDOB	8.25
0	ALDOC	287.25
0	ALG1	545.5
0	ALG10	346.5
0	ALG10B	713.75
0	ALG14	787.75
0	ALG1L2	21.5
0	ALG5	201.25
0	ALG9	643.25
0	ALKBH1	183.0
0	ALKBH2	550.0
0	ALKBH3	177.5
0	ALKBH6	1107.0
0	ALOX15B	0.25
0	ALPK1	686.5
0	ALPK2	66.5
0	ALS2	571.0
0	AMBRA1	1016.0
0	AMD1	3405.75
0	AMER1	101.5
0	AMER2	55.0
0	AMER3	48.0
0	AMFR	989.5
0	AMMECR1	513.5
0	AMN1	409.5
0	AMOT	74.5
0	AMPD3	621.0
0	AMPH	28.75
0	AMZ2	1129.75
0	ANAPC1	4128.0
0	ANAPC15	1343.0
0	ANAPC5	3688.75
0	ANGPT2	554.75
0	ANGPTL1	22.75
0	ANGPTL5	1.0
0	ANK2	0.75
0	ANK3	2788.25
0	ANKAR	83.0
0	ANKDD1A	898.5
0	ANKEF1	122.5
0	ANKFN1	2.75
0	ANKHD1	3823.5
0	ANKRD10	1164.5
0	ANKRD11	11882.0
0	ANKRD23	71.0
0	ANKRD24	30.5
0	ANKRD26	285.0
0	ANKRD36B	2665.5
0	ANKRD39	464.0
0	ANKRD40	2902.75
0	ANKRD46	555.5
0	ANKRD55	335.5
0	ANKRD6	198.0
0	ANKS1A	1449.75
0	ANKS1B	100.25
0	ANKS4B	401.5
0	ANLN	63.75
0	ANO10	210.25
0	ANO2	2.75
0	ANO9	580.5
0	ANP32A	15270.5
0	ANP32E	14317.25
0	ANTXR2	965.25
0	ANXA2	1739.5
0	AOAH	274.75
0	AOC1	13.75
0	AOC2	61.25
0	AP001258.1	4.0
0	AP1G2	4304.5
0	AP1M1	2087.0
0	AP1M2	4.0
0	AP2M1	1775.75
0	AP3B1	1940.5
0	AP4B1	956.5
0	AP4E1	848.0
0	APAF1	862.25
0	APBA2	802.75
0	APBB1	703.5
0	APBB2	221.75
0	APC	900.0
0	APEH	1305.5
0	APEX1	7698.75
0	APH1A	825.25
0	API5	6112.0
0	APLN	2.5
0	APMAP	1070.0
0	APOB	6.75
0	APOBEC3B	25.0
0	APOBEC3H	15.0
0	APOD	13.25
0	APOE	184.25
0	APOH	10.5
0	APOL3	1834.25
0	APOL4	496.0
0	APOL6	2822.25
0	APOM	39.5
0	AQP10	3.75
0	AQP11	87.0
0	AQP6	141.75
0	ARAF	1435.25
0	ARAP2	1499.0
0	ARAP3	60.75
0	AREG	30.75
0	ARF3	2554.5
0	ARF4	706.75
0	ARF5	97.75
0	ARF6	3211.25
0	ARFGAP2	977.0
0	ARFGAP3	390.5
0	ARFIP1	324.5
0	ARG1	126.5
0	ARHGAP10	275.75
0	ARHGAP12	420.0
0	ARHGAP15	1290.5
0	ARHGAP17	1468.75
0	ARHGAP18	131.75
0	ARHGAP24	1.0
0	ARHGAP26	1518.0
0	ARHGAP27	1379.0
0	ARHGAP28	860.75
0	ARHGAP35	1478.0
0	ARHGAP4	924.75
0	ARHGEF10	689.5
0	ARHGEF11	374.25
0	ARHGEF12	2204.5
0	ARHGEF2	2474.5
0	ARHGEF25	5.5
0	ARHGEF3	5602.75
0	ARHGEF37	9.5
0	ARHGEF38	184.25
0	ARHGEF4	180.5
0	ARHGEF40	21.75
0	ARHGEF6	4269.75
0	ARHGEF7	1922.25
0	ARHGEF9	724.0
0	ARID2	1975.25
0	ARID3B	1268.75
0	ARID5A	782.5
0	ARL10	1631.25
0	ARL14EP	1008.5
0	ARL2BP	449.5
0	ARL4D	16.0
0	ARL5A	957.0
0	ARL6	115.25
0	ARL6IP5	2069.0
0	ARL9	289.25
0	ARMC10	2719.75
0	ARMC12	5.25
0	ARMC2	51.25
0	ARMC4	9.5
0	ARMC6	281.25
0	ARMC8	1907.0
0	ARMCX2	31.25
0	ARMCX5	187.75
0	ARPC3	581.25
0	ARPC4	6056.0
0	ARRB2	3380.0
0	ARRDC2	606.75
0	ARRDC3	1620.0
0	ARSG	1103.25
0	ART3	491.25
0	ART4	120.5
0	ASAP1	5155.5
0	ASAP3	56.25
0	ASB15	14.5
0	ASB2	135.25
0	ASCC3	3797.0
0	ASF1A	1142.5
0	ASGR1	92.25
0	ASGR2	5.25
0	ASIC1	90.25
0	ASNS	1581.5
0	ASPA	309.75
0	ASPH	1034.25
0	ASPM	101.5
0	ASTN2	5593.5
0	ASXL3	3.25
0	ATAD1	1328.5
0	ATAD2B	1206.5
0	ATF2	4241.5
0	ATF4	4483.0
0	ATF5	656.0
0	ATF6	1972.5
0	ATF7IP2	729.5
0	ATG101	229.25
0	ATG16L1	1234.75
0	ATG4C	100.0
0	ATG4D	342.25
0	ATG5	291.0
0	ATG7	1251.0
0	ATIC	2925.75
0	ATL1	28.75
0	ATMIN	2029.75
0	ATN1	3135.5
0	ATOX1	331.5
0	ATP10A	1002.75
0	ATP10D	214.0
0	ATP13A2	706.75
0	ATP13A3	4404.5
0	ATP13A4	35.75
0	ATP1A1	35459.75
0	ATP1A4	297.0
0	ATP23	162.25
0	ATP2A1	47.5
0	ATP2A2	6482.5
0	ATP2B3	0.25
0	ATP2C1	955.5
0	ATP6V0D2	119.0
0	ATP6V0E1	1709.75
0	ATP6V0E2	471.25
0	ATP6V1B1	3.75
0	ATP6V1G1	386.75
0	ATPAF1	597.75
0	ATR	1245.75
0	ATRIP	281.0
0	ATRX	2249.5
0	ATXN7L3B	3132.5
0	AUH	267.25
0	AVIL	267.75
0	AVL9	1850.0
0	AXIN2	358.75
0	AZIN2	136.5
0	B3GALNT1	96.0
0	B3GALNT2	442.0
0	B3GALT2	136.0
0	B3GNT5	2199.0
0	B3GNT8	6.0
0	B3GNT9	172.25
0	B4GALNT1	26.25
0	B4GALNT3	81.5
0	B4GALT6	68.25
0	BAAT	2.75
0	BABAM1	1115.5
0	BACE1	159.75
0	BAG2	523.0
0	BANP	371.25
0	BATF	588.0
0	BAZ2B	1329.75
0	BBC3	23.25
0	BBS12	26.0
0	BBS4	330.75
0	BBS7	247.5
0	BBX	1152.25
0	BCAP29	422.0
0	BCAP31	567.0
0	BCAR3	123.5
0	BCKDHA	145.75
0	BCL10	542.5
0	BCL2L1	1270.0
0	BCL2L10	5.5
0	BCL2L15	995.0
0	BCL2L2	30.0
0	BCL6	1188.75
0	BCL6B	8.5
0	BCL9	2071.75
0	BCL9L	12424.5
0	BCLAF1	10769.0
0	BCOR	3628.75
0	BCR	1307.0
0	BCS1L	457.0
0	BDH1	2259.75
0	BDH2	90.0
0	BDKRB1	39.75
0	BDP1	3254.5
0	BEAN1	133.5
0	BEST1	461.5
0	BET1	308.5
0	BEX2	548.0
0	BFAR	2018.25
0	BFSP1	12.0
0	BIRC2	307.0
0	BIRC5	413.5
0	BLCAP	1257.25
0	BLM	491.5
0	BLNK	5.75
0	BLOC1S2	647.25
0	BLOC1S6	31199.0
0	BMF	227.5
0	BMP2K	684.75
0	BMP4	4.5
0	BMPR1B	8.25
0	BMX	0.75
0	BNIP1	63.25
0	BNIP2	3431.5
0	BNIP3L	461.5
0	BNIPL	187.0
0	BOD1	324.75
0	BOD1L1	5993.25
0	BORCS7	1975.25
0	BRAF	2512.5
0	BRCA1	876.75
0	BRD1	1632.0
0	BRD4	10015.5
0	BRDT	97.5
0	BRF2	133.25
0	BRK1	931.0
0	BRMS1	470.5
0	BRMS1L	62.0
0	BRPF1	1060.25
0	BRWD1	2771.0
0	BSCL2	96.0
0	BTBD11	350.75
0	BTBD18	192.75
0	BTBD3	172.75
0	BTBD7	1515.5
0	BTBD8	119.5
0	BTBD9	1456.0
0	BTF3	1231.75
0	BTLA	346.75
0	BTN1A1	3.5
0	BTN2A1	603.0
0	BTNL8	5.75
0	BUB1	525.5
0	BUD31	657.5
0	C10orf105	10.0
0	C10orf67	40.75
0	C10orf90	0.5
0	C11orf1	329.0
0	C11orf24	732.0
0	C11orf49	376.25
0	C11orf58	2277.25
0	C11orf80	188.5
0	C12orf10	767.5
0	C12orf29	569.25
0	C12orf40	36.0
0	C12orf50	525.5
0	C12orf54	2.25
0	C12orf65	2381.75
0	C12orf66	514.25
0	C14orf119	410.0
0	C15orf39	1697.5
0	C15orf40	2090.5
0	C15orf41	533.25
0	C15orf61	167.75
0	C16orf46	1.75
0	C16orf58	698.75
0	C16orf70	1113.75
0	C17orf49	340.75
0	C17orf50	4.5
0	C17orf78	5.5
0	C17orf97	31.25
0	C17orf98	6.0
0	C18orf21	734.25
0	C18orf25	2158.25
0	C19orf18	3.25
0	C19orf54	399.25
0	C1D	364.75
0	C1GALT1	704.0
0	C1orf105	1.75
0	C1orf109	472.0
0	C1orf116	3.25
0	C1orf162	322.25
0	C1orf174	1514.5
0	C1orf198	127.5
0	C1orf216	276.75
0	C1orf52	521.0
0	C1orf54	32.25
0	C1orf61	335.25
0	C1orf74	116.75
0	C1QTNF1	6.25
0	C1QTNF7	18.0
0	C1QTNF9	30.5
0	C1QTNF9B	1.25
0	C1R	124.25
0	C1RL	452.25
0	C1S	67.25
0	C20orf96	30.75
0	C21orf62	4.5
0	C21orf91	862.25
0	C22orf46	61.0
0	C2CD4A	209.0
0	C2CD4D	29.25
0	C2CD5	1483.25
0	C2orf42	357.5
0	C2orf66	15.75
0	C2orf69	337.5
0	C2orf88	65.0
0	C3orf20	9.5
0	C3orf49	35.5
0	C3orf62	815.25
0	C4BPA	10.5
0	C4BPB	804.25
0	C4orf17	8.0
0	C4orf19	138.75
0	C4orf3	774.75
0	C4orf33	47.0
0	C4orf36	79.75
0	C4orf45	1.25
0	C4orf47	0.5
0	C5orf58	70.25
0	C5orf63	135.0
0	C6orf47	423.0
0	C7orf26	818.0
0	C7orf31	100.25
0	C7orf57	12.75
0	C7orf61	21.0
0	C8orf34	632.0
0	C8orf37	201.25
0	C9orf131	142.0
0	C9orf24	34.5
0	C9orf64	856.75
0	CA1	43.75
0	CA3	0.25
0	CA6	455.25
0	CAAP1	496.75
0	CAB39	4209.5
0	CAB39L	48.5
0	CABIN1	1982.25
0	CABLES1	103.75
0	CABP1	19.0
0	CABYR	159.0
0	CACFD1	82.75
0	CACNA1A	1999.75
0	CACNA1D	326.0
0	CACNB2	419.75
0	CACNB4	321.75
0	CADPS	319.0
0	CALCOCO1	2369.5
0	CALCOCO2	2639.75
0	CALN1	79.75
0	CAMK1G	3.75
0	CAMK2B	4.5
0	CAMK2D	4417.25
0	CAMK2G	1531.5
0	CAMK4	7156.25
0	CAMSAP1	2815.75
0	CAMTA1	256.75
0	CAMTA2	1745.5
0	CANX	38732.0
0	CAPG	73.75
0	CAPN2	2451.75
0	CAPN8	6.0
0	CAPRIN2	589.5
0	CAPS	744.5
0	CAPS2	188.25
0	CAPSL	1.5
0	CARD11	1330.25
0	CARD14	573.0
0	CARHSP1	1055.25
0	CARNMT1	720.5
0	CASC4	3505.25
0	CASP8AP2	781.75
0	CASS4	316.25
0	CAST	2831.25
0	CAT	396.0
0	CATIP	357.25
0	CATSPERB	281.75
0	CATSPERG	367.25
0	CAV1	1.5
0	CBFB	8301.0
0	CBL	5055.75
0	CBLL1	3804.25
0	CBX2	45.75
0	CBX3	2089.75
0	CBX5	9723.0
0	CBX8	13.75
0	CC2D1B	1667.0
0	CCDC106	19.25
0	CCDC112	42.25
0	CCDC113	125.75
0	CCDC117	1924.25
0	CCDC120	419.0
0	CCDC124	230.5
0	CCDC125	1875.25
0	CCDC134	61.5
0	CCDC138	258.25
0	CCDC14	1734.25
0	CCDC142	415.0
0	CCDC146	82.0
0	CCDC15	63.75
0	CCDC150	458.25
0	CCDC159	310.25
0	CCDC171	284.5
0	CCDC172	3.25
0	CCDC175	0.5
0	CCDC18	165.0
0	CCDC180	857.0
0	CCDC183	86.0
0	CCDC186	1858.75
0	CCDC28A	140.75
0	CCDC33	0.25
0	CCDC34	408.75
0	CCDC47	2507.25
0	CCDC65	81.5
0	CCDC68	0.5
0	CCDC73	1.25
0	CCDC80	183.75
0	CCDC82	602.5
0	CCDC83	12.0
0	CCDC85C	1027.75
0	CCDC86	2705.5
0	CCDC89	10.25
0	CCDC9	549.5
0	CCDC91	2234.5
0	CCDC92	1044.5
0	CCDC97	1144.75
0	CCL16	479.5
0	CCL27	93.75
0	CCL3	4627.0
0	CCL3L3	380.75
0	CCM2	1055.5
0	CCNB1	104.5
0	CCNB3	20.25
0	CCND1	275.0
0	CCNE2	102.0
0	CCNH	884.25
0	CCNI	4186.75
0	CCNJ	422.25
0	CCNT1	1542.0
0	CCNT2	1957.25
0	CCNY	2114.5
0	CCNYL1	1029.75
0	CCP110	1099.75
0	CCPG1	2031.75
0	CCR1	52.25
0	CCR10	37.75
0	CCR2	95.75
0	CCR3	47.75
0	CCR4	3127.0
0	CCR5	391.0
0	CCR6	298.5
0	CCRL2	40.0
0	CCT3	4821.5
0	CCT8	2689.5
0	CD109	894.75
0	CD14	23.75
0	CD160	214.0
0	CD163	303.25
0	CD180	69.5
0	CD200	1146.75
0	CD200R1	368.75
0	CD22	655.75
0	CD226	4638.0
0	CD274	1564.5
0	CD300A	154.0
0	CD300E	64.5
0	CD300LB	4.75
0	CD300LF	7.5
0	CD34	166.25
0	CD38	947.0
0	CD40LG	4241.0
0	CD46	2587.75
0	CD55	5221.5
0	CD59	614.0
0	CD63	1255.5
0	CD68	940.0
0	CD72	83.25
0	CD79B	32.5
0	CD80	48.5
0	CD86	16.25
0	CD9	4.5
0	CD96	3771.75
0	CD99	1515.25
0	CDC20	209.0
0	CDC25C	5.25
0	CDC27	1075.25
0	CDC37	4620.25
0	CDC37L1	253.5
0	CDC42BPA	50.0
0	CDC42BPG	176.5
0	CDC42EP1	28.0
0	CDC42EP3	960.75
0	CDC42SE1	5990.5
0	CDC42SE2	7620.25
0	CDC6	3505.25
0	CDC7	564.25
0	CDC73	2902.5
0	CDCA4	446.75
0	CDH10	23.75
0	CDH13	71.75
0	CDH16	2.5
0	CDH18	207.25
0	CDH19	1.0
0	CDH24	22.75
0	CDH4	7.0
0	CDH6	103.75
0	CDH9	26.0
0	CDHR1	13.0
0	CDHR4	113.5
0	CDIP1	525.0
0	CDK1	104.75
0	CDK12	3888.5
0	CDK13	3808.25
0	CDK16	1558.75
0	CDK17	1277.5
0	CDK19	324.25
0	CDK3	52.5
0	CDK4	2197.0
0	CDK5	101.0
0	CDK6	17407.0
0	CDK7	571.25
0	CDK8	571.75
0	CDKAL1	968.25
0	CDKL1	330.75
0	CDKL2	8.0
0	CDKL5	4410.5
0	CDKN2A	46.0
0	CDKN2AIPNL	289.25
0	CDKN2C	16.75
0	CDKN2D	781.25
0	CDON	313.5
0	CDRT4	92.0
0	CEACAM1	552.75
0	CEACAM21	254.0
0	CEACAM6	2.5
0	CEBPE	2.75
0	CECR2	155.0
0	CELA1	3.5
0	CELF2	8059.0
0	CELSR2	152.0
0	CEMIP	226.0
0	CENPC	1184.75
0	CENPF	327.5
0	CENPH	593.5
0	CENPI	202.75
0	CENPM	195.25
0	CENPT	666.0
0	CENPV	571.75
0	CEP120	2785.5
0	CEP126	503.0
0	CEP152	1166.5
0	CEP250	1690.25
0	CEP350	2346.0
0	CEP44	546.5
0	CEP55	86.0
0	CEP57	1021.0
0	CEP70	108.75
0	CEP76	608.0
0	CEP85	650.5
0	CES3	226.0
0	CETP	141.75
0	CFAP157	107.5
0	CFAP20	758.75
0	CFAP43	1.75
0	CFAP54	1402.25
0	CFAP70	118.0
0	CFAP77	2.5
0	CFB	136.0
0	CFH	35.75
0	CFL2	783.25
0	CFP	502.0
0	CGA	7.25
0	CGN	28.0
0	CGREF1	72.75
0	CGRRF1	102.25
0	CH25H	4.0
0	CHAF1B	1388.25
0	CHAMP1	499.25
0	CHCHD1	120.25
0	CHCHD2	1483.0
0	CHCHD3	592.75
0	CHCHD5	234.75
0	CHD1	1738.0
0	CHD4	8100.0
0	CHD6	2711.25
0	CHD8	4085.25
0	CHDH	194.75
0	CHEK1	1151.5
0	CHEK2	1107.75
0	CHERP	1762.5
0	CHI3L2	121.75
0	CHIC2	266.0
0	CHID1	1086.5
0	CHKA	263.0
0	CHMP2A	1921.5
0	CHMP3	868.0
0	CHMP7	1605.5
0	CHN1	83.25
0	CHN2	140.75
0	CHODL	16.0
0	CHORDC1	9541.25
0	CHST11	2341.0
0	CHST2	110.0
0	CHST4	10.75
0	CHST9	41.0
0	CHTOP	4719.75
0	CHUK	533.25
0	CIAPIN1	661.0
0	CIART	195.5
0	CIB2	21.5
0	CIC	1601.5
0	CIDEB	1069.0
0	CIPC	585.75
0	CIRBP	3274.0
0	CITED2	2163.25
0	CITED4	35.25
0	CKAP5	1426.0
0	CKLF-CMTM1	25.75
0	CKS1B	334.0
0	CLCN2	451.0
0	CLCN3	1264.25
0	CLCN5	315.0
0	CLDN12	116.25
0	CLDN14	3.0
0	CLDN15	170.25
0	CLDND1	8477.5
0	CLDND2	46.0
0	CLEC12A	7.0
0	CLEC1B	0.25
0	CLEC2A	0.75
0	CLEC3B	6.25
0	CLEC4C	26.25
0	CLEC7A	528.0
0	CLHC1	116.25
0	CLIC5	336.0
0	CLINT1	5665.5
0	CLIP1	9147.0
0	CLIP2	197.5
0	CLK2	1622.25
0	CLK3	1712.5
0	CLK4	1296.25
0	CLN3	1748.75
0	CLN8	839.25
0	CLNS1A	1313.0
0	CLPB	3399.25
0	CLRN1	3.75
0	CLSPN	648.75
0	CLSTN1	1937.5
0	CLSTN3	1036.0
0	CLTA	1268.75
0	CLTB	314.25
0	CLUL1	58.5
0	CLVS1	93.0
0	CLYBL	62.0
0	CMC1	233.0
0	CMC4	7.5
0	CMIP	1083.5
0	CMPK2	130.0
0	CMSS1	1999.0
0	CMTM3	294.5
0	CMTM6	789.25
0	CMTR1	837.0
0	CNBP	3555.25
0	CNIH1	241.0
0	CNN2	7685.0
0	CNN3	23.75
0	CNNM4	287.0
0	CNOT10	811.25
0	CNOT11	1210.75
0	CNOT2	2271.75
0	CNOT3	2894.0
0	CNOT4	2659.5
0	CNOT6	1142.5
0	CNOT7	2493.0
0	CNPY2	1104.5
0	CNPY3	1047.0
0	CNTD2	17.5
0	CNTN1	37.0
0	COA6	317.5
0	COASY	1004.25
0	COG3	1156.25
0	COL17A1	28.0
0	COL19A1	88.75
0	COL1A1	149.25
0	COL23A1	17.25
0	COL28A1	183.75
0	COL3A1	0.5
0	COL4A2	30.0
0	COL5A2	1.75
0	COL6A3	1158.25
0	COL6A6	11.0
0	COL8A2	16.25
0	COL9A1	219.5
0	COLEC12	1107.0
0	COLQ	186.75
0	COMMD1	215.0
0	COMMD10	177.75
0	COMMD2	793.0
0	COMMD8	57.5
0	COMMD9	410.5
0	COPB2	2690.75
0	COPG1	2543.0
0	COPG2	485.25
0	COPS3	1025.25
0	COPS7A	732.75
0	COPS8	480.75
0	COPZ1	647.5
0	COQ10A	531.75
0	COQ7	133.0
0	CORO1C	418.5
0	CORO6	84.75
0	COTL1	2777.25
0	COX16	334.5
0	COX4I1	3869.75
0	COX5B	375.5
0	COX6B1	77.5
0	COX7A2	657.75
0	COX7C	2935.75
0	CP	68.5
0	CPA3	12.25
0	CPA4	182.25
0	CPB1	17.5
0	CPD	1942.75
0	CPEB1	8.25
0	CPEB3	210.0
0	CPEB4	1352.25
0	CPED1	29.5
0	CPLX4	5.5
0	CPNE1	2968.5
0	CPNE2	168.5
0	CPNE6	132.25
0	CPS1	201.75
0	CPSF6	2259.0
0	CPT1A	440.5
0	CPT1B	337.5
0	CPT1C	195.25
0	CPT2	567.75
0	CPVL	3.75
0	CR1	615.5
0	CR2	25.5
0	CRADD	251.5
0	CRB1	19.75
0	CRB2	78.75
0	CRBN	1267.75
0	CREB1	3594.25
0	CREB3L1	35.75
0	CREB3L2	1971.25
0	CREB5	20.25
0	CREBBP	7325.5
0	CREG1	528.25
0	CRIP3	6.75
0	CRK	559.5
0	CRKL	6310.0
0	CRLS1	368.75
0	CRNKL1	1102.75
0	CROCC	844.5
0	CRTAM	288.5
0	CRTC2	4050.25
0	CRY1	424.25
0	CRYBG3	163.25
0	CRYGS	45.0
0	CS	4315.25
0	CSK	2043.5
0	CSMD2	86.0
0	CSMD3	236.75
0	CSNK1A1	7163.5
0	CSNK1G1	1719.5
0	CSNK2A1	5558.75
0	CSNK2A2	6113.25
0	CSNK2A3	5.0
0	CSRNP2	668.75
0	CSRP1	914.5
0	CSTF1	1237.75
0	CSTF3	3142.25
0	CTAGE1	4.0
0	CTBP1	1229.25
0	CTDSP1	645.5
0	CTDSPL2	1991.25
0	CTHRC1	16.0
0	CTNNA1	452.75
0	CTNNA2	33.0
0	CTNNAL1	30.5
0	CTNNB1	5608.5
0	CTNND1	271.5
0	CTNND2	7.25
0	CTPS1	4540.0
0	CTPS2	81.5
0	CTSB	1760.5
0	CTSC	1179.0
0	CTSK	145.75
0	CTSS	1591.25
0	CTSW	551.75
0	CTTNBP2NL	123.75
0	CUBN	486.5
0	CUEDC1	2.5
0	CUL1	1693.75
0	CUL4B	1957.5
0	CUL5	701.0
0	CUX1	2072.25
0	CWC22	830.75
0	CWC25	1277.0
0	CWC27	601.75
0	CWF19L2	1166.75
0	CX3CR1	48.75
0	CXCL17	5.5
0	CXCL9	118.5
0	CXCR6	211.25
0	CXorf21	89.75
0	CXXC5	190.0
0	CYB561	253.25
0	CYB561A3	913.75
0	CYB5A	596.5
0	CYB5B	1379.5
0	CYB5D1	646.75
0	CYB5R1	359.5
0	CYB5R2	153.75
0	CYB5R4	848.5
0	CYB5RL	1107.75
0	CYBB	8.5
0	CYFIP1	246.5
0	CYP11A1	29.0
0	CYP17A1	190.5
0	CYP24A1	3.75
0	CYP2C19	97.5
0	CYP2C8	10.0
0	CYP2C9	42.5
0	CYP2E1	46.75
0	CYP3A43	565.5
0	CYP3A5	1980.25
0	CYP4V2	2084.0
0	CYP7B1	1.25
0	CYP8B1	71.75
0	CYSLTR1	2300.75
0	DAAM1	802.75
0	DACT1	217.5
0	DAGLA	32.0
0	DAND5	675.75
0	DAP3	1382.0
0	DAPK2	523.5
0	DAPP1	821.5
0	DAW1	75.75
0	DBF4B	628.75
0	DBN1	180.75
0	DBNL	1613.5
0	DBT	2254.25
0	DCAF13	1270.25
0	DCAF17	682.5
0	DCAF4	344.5
0	DCAF4L1	27.0
0	DCAKD	990.0
0	DCBLD1	245.75
0	DCBLD2	120.75
0	DCDC2	74.75
0	DCLK2	16.5
0	DCN	133.25
0	DCP1B	796.75
0	DCT	6.0
0	DCTD	648.0
0	DCTN1	1509.0
0	DCTN2	1104.5
0	DCTN3	491.0
0	DCTN6	583.75
0	DCTPP1	767.0
0	DCUN1D5	439.5
0	DCXR	609.75
0	DDC	0.25
0	DDHD1	1893.75
0	DDI2	5270.0
0	DDOST	2046.75
0	DDR1	117.75
0	DDR2	53.75
0	DDX10	1850.25
0	DDX17	45476.5
0	DDX19A	2897.0
0	DDX19B	1390.0
0	DDX23	1595.25
0	DDX25	249.75
0	DDX27	1558.0
0	DDX4	7.0
0	DDX5	19588.25
0	DDX50	703.25
0	DDX58	355.5
0	DDX60	195.25
0	DDX60L	982.75
0	DECR1	291.5
0	DENND1A	450.5
0	DENND2A	342.75
0	DENND2C	312.5
0	DENND2D	2027.25
0	DENND4A	1368.5
0	DENND4C	823.0
0	DENND5A	937.5
0	DENND6A	975.0
0	DEPDC4	322.0
0	DEPDC5	2702.75
0	DEPTOR	49.0
0	DERL2	405.75
0	DGCR8	1714.75
0	DGKA	28417.0
0	DGKB	184.5
0	DGKD	2448.0
0	DGKE	1844.75
0	DGKH	1825.0
0	DGKQ	173.5
0	DGKZ	1511.25
0	DHDDS	1136.75
0	DHRS11	221.5
0	DHRS12	164.25
0	DHRS3	798.75
0	DHRS4L2	255.25
0	DHX15	4913.75
0	DHX29	234.25
0	DHX30	2885.75
0	DHX33	3381.25
0	DHX36	1302.5
0	DHX57	915.5
0	DHX58	151.25
0	DIABLO	1424.25
0	DIAPH1	6861.25
0	DIAPH3	656.0
0	DICER1	9749.0
0	DIDO1	5169.5
0	DIO1	18.5
0	DIO2	37.75
0	DIP2B	3250.75
0	DIRAS2	388.5
0	DIS3L2	1296.25
0	DKK4	1.75
0	DLC1	115.75
0	DLD	1432.25
0	DLG4	574.5
0	DLG5	155.0
0	DLGAP1	46.75
0	DLK2	217.5
0	DMC1	1423.25
0	DMTF1	5178.5
0	DMTN	382.0
0	DMXL1	878.0
0	DMXL2	321.25
0	DNAAF1	806.0
0	DNAH1	2079.75
0	DNAH12	53.75
0	DNAH14	361.0
0	DNAH3	139.25
0	DNAH5	1.0
0	DNAH8	9.75
0	DNAJA2	3502.75
0	DNAJA4	870.25
0	DNAJB12	618.5
0	DNAJB6	1928.75
0	DNAJB8	5.0
0	DNAJC10	3276.25
0	DNAJC11	1574.5
0	DNAJC12	51.75
0	DNAJC14	1179.5
0	DNAJC16	1002.5
0	DNAJC19	2170.5
0	DNAJC21	1596.25
0	DNAJC27	103.25
0	DNAJC5B	156.75
0	DNAJC6	113.25
0	DNAJC9	735.0
0	DNALI1	34.0
0	DNASE1L3	73.25
0	DNHD1	1387.0
0	DNM1L	2107.5
0	DNM2	2362.25
0	DNMBP	149.5
0	DNMT3B	39.75
0	DNPEP	1176.75
0	DOCK10	15149.5
0	DOCK11	729.25
0	DOCK8	5536.5
0	DOCK9	1854.25
0	DOK3	78.0
0	DOK4	84.0
0	DONSON	445.25
0	DOT1L	1136.25
0	DPEP2	938.5
0	DPF3	22.0
0	DPH2	838.25
0	DPM2	834.5
0	DPP10	25.0
0	DPP8	1535.0
0	DPY19L2	71.0
0	DPY30	378.0
0	DPYD	1425.75
0	DPYSL2	1706.5
0	DQX1	132.0
0	DRAM1	288.5
0	DRD3	4.0
0	DRG1	1079.5
0	DRICH1	20.25
0	DSC1	64.0
0	DSCAML1	3.0
0	DSE	98.25
0	DSEL	143.25
0	DSG3	212.75
0	DST	1579.5
0	DSTN	405.75
0	DTHD1	63.75
0	DTNA	168.75
0	DTWD2	668.5
0	DTX1	269.25
0	DTX3	284.75
0	DTX4	9.75
0	DTYMK	701.75
0	DUS2	261.5
0	DUS3L	513.0
0	DUSP10	378.0
0	DUSP11	1756.5
0	DUSP14	180.5
0	DUSP19	674.5
0	DUSP22	574.25
0	DUSP23	72.25
0	DUSP28	751.5
0	DVL2	369.5
0	DYM	1243.75
0	DYNC1H1	13358.0
0	DYNC1I1	22.75
0	DYNC1I2	1718.25
0	DYNC1LI2	1093.25
0	DYNC2H1	40.0
0	DYNC2LI1	563.25
0	DYRK1B	80.25
0	DYRK2	7836.5
0	DZANK1	450.75
0	E2F4	1767.25
0	E2F5	696.25
0	EAF2	54.25
0	EBAG9	509.75
0	EBLN2	991.25
0	EBP	230.75
0	EBPL	1684.5
0	ECE1	2962.75
0	ECHDC3	11.0
0	ECI2	393.25
0	ECSCR	8.75
0	ECT2	612.25
0	EDAR	198.75
0	EDC3	960.5
0	EDEM1	4571.25
0	EDEM3	1530.5
0	EDN1	7.0
0	EEA1	913.5
0	EEF1AKMT1	64.75
0	EEF1D	6626.25
0	EEF2	32839.25
0	EFCAB1	3.5
0	EFCAB12	220.25
0	EFHC1	276.0
0	EFHD2	1247.0
0	EFNA4	110.5
0	EFNB1	211.75
0	EFNB2	4.75
0	EFR3A	1298.0
0	EFR3B	116.75
0	EFTUD2	2768.25
0	EGLN1	546.25
0	EGLN2	1441.5
0	EGR2	5327.0
0	EHBP1	947.0
0	EHMT1	2569.75
0	EHMT2	1815.75
0	EID1	5153.25
0	EID2	90.75
0	EID3	165.25
0	EIF1B	96.75
0	EIF2AK3	126.5
0	EIF2AK4	599.25
0	EIF2B3	556.0
0	EIF2D	1244.0
0	EIF2S1	3288.75
0	EIF3A	18364.25
0	EIF3H	2957.0
0	EIF3K	1306.25
0	EIF3L	3780.0
0	EIF4A2	13987.0
0	EIF4E	3182.75
0	EIF4E3	1587.5
0	EIF4EBP2	3062.25
0	EIF4ENIF1	1060.0
0	EIF4G1	14498.0
0	EIF4G3	4249.5
0	EIF5	2677.0
0	EIF5A2	631.75
0	ELAC1	168.5
0	ELANE	2.25
0	ELAVL1	1833.75
0	ELK4	23155.5
0	ELL3	37.0
0	ELMO2	1308.0
0	ELMOD3	968.75
0	ELOF1	2768.0
0	ELOVL4	63.25
0	ELOVL6	487.75
0	ELP2	1189.75
0	ELP3	1207.25
0	EMC2	181.75
0	EMC3	479.75
0	EMC7	1035.25
0	EMC9	119.75
0	EME1	288.5
0	EMG1	1206.5
0	EML3	894.5
0	EMP1	276.5
0	EMSY	2366.25
0	ENC1	76.25
0	ENKUR	4.75
0	ENO3	316.0
0	ENPP2	42.5
0	ENPP4	258.25
0	ENTHD1	6.5
0	ENTPD1	780.0
0	ENTPD3	10.5
0	ENTPD7	248.75
0	EOMES	228.0
0	EP300	6554.25
0	EPAS1	289.5
0	EPB41	18583.25
0	EPB41L1	5.25
0	EPB41L2	639.0
0	EPB41L3	154.25
0	EPB41L5	101.5
0	EPB42	36.0
0	EPC1	2018.25
0	EPC2	1556.5
0	EPG5	1168.5
0	EPGN	2.0
0	EPHA1	148.0
0	EPHA4	423.5
0	EPHB6	213.0
0	EPN2	311.75
0	EPPIN	134.5
0	EPS15L1	1155.5
0	EPS8	305.75
0	ERAP1	3026.0
0	ERBB3	88.75
0	ERC2	4.25
0	ERCC3	750.75
0	ERCC5	522.5
0	ERCC6L2	701.0
0	EREG	563.25
0	ERG	8.5
0	ERGIC2	375.5
0	ERI3	313.0
0	ERICH4	5.0
0	ERLIN1	1205.5
0	ERO1A	4817.0
0	ERO1B	176.0
0	ERV3-1	202.0
0	ESAM	38.25
0	ESM1	5.25
0	ESPL1	434.25
0	ESR1	228.75
0	ESR2	561.0
0	ESRRA	467.75
0	ETNK1	4012.25
0	ETS2	868.25
0	ETV1	0.5
0	ETV4	40.25
0	ETV5	31.75
0	EVI2B	4519.25
0	EXO1	588.0
0	EXOC3L1	2.0
0	EXOG	477.5
0	EXOSC9	686.25
0	EXT2	562.25
0	EYA1	170.5
0	EYA3	2407.5
0	EYS	939.25
0	EZH1	1446.75
0	EZH2	1717.25
0	F12	8.5
0	F8	31.5
0	FAAH2	384.75
0	FAAP100	311.5
0	FABP2	113.0
0	FABP5	487.25
0	FABP7	37.25
0	FADS3	218.0
0	FAH	298.75
0	FAIM	384.25
0	FAM107A	1.0
0	FAM110D	132.75
0	FAM114A1	113.25
0	FAM117B	2409.25
0	FAM118B	627.75
0	FAM120A	5831.0
0	FAM124B	38.5
0	FAM131A	299.75
0	FAM135A	561.5
0	FAM135B	16.0
0	FAM13A	10735.25
0	FAM160B1	701.5
0	FAM166A	132.75
0	FAM166B	4.75
0	FAM167A	16.25
0	FAM168B	3408.0
0	FAM169A	277.5
0	FAM177A1	1701.5
0	FAM177B	6.0
0	FAM184A	363.75
0	FAM185A	165.75
0	FAM189A2	2.25
0	FAM189B	1272.5
0	FAM204A	1121.5
0	FAM20B	991.25
0	FAM214B	59.75
0	FAM234A	276.25
0	FAM234B	411.75
0	FAM24B	57.25
0	FAM3B	18.5
0	FAM3C	848.75
0	FAM53A	14.5
0	FAM53B	1163.5
0	FAM76B	520.5
0	FAM78B	7.25
0	FAM81A	8.0
0	FAM98A	1608.0
0	FAM98B	1208.25
0	FANCA	1160.75
0	FANCD2	2178.5
0	FANCE	130.25
0	FANCF	315.5
0	FANCM	416.75
0	FANK1	57.0
0	FAR2	229.75
0	FARP1	869.25
0	FARS2	156.0
0	FASLG	244.25
0	FASTKD1	367.0
0	FASTKD2	518.25
0	FAT1	18.0
0	FBF1	140.5
0	FBL	5156.5
0	FBLIM1	1021.0
0	FBRS	2530.0
0	FBXL14	582.5
0	FBXL4	495.75
0	FBXL8	121.25
0	FBXO11	1389.0
0	FBXO28	768.25
0	FBXO3	730.75
0	FBXO30	617.75
0	FBXO34	726.5
0	FBXO42	461.0
0	FBXO43	191.0
0	FBXO46	395.25
0	FBXO47	1.25
0	FBXO7	1825.75
0	FBXW7	2298.25
0	FBXW9	39.5
0	FCER1A	36.5
0	FCGR2A	58.0
0	FCGR3A	13.75
0	FCHSD1	650.0
0	FCHSD2	2165.75
0	FCRL1	142.75
0	FCRL2	121.25
0	FCRL3	450.0
0	FCRL6	7.25
0	FCRLA	3.0
0	FCRLB	2.25
0	FDPS	1369.5
0	FDX1	478.0
0	FEM1A	1865.5
0	FEM1B	1945.0
0	FERMT2	178.0
0	FERMT3	2170.0
0	FES	34.75
0	FFAR2	210.25
0	FGD2	232.5
0	FGF1	10.25
0	FGF14	1.25
0	FGF18	8.25
0	FGF7	14.75
0	FGF9	90.0
0	FGFBP2	5.5
0	FGFR4	25.5
0	FGR	33.5
0	FH	588.5
0	FHL1	250.0
0	FHL2	554.0
0	FHL3	194.75
0	FIG4	151.25
0	FILIP1	104.0
0	FILIP1L	576.25
0	FITM1	23.25
0	FKBP11	1210.25
0	FKBP8	531.0
0	FKBPL	15.25
0	FKRP	350.5
0	FKTN	518.0
0	FLCN	1565.25
0	FLG2	35.5
0	FLNA	5738.25
0	FLNB	1351.0
0	FLVCR2	121.75
0	FMN1	1795.0
0	FMNL1	2885.75
0	FMNL2	140.75
0	FMO3	38.75
0	FMO5	239.75
0	FMOD	22.25
0	FN1	494.75
0	FNBP4	2907.0
0	FNDC3B	3419.75
0	FNDC7	2.0
0	FNDC9	189.25
0	FNIP2	544.0
0	FNTB	422.5
0	FOPNL	1253.5
0	FOS	1650.25
0	FOSB	868.25
0	FOXD2	18.5
0	FOXJ3	8306.75
0	FOXO3	1218.75
0	FOXP2	33.5
0	FOXP4	1092.75
0	FPGS	309.0
0	FPR2	49.75
0	FRA10AC1	611.5
0	FRAT1	90.5
0	FRK	2703.25
0	FRMD4B	593.25
0	FRMD5	223.75
0	FRMD7	2.0
0	FRMD8	277.75
0	FRMPD1	95.5
0	FRMPD2	30.5
0	FRS3	108.0
0	FRY	951.25
0	FSCN3	15.25
0	FSIP1	1.75
0	FST	11.75
0	FUBP1	6161.5
0	FUCA2	184.0
0	FURIN	3485.25
0	FUS	11045.25
0	FUZ	71.5
0	FXR1	2808.25
0	FXYD3	3.0
0	FXYD6	1.0
0	FYCO1	940.25
0	G0S2	178.0
0	G2E3	457.25
0	G3BP1	7862.5
0	G3BP2	4188.75
0	G6PC2	7.5
0	GAB3	453.25
0	GABARAP	478.5
0	GABPA	670.0
0	GABRA2	2.0
0	GABRB3	341.25
0	GABRP	624.0
0	GABRR2	2.75
0	GAD1	18.5
0	GADD45A	321.25
0	GADD45G	5.75
0	GADD45GIP1	746.5
0	GAL3ST4	762.75
0	GALC	1207.0
0	GALE	196.25
0	GALK1	82.75
0	GALM	798.5
0	GALNT11	761.25
0	GALNT13	7.5
0	GALNT3	66.0
0	GALNT4	752.25
0	GALNT7	909.75
0	GALR2	73.75
0	GAN	39.25
0	GANC	809.5
0	GAPDH	37518.0
0	GAREM1	24.25
0	GARNL3	139.5
0	GART	1595.25
0	GAS2	7.75
0	GAS7	107.25
0	GATA2	207.5
0	GATA3	2155.0
0	GATM	19.5
0	GBA	661.25
0	GBE1	292.0
0	GBP4	4350.25
0	GBP7	30.0
0	GCC2	2089.25
0	GCFC2	545.0
0	GCM1	45.75
0	GCNT2	405.25
0	GCNT4	301.25
0	GCSAM	194.5
0	GCSAML	96.75
0	GCSH	235.0
0	GDAP1	605.0
0	GDF10	2.25
0	GDF5	1.75
0	GDNF	27.5
0	GDPD3	103.5
0	GDPD4	26.25
0	GDPD5	622.75
0	GEM	97.25
0	GEMIN5	1209.25
0	GEMIN8	124.0
0	GFM1	3781.25
0	GGA1	1269.5
0	GGA3	3826.25
0	GGACT	85.75
0	GGCX	709.5
0	GGH	67.5
0	GHITM	1735.0
0	GHRL	180.75
0	GIGYF1	1369.75
0	GINM1	806.5
0	GINS4	512.5
0	GIPR	266.25
0	GIT1	3045.5
0	GJA10	8.75
0	GJB2	55.75
0	GJC1	584.25
0	GLA	434.25
0	GLB1L	215.75
0	GLB1L2	283.25
0	GLB1L3	405.0
0	GLCE	217.25
0	GLDN	11.75
0	GLG1	11445.75
0	GLI1	123.5
0	GLI4	160.75
0	GLIPR1	292.25
0	GLIPR1L1	1.5
0	GLIPR1L2	316.5
0	GLMN	157.75
0	GLOD4	1901.25
0	GLRA2	18.75
0	GLRA3	194.0
0	GLRX	1059.75
0	GLRX3	960.75
0	GLRX5	206.75
0	GLT8D1	548.25
0	GLUL	545.25
0	GLYAT	8.0
0	GLYATL2	19.25
0	GLYCTK	186.0
0	GMDS	288.0
0	GMEB2	346.75
0	GMFB	1263.75
0	GMPPA	777.0
0	GNAI1	394.75
0	GNAI2	5953.0
0	GNAI3	2582.5
0	GNAQ	1342.5
0	GNAS	12148.0
0	GNB1	4864.25
0	GNG8	10.5
0	GNGT1	49.25
0	GNL2	2881.75
0	GNRH1	22.0
0	GOLGA5	348.0
0	GOLGB1	2132.25
0	GOLIM4	206.25
0	GON4L	2735.75
0	GORAB	305.75
0	GOT1	323.0
0	GP2	237.75
0	GP5	57.25
0	GPATCH2L	2857.25
0	GPBP1	2687.0
0	GPC5	1.5
0	GPCPD1	1034.0
0	GPER1	63.0
0	GPN2	989.25
0	GPR137	252.25
0	GPR146	110.5
0	GPR15	133.5
0	GPR150	25.75
0	GPR151	13.0
0	GPR156	4.0
0	GPR157	548.0
0	GPR160	160.5
0	GPR162	2.5
0	GPR171	696.5
0	GPR179	70.25
0	GPR182	25.75
0	GPR22	47.25
0	GPR3	207.5
0	GPR45	3.25
0	GPR65	373.25
0	GPR68	276.25
0	GPR84	4.0
0	GPR87	23.25
0	GPRC5B	39.25
0	GPRIN3	4467.5
0	GPX8	65.25
0	GRAMD1C	71.0
0	GRASP	340.75
0	GRB10	159.0
0	GRB7	2.25
0	GREB1L	116.5
0	GREM2	55.0
0	GRHL3	2.75
0	GRIA1	0.75
0	GRID1	11.0
0	GRIK2	416.0
0	GRIN2B	13.0
0	GRIP1	523.75
0	GRK6	2016.5
0	GRN	487.0
0	GRPEL2	812.0
0	GRWD1	767.0
0	GSAP	246.0
0	GSDMB	1321.5
0	GSDMD	357.75
0	GSE1	2469.5
0	GSG1	479.0
0	GSK3A	2026.75
0	GSKIP	345.25
0	GSPT1	3855.0
0	GSS	1056.25
0	GSTM5	7.0
0	GSTO1	239.25
0	GSTZ1	106.25
0	GTDC1	1083.25
0	GTF2A1	5899.5
0	GTF2E2	473.5
0	GTF2F1	1849.0
0	GTF2F2	964.75
0	GTF2H4	90.0
0	GTF3C1	1416.25
0	GTF3C2	3151.75
0	GTF3C6	465.25
0	GTPBP10	1027.75
0	GTPBP8	537.75
0	GXYLT1	376.25
0	GXYLT2	191.75
0	GYG1	755.75
0	GYS2	0.5
0	GZMA	347.0
0	GZMH	103.75
0	HACE1	443.75
0	HAL	14.25
0	HAMP	287.0
0	HAPLN3	1469.75
0	HAUS4	418.0
0	HAUS5	864.5
0	HAUS6	1069.75
0	HBP1	3209.5
0	HBS1L	1661.75
0	HCLS1	3377.25
0	HDAC2	1429.0
0	HDAC4	667.0
0	HDAC6	844.75
0	HDAC7	2666.25
0	HDAC8	863.0
0	HDLBP	4996.25
0	HEATR1	2710.5
0	HEATR3	1137.75
0	HEATR5A	493.0
0	HECA	2037.75
0	HECTD2	95.75
0	HECTD3	991.25
0	HECW2	216.0
0	HELB	5086.75
0	HELZ	3678.5
0	HENMT1	236.5
0	HEPHL1	1.5
0	HERC3	1984.5
0	HERC5	291.5
0	HHLA1	1012.0
0	HHLA2	497.0
0	HIBADH	286.5
0	HIBCH	370.0
0	HIF1AN	2351.5
0	HIGD1A	1363.25
0	HILPDA	199.0
0	HIPK1	3918.75
0	HIPK3	2671.5
0	HIVEP1	4278.75
0	HIVEP3	10224.5
0	HK1	2042.75
0	HK3	17.0
0	HKDC1	53.0
0	HLA-A	22364.0
0	HLA-B	18590.0
0	HLA-DMB	149.75
0	HLA-DOA	255.5
0	HLA-DOB	211.5
0	HLA-DPB1	512.5
0	HLA-DQA1	2514.5
0	HLA-DQA2	2.75
0	HLA-DQB1	735.75
0	HLA-DQB2	97.75
0	HLA-DRA	286.5
0	HLA-DRB1	408.5
0	HLA-F	1711.25
0	HLA-G	3.5
0	HLF	347.75
0	HMGA1	18468.5
0	HMGB3	163.5
0	HMGCS2	3.25
0	HMGN1	2618.75
0	HMGN5	57.25
0	HMOX2	653.5
0	HMSD	5.25
0	HNMT	86.25
0	HNRNPA1	26081.0
0	HNRNPA1L2	585.75
0	HNRNPA2B1	57022.0
0	HNRNPC	11548.25
0	HNRNPD	14862.25
0	HNRNPH1	20557.75
0	HNRNPH2	894.75
0	HNRNPH3	12903.75
0	HNRNPL	1879.75
0	HNRNPM	8113.5
0	HOMER1	443.25
0	HOOK3	5126.75
0	HOPX	408.75
0	HOXA10	0.5
0	HOXA5	1.75
0	HOXA6	4.75
0	HOXA7	4.0
0	HOXB2	118.25
0	HOXB3	162.0
0	HOXB4	30.0
0	HOXB6	2.75
0	HOXB9	12.0
0	HOXC4	11.75
0	HP1BP3	6935.75
0	HPCAL1	1525.5
0	HPGD	131.25
0	HPGDS	17.25
0	HPS4	1501.0
0	HPX	110.75
0	HRH1	112.5
0	HRH4	163.0
0	HRK	122.75
0	HRNR	26.0
0	HS1BP3	136.25
0	HSBP1	424.5
0	HSD11B1	16.75
0	HSD17B11	377.25
0	HSD17B12	1969.25
0	HSD17B4	962.25
0	HSD17B6	44.25
0	HSDL2	178.25
0	HSF2	227.5
0	HSF5	231.5
0	HSP90B1	26489.75
0	HSPA1B	400.75
0	HSPA5	8248.75
0	HSPA8	31440.75
0	HSPA9	9816.75
0	HSPB11	279.75
0	HSPH1	2324.0
0	HTATIP2	337.75
0	HTR1D	50.25
0	HTR1F	2.5
0	HTR2A	16.0
0	HTR2B	179.25
0	HTR3B	113.25
0	HTRA4	201.0
0	HUWE1	21110.0
0	HVCN1	129.0
0	HYAL1	45.25
0	HYAL3	146.5
0	HYAL4	141.75
0	HYDIN	40.5
0	HYLS1	190.5
0	HYOU1	4651.5
0	IBTK	1320.0
0	ICA1L	745.75
0	ICAM1	1371.5
0	ICAM2	754.5
0	ICAM3	1490.0
0	ICAM4	134.25
0	ICE1	2394.5
0	ICE2	4137.5
0	ID2	2022.0
0	IDE	1525.5
0	IDH1	158.5
0	IDH2	791.75
0	IDH3B	1330.75
0	IDI2	33.75
0	IDNK	264.5
0	IDO2	333.75
0	IER5	502.5
0	IFI16	3264.25
0	IFI27	73.5
0	IFI35	305.25
0	IFI44	231.0
0	IFI44L	229.25
0	IFI6	281.25
0	IFIT1	190.25
0	IFIT1B	3.0
0	IFNAR1	1078.5
0	IFNG	2266.0
0	IFNGR2	224.5
0	IFT20	832.5
0	IFT27	250.75
0	IFT46	320.5
0	IFT74	411.0
0	IFT81	477.5
0	IGF1	226.0
0	IGF2	1435.0
0	IGF2BP3	218.0
0	IGFBP3	21.5
0	IGFL2	40.0
0	IGFL4	115.5
0	IGSF11	41.75
0	IGSF3	164.0
0	IGSF8	504.75
0	IHH	2.75
0	IKBKB	2406.25
0	IKBKE	998.75
0	IKBKG	248.25
0	IKZF2	1921.5
0	IKZF4	861.75
0	IL12B	10.0
0	IL12RB2	3683.25
0	IL16	3291.25
0	IL17A	47.5
0	IL17B	27.25
0	IL17D	50.75
0	IL17RA	4278.25
0	IL18BP	1701.0
0	IL18R1	444.25
0	IL18RAP	141.25
0	IL19	2.5
0	IL1A	84.75
0	IL1B	19.0
0	IL1R1	1477.5
0	IL1R2	157.75
0	IL1RAP	641.0
0	IL1RL1	53.25
0	IL1RL2	10.5
0	IL1RN	66.0
0	IL2	4143.5
0	IL21	7.25
0	IL21R	2002.5
0	IL22	81.0
0	IL23A	100.75
0	IL23R	329.5
0	IL24	626.5
0	IL26	15.75
0	IL2RA	17695.5
0	IL36A	1.25
0	IL4I1	341.75
0	IL4R	4200.0
0	IL5	401.0
0	IL5RA	72.5
0	IL6	23.25
0	IL6ST	16351.75
0	IL7	15.25
0	IL9	1497.0
0	ILDR2	613.0
0	ILK	618.5
0	ILKAP	1032.5
0	IMMT	2603.75
0	IMP3	441.0
0	IMPDH1	446.5
0	IMPDH2	1599.25
0	INAFM2	118.5
0	ING3	426.25
0	INHBC	9.25
0	INIP	843.75
0	INO80B	898.75
0	INO80C	682.25
0	INPP4A	3424.25
0	INPP4B	11354.25
0	INPP5K	769.75
0	INSL6	134.5
0	INTS3	2168.5
0	INTS6L	484.5
0	INTS8	1556.5
0	INTS9	550.0
0	INTU	1613.25
0	IP6K1	1242.75
0	IPO11	1394.25
0	IPO13	479.5
0	IPO5	7057.75
0	IPO9	3597.25
0	IPPK	694.25
0	IQCA1	2.75
0	IQCG	243.75
0	IQCJ-SCHIP1	4.25
0	IQGAP2	3172.5
0	IQUB	6.5
0	IRF4	37983.0
0	IRF6	101.5
0	IRF8	7023.75
0	IRF9	2225.0
0	IRGM	87.75
0	ISCU	619.75
0	ISG15	77.75
0	ISG20	802.5
0	ISLR2	82.5
0	ISOC1	429.0
0	ISOC2	112.25
0	ITGA10	523.25
0	ITGA2B	47.5
0	ITGA3	544.25
0	ITGA5	740.0
0	ITGAE	172.25
0	ITGAL	9171.0
0	ITGAM	206.5
0	ITGAV	184.5
0	ITGB2	2657.0
0	ITGB3BP	141.0
0	ITGB6	0.25
0	ITGB7	3692.25
0	ITIH1	24.75
0	ITM2A	1199.5
0	ITM2C	242.0
0	ITPKB	1561.75
0	ITPR1	3258.75
0	ITSN2	5048.0
0	IVNS1ABP	2903.5
0	IWS1	1568.0
0	JADE1	1824.5
0	JMJD1C	2153.25
0	JRKL	196.5
0	JTB	716.0
0	JUP	57.0
0	KALRN	330.5
0	KANK1	502.25
0	KANSL1L	407.5
0	KAT2B	1057.5
0	KATNA1	440.0
0	KAZN	130.5
0	KBTBD11	203.25
0	KBTBD2	1741.5
0	KBTBD4	338.5
0	KBTBD6	419.5
0	KBTBD7	85.75
0	KBTBD8	247.0
0	KCNA3	1603.25
0	KCNAB1	101.5
0	KCNAB2	1447.5
0	KCNE5	11.25
0	KCNH5	9.5
0	KCNIP2	42.25
0	KCNJ11	64.75
0	KCNJ13	184.75
0	KCNJ15	175.0
0	KCNJ6	174.0
0	KCNJ9	150.25
0	KCNK7	3.0
0	KCNMA1	35.25
0	KCNMB1	216.25
0	KCNMB3	105.0
0	KCNN1	124.0
0	KCNN3	110.25
0	KCNN4	377.75
0	KCNQ3	66.0
0	KCNRG	248.5
0	KCP	150.75
0	KCTD1	121.5
0	KCTD14	4.25
0	KCTD3	77.25
0	KCTD4	43.75
0	KCTD6	368.75
0	KDM1A	1257.5
0	KDM2A	4071.75
0	KDM3A	3063.5
0	KDM3B	2265.5
0	KIAA0040	1007.75
0	KIAA0100	5130.0
0	KIAA0232	858.25
0	KIAA0319L	2312.25
0	KIAA0408	9.25
0	KIAA0556	470.25
0	KIAA0586	759.0
0	KIAA1109	2243.0
0	KIAA1191	1996.0
0	KIAA1328	16559.5
0	KIAA1549L	8.75
0	KIAA1586	189.5
0	KIAA1671	448.5
0	KIAA1958	695.75
0	KIF13A	103.75
0	KIF13B	637.5
0	KIF21A	1971.0
0	KIF22	1358.0
0	KIF24	175.25
0	KIF26B	31.25
0	KIF27	234.25
0	KIF2A	3356.75
0	KIF3A	549.75
0	KIF3C	551.5
0	KIF6	377.75
0	KIF9	52.25
0	KIFC1	177.25
0	KIFC3	106.25
0	KIR3DL1	1.5
0	KIR3DX1	807.75
0	KIZ	288.25
0	KLC1	3643.0
0	KLF12	1957.0
0	KLF9	953.75
0	KLHDC10	842.75
0	KLHDC8A	5.0
0	KLHL13	2.0
0	KLHL15	818.0
0	KLHL2	786.5
0	KLHL20	575.0
0	KLHL21	2300.75
0	KLHL24	1586.5
0	KLHL26	343.5
0	KLHL28	641.5
0	KLHL3	895.0
0	KLHL31	10.5
0	KLHL5	576.0
0	KLHL6	3796.25
0	KLHL9	453.75
0	KLRC4	4.5
0	KLRD1	701.75
0	KLRF1	3.0
0	KLRK1	527.25
0	KMO	58.25
0	KMT2A	17277.0
0	KMT2C	7443.75
0	KMT2D	6442.75
0	KPNA1	1435.25
0	KPNA2	873.0
0	KPNA4	6467.75
0	KPNA5	3651.75
0	KPNA6	2428.75
0	KPNB1	6644.0
0	KRT73	41.75
0	KRT8	248.25
0	KSR1	1962.0
0	KTN1	2801.75
0	KYNU	1285.25
0	L1CAM	8.5
0	L1TD1	58.75
0	L3MBTL2	809.5
0	L3MBTL3	1070.75
0	L3MBTL4	105.75
0	LACTB	604.5
0	LAGE3	120.25
0	LAIR1	1322.5
0	LAMA4	71.5
0	LAMB3	17.5
0	LAMP3	1125.75
0	LAMTOR1	403.0
0	LAMTOR5	960.75
0	LANCL1	609.75
0	LAPTM4A	1343.0
0	LAPTM5	10701.0
0	LARP1	34401.75
0	LARP4B	4177.5
0	LAT2	386.25
0	LAX1	549.5
0	LBHD1	598.5
0	LCK	2352.75
0	LCN12	32.25
0	LCORL	925.0
0	LCP1	21299.0
0	LCP2	11966.0
0	LDB2	1.75
0	LDHAL6A	166.0
0	LDHB	8066.25
0	LDHD	9.25
0	LDLR	1873.0
0	LDLRAD4	948.75
0	LECT2	9.5
0	LEF1	13621.25
0	LEMD2	891.25
0	LENEP	9.0
0	LENG1	257.75
0	LETM2	297.5
0	LETMD1	1162.25
0	LGALS12	1.0
0	LGALS14	8.5
0	LGALS8	5378.75
0	LGALS9	1011.0
0	LGI1	167.75
0	LGI4	7.75
0	LGR4	18.5
0	LGR6	13.5
0	LGSN	135.25
0	LHFPL1	4.25
0	LHPP	227.0
0	LIF	4233.25
0	LIFR	16.75
0	LILRA4	363.0
0	LILRB1	94.0
0	LILRB3	92.75
0	LIMCH1	1.5
0	LIMS1	1948.75
0	LIMS2	168.25
0	LIN7A	5.25
0	LINGO4	17.75
0	LINS1	1362.75
0	LIPC	119.0
0	LIPE	402.75
0	LIPG	398.0
0	LIPJ	3.0
0	LMAN1	2289.0
0	LMAN1L	2.75
0	LMAN2	937.25
0	LMAN2L	123.75
0	LMBR1	1970.25
0	LMBRD1	882.0
0	LMNA	441.0
0	LMO2	21.0
0	LMO3	1.5
0	LMO4	104.0
0	LMO7	1007.0
0	LMOD2	71.5
0	LMOD3	219.5
0	LNP1	50.5
0	LONRF1	232.25
0	LOXL3	28.75
0	LPAR3	60.25
0	LPAR5	322.5
0	LPCAT4	468.25
0	LPGAT1	2563.25
0	LPIN1	2652.25
0	LPIN3	128.75
0	LPP	4482.75
0	LRCH1	606.5
0	LRFN3	168.5
0	LRIG1	1165.25
0	LRIG2	1688.0
0	LRIT3	20.25
0	LRP10	3291.75
0	LRP4	6.0
0	LRP8	2443.0
0	LRRC17	2.0
0	LRRC18	9.5
0	LRRC2	546.5
0	LRRC20	75.75
0	LRRC34	328.25
0	LRRC39	36.5
0	LRRC47	815.75
0	LRRC58	4580.25
0	LRRC6	22.25
0	LRRC63	6.5
0	LRRC66	3.25
0	LRRC7	11.75
0	LRRC8C	4490.0
0	LRRIQ1	126.25
0	LRRK1	5410.5
0	LRRK2	12.75
0	LRRN4	6.5
0	LRRN4CL	110.25
0	LRRTM2	43.25
0	LRRTM3	5.0
0	LRTOMT	1349.75
0	LSM10	174.75
0	LSM14A	6732.0
0	LSM14B	355.25
0	LSM5	239.25
0	LSM8	395.25
0	LSP1	742.5
0	LST1	106.75
0	LTA	14565.5
0	LTA4H	2188.75
0	LTB	2502.75
0	LTBP2	59.25
0	LTBP4	1353.75
0	LTC4S	2.25
0	LTV1	2589.0
0	LUC7L	3983.0
0	LUC7L3	2716.0
0	LUZP1	745.25
0	LXN	70.5
0	LY6G5C	170.5
0	LY9	1414.5
0	LY96	7.0
0	LYL1	258.5
0	LYPD5	1067.25
0	LYPLA1	1476.5
0	LYRM4	1231.5
0	LYRM9	82.75
0	LYSMD4	249.25
0	LYST	2486.5
0	LYVE1	2.0
0	LYZ	3409.75
0	LZTFL1	407.0
0	MAB21L1	3.75
0	MACF1	15347.0
0	MAEA	974.75
0	MAGEF1	202.25
0	MAGEH1	321.5
0	MAGI1	24.0
0	MAGI2	550.75
0	MAGT1	1444.75
0	MALT1	701.75
0	MAML3	140.75
0	MAN1B1	601.75
0	MAN2A1	1248.75
0	MAN2C1	1246.5
0	MANEA	330.75
0	MAP1A	136.75
0	MAP1LC3C	34.75
0	MAP2	6.25
0	MAP2K3	963.5
0	MAP2K4	895.5
0	MAP2K5	740.25
0	MAP3K12	2872.75
0	MAP3K13	1023.75
0	MAP3K19	5.0
0	MAP3K2	2701.5
0	MAP3K4	3630.0
0	MAP3K5	519.25
0	MAP3K6	39.0
0	MAP3K7	1349.75
0	MAPK1	5844.5
0	MAPK10	1251.25
0	MAPK13	2397.75
0	MAPK14	1523.25
0	MAPK1IP1L	7945.75
0	MAPK7	379.75
0	MAPK8	1067.75
0	MAPKAP1	4175.5
0	MAPKAPK2	1988.75
0	MAPKBP1	694.0
0	MAPRE2	3238.25
0	MAPRE3	73.75
0	MARCKS	8.75
0	MARK2	2195.75
0	MARK3	2303.25
0	MARS2	1013.25
0	MARVELD2	605.5
0	MAST2	510.0
0	MAST3	1923.5
0	MAST4	1317.5
0	MASTL	744.0
0	MAT2A	7030.0
0	MATN1	52.25
0	MATN2	132.0
0	MATN3	3.25
0	MATN4	2.5
0	MATR3	9177.75
0	MAU2	2545.25
0	MB21D2	86.5
0	MBD1	2581.0
0	MBD5	1772.0
0	MBIP	811.5
0	MBNL1	18603.0
0	MBNL2	686.0
0	MBNL3	530.0
0	MBTPS1	2890.0
0	MC1R	580.5
0	MC2R	145.75
0	MCAM	76.75
0	MCC	178.75
0	MCCC1	917.5
0	MCCD1	11.75
0	MCEE	63.25
0	MCFD2	1306.5
0	MCM4	2517.5
0	MCM8	2023.75
0	MCRS1	609.0
0	MCTP1	107.5
0	MCTP2	555.75
0	MDM2	8630.25
0	MDN1	6823.0
0	MECOM	193.75
0	MECP2	1489.5
0	MED10	975.75
0	MED11	249.75
0	MED13	20846.5
0	MED14	2382.0
0	MED30	289.25
0	MED6	1219.0
0	MEF2A	1370.5
0	MEF2C	86.0
0	MEFV	383.25
0	MEGF8	278.5
0	MEI1	422.0
0	MEIG1	5.5
0	MEIOB	2.0
0	MEIS3	20.0
0	MERTK	22.25
0	MEST	253.0
0	METAP1	2524.25
0	METAP1D	109.25
0	METAP2	2673.75
0	METRNL	99.0
0	METTL1	372.0
0	METTL15	618.25
0	METTL21A	7701.5
0	METTL21C	1.5
0	METTL2B	2637.25
0	METTL5	882.25
0	METTL6	313.0
0	METTL8	1285.5
0	METTL9	976.5
0	MEX3A	21.0
0	MFAP3L	121.0
0	MFAP5	145.5
0	MFSD1	435.5
0	MFSD13A	433.5
0	MGA	3861.25
0	MGARP	1.25
0	MGAT5	4454.5
0	MGAT5B	11.5
0	MGMT	278.5
0	MGP	759.0
0	MGST3	591.75
0	MIA	0.75
0	MIB1	1397.25
0	MICA	1371.75
0	MICAL1	917.75
0	MICAL2	1707.0
0	MICAL3	2286.75
0	MICB	597.25
0	MICU1	471.75
0	MINK1	715.25
0	MIP	6.25
0	MIS18BP1	744.25
0	MITF	50.5
0	MKI67	766.5
0	MKKS	163.25
0	MKLN1	2482.75
0	MKNK1	1291.75
0	MLANA	643.0
0	MLC1	0.5
0	MLF2	2091.5
0	MLH3	589.25
0	MLPH	109.25
0	MLXIP	6910.25
0	MME	55.0
0	MMP13	7.5
0	MMP19	6.5
0	MMP21	7.0
0	MMRN1	5.5
0	MMS19	1507.0
0	MMS22L	2272.75
0	MNAT1	271.75
0	MNDA	12.5
0	MOB1B	2312.25
0	MOBP	240.75
0	MOCS2	323.0
0	MON1B	2044.0
0	MORC2	1242.5
0	MORF4L1	3921.5
0	MORF4L2	672.25
0	MORN3	475.25
0	MOSPD1	88.75
0	MOV10L1	134.5
0	MPC1	149.0
0	MPC2	359.0
0	MPDU1	883.25
0	MPHOSPH9	1050.0
0	MPND	97.75
0	MPO	1.25
0	MPP2	24.0
0	MPP4	209.25
0	MPPE1	1251.0
0	MPRIP	2047.0
0	MPV17L2	1189.75
0	MR1	1027.5
0	MRFAP1	3517.25
0	MROH1	652.5
0	MRPL1	245.25
0	MRPL11	167.75
0	MRPL19	286.5
0	MRPL23	303.75
0	MRPL27	245.5
0	MRPL3	2711.5
0	MRPL33	154.75
0	MRPL35	754.5
0	MRPL36	353.75
0	MRPL37	1194.0
0	MRPL4	1866.75
0	MRPL53	341.0
0	MRPS18A	190.0
0	MRPS21	1952.75
0	MRPS22	779.0
0	MRPS25	954.25
0	MRPS28	248.5
0	MRPS30	2283.5
0	MRPS31	943.0
0	MRPS33	546.5
0	MRPS5	2184.25
0	MRVI1	6.5
0	MS4A1	6.5
0	MS4A2	167.5
0	MS4A3	3.0
0	MS4A4A	8.75
0	MS4A4E	30.0
0	MS4A5	14.25
0	MS4A6A	116.75
0	MSANTD3	332.25
0	MSANTD4	427.5
0	MSH4	13.75
0	MSH5	1619.5
0	MSMO1	1804.0
0	MSRA	143.0
0	MT1F	64.5
0	MT1G	20.25
0	MT1H	2.25
0	MT1M	1.25
0	MTA1	1285.25
0	MTAP	1615.5
0	MTDH	7404.75
0	MTERF1	1213.25
0	MTFR1L	537.75
0	MTG1	675.75
0	MTHFD2L	535.75
0	MTMR1	1408.5
0	MTMR10	1418.25
0	MTMR11	20.75
0	MTMR14	1631.5
0	MTMR2	1214.75
0	MTMR4	1370.0
0	MTMR6	876.0
0	MTMR9	1125.5
0	MTOR	2551.25
0	MTPN	1514.25
0	MTR	4114.25
0	MTRF1L	1309.0
0	MTRNR2L1	1079828.25
0	MTRNR2L11	211008.75
0	MTRNR2L3	95695.25
0	MTRNR2L8	1302509.25
0	MTRR	1570.0
0	MTSS1	689.75
0	MTX1	866.25
0	MUC1	114.0
0	MUC15	27.5
0	MUC16	37.5
0	MUC3A	17.25
0	MUS81	609.75
0	MUTYH	516.5
0	MVB12A	427.75
0	MVB12B	107.25
0	MXI1	1340.0
0	MXRA7	708.25
0	MXRA8	19.0
0	MYC	7961.5
0	MYCL	5.75
0	MYEF2	807.25
0	MYEOV	14.75
0	MYH3	373.75
0	MYH7B	521.0
0	MYH9	13547.75
0	MYL6B	159.25
0	MYLK	342.5
0	MYLK4	47.0
0	MYLPF	7.75
0	MYO15B	513.75
0	MYO18A	3042.25
0	MYO19	2403.5
0	MYO1C	393.0
0	MYO1E	64.25
0	MYO5A	1996.25
0	MYO7A	96.25
0	MYO9B	1642.0
0	MYOM1	126.75
0	MYOM2	31.0
0	MYOT	22.0
0	MYOZ2	2.0
0	MYPN	89.25
0	N4BP2	895.5
0	N6AMT1	347.25
0	NAA25	5186.25
0	NAA30	1212.0
0	NAA40	1164.5
0	NAAA	940.5
0	NAB1	843.75
0	NABP1	3350.75
0	NACA2	1.25
0	NADK2	1376.5
0	NAF1	928.25
0	NAGK	1007.75
0	NANOS3	1.25
0	NAP1L4	3178.75
0	NAPA	881.75
0	NASP	5770.75
0	NAT1	50.75
0	NAT10	4291.5
0	NAT9	349.75
0	NATD1	245.0
0	NAV1	802.0
0	NAV2	84.5
0	NAV3	500.0
0	NBEAL1	1645.0
0	NBEAL2	2240.5
0	NBN	652.5
0	NBPF1	532.75
0	NCALD	329.75
0	NCAM1	37.5
0	NCAPD3	1297.25
0	NCAPG	118.0
0	NCAPG2	926.5
0	NCBP2L	5.0
0	NCBP3	2481.25
0	NCDN	1128.75
0	NCF2	171.0
0	NCKAP1L	5968.75
0	NCL	71791.5
0	NCOA2	7704.25
0	NCOA4	3711.0
0	NCOR1	6303.75
0	NCOR2	4988.0
0	NCR3	110.5
0	NCSTN	1109.5
0	NDEL1	1625.25
0	NDFIP1	3342.25
0	NDFIP2	1197.75
0	NDRG2	595.75
0	NDST2	895.25
0	NDST3	93.5
0	NDST4	11.75
0	NDUFA1	241.0
0	NDUFA4	838.75
0	NDUFA4L2	77.25
0	NDUFA5	424.75
0	NDUFA6	491.75
0	NDUFAF3	1748.0
0	NDUFAF6	544.75
0	NDUFB2	1291.5
0	NDUFB8	1521.0
0	NDUFS5	523.75
0	NEB	417.75
0	NEBL	19.0
0	NECAB1	54.25
0	NEDD1	443.25
0	NEDD4	567.75
0	NEFL	64.25
0	NEIL1	301.0
0	NEIL3	207.25
0	NEK11	59.5
0	NEK6	216.0
0	NEK7	1005.0
0	NEK8	262.0
0	NEK9	1831.25
0	NELFCD	1442.75
0	NEMP2	626.75
0	NEURL1	89.0
0	NEURL3	14.25
0	NF2	1878.5
0	NFAM1	94.25
0	NFASC	120.75
0	NFAT5	4044.5
0	NFE2	9.25
0	NFIA	725.0
0	NFIL3	479.75
0	NFIX	629.0
0	NFKBIA	6508.5
0	NFKBIE	166.75
0	NFKBIL1	55.25
0	NFYA	1455.0
0	NFYC	1700.75
0	NGDN	744.5
0	NHSL1	41.0
0	NHSL2	833.0
0	NIF3L1	674.75
0	NIN	5619.0
0	NINJ2	96.0
0	NIPA2	3017.25
0	NKAP	3954.0
0	NKG7	744.5
0	NLE1	628.75
0	NLRC5	4222.25
0	NLRP1	7613.0
0	NLRP12	247.0
0	NLRP3	87.25
0	NMD3	1122.25
0	NME2	1506.25
0	NME9	174.0
0	NMT2	1883.5
0	NMUR1	88.75
0	NNMT	23.0
0	NOB1	1515.5
0	NOD1	150.25
0	NOG	98.0
0	NOL11	1689.5
0	NOL12	735.75
0	NOL3	88.25
0	NOL4L	5779.25
0	NOL7	4903.25
0	NONO	17321.0
0	NOP10	884.25
0	NOP2	665.5
0	NOSTRIN	79.75
0	NOX4	93.75
0	NPAS2	1788.25
0	NPAS3	46.0
0	NPAT	4214.5
0	NPHP3	1714.25
0	NPM1	62835.25
0	NPM3	472.25
0	NPR2	92.25
0	NPRL2	489.0
0	NPTN	658.0
0	NPTX2	1.5
0	NPW	4.25
0	NQO1	278.0
0	NR1I3	240.75
0	NR2C1	365.25
0	NR3C1	1596.75
0	NR4A1	873.25
0	NRBF2	568.25
0	NRBP1	2942.0
0	NRCAM	27.75
0	NRDE2	2039.25
0	NREP	561.0
0	NRG1	3.5
0	NRGN	16.5
0	NRIP1	1381.75
0	NRM	278.0
0	NRN1L	19.0
0	NRP1	187.5
0	NRP2	293.75
0	NRROS	198.25
0	NRSN2	71.75
0	NRXN1	93.0
0	NRXN2	5.75
0	NRXN3	127.25
0	NSMCE3	559.25
0	NSUN4	1426.5
0	NT5C3A	262.25
0	NT5DC4	3.25
0	NT5E	76.5
0	NTMT1	238.5
0	NTPCR	344.5
0	NTRK1	40.0
0	NTSR1	7.0
0	NUAK2	313.75
0	NUBP1	848.75
0	NUCB1	925.0
0	NUCB2	575.0
0	NUDT10	14.0
0	NUDT13	230.5
0	NUDT15	873.75
0	NUDT16	222.0
0	NUDT17	90.75
0	NUDT2	219.75
0	NUDT3	3823.25
0	NUDT4	6197.75
0	NUF2	82.25
0	NUFIP2	6896.0
0	NUMA1	4719.0
0	NUMB	3052.75
0	NUP107	1863.75
0	NUP153	4363.0
0	NUP160	1941.75
0	NUP210L	26.75
0	NUP43	1776.25
0	NUP58	1736.25
0	NUP85	696.75
0	NUP93	2463.75
0	NUTF2	1355.0
0	NXPH3	32.5
0	NXT2	178.5
0	NYAP1	3.25
0	OARD1	774.75
0	OAS2	2259.75
0	OAZ3	107.25
0	OCIAD1	1443.75
0	OCIAD2	345.75
0	ODC1	15027.75
0	ODF2	1807.75
0	ODF3	33.5
0	OGG1	857.0
0	OLFM2	108.5
0	OLFML1	130.5
0	OLFML2B	14.75
0	OLFML3	8.75
0	OMA1	364.25
0	OMG	67.0
0	OPA1	2834.75
0	OPA3	2108.0
0	OPTN	1767.0
0	OR10A4	2.5
0	OR10AD1	34.75
0	OR10G2	5.75
0	OR10G3	1242.75
0	OR10G4	101.5
0	OR10H1	496.5
0	OR10J1	92.5
0	OR14J1	1588.0
0	OR1A1	667.25
0	OR1C1	8.5
0	OR1I1	563.75
0	OR1J1	7.25
0	OR1J2	2.5
0	OR1L8	14.25
0	OR1Q1	4.5
0	OR2A25	114.5
0	OR2A5	253.25
0	OR2AG1	73.0
0	OR2AG2	92.5
0	OR2AP1	102.75
0	OR2C1	2.5
0	OR2D2	4.5
0	OR2G6	484.0
0	OR2L13	2.0
0	OR2L2	428.0
0	OR2L5	41.75
0	OR2M4	164.5
0	OR2V1	21.0
0	OR3A3	82.75
0	OR4E2	22.5
0	OR4K2	11.25
0	OR4P4	63.25
0	OR4Q3	21.25
0	OR51B5	45.25
0	OR51D1	18.5
0	OR51E2	89.0
0	OR51L1	45.5
0	OR52I1	118.75
0	OR52I2	6.25
0	OR52K1	92.0
0	OR52M1	11.25
0	OR52N2	0.5
0	OR56A4	969.5
0	OR5A2	353.0
0	OR5AS1	1647.25
0	OR5AU1	363.0
0	OR5K2	1.5
0	OR5T2	3.75
0	OR6C4	109.75
0	OR6C75	2324.25
0	OR7A5	11.5
0	OR8D1	42.25
0	OR8D4	38.25
0	OR8G1	10.5
0	OR8J3	47.75
0	ORAI2	1640.0
0	ORC2	736.75
0	ORC6	18576.25
0	OS9	1356.75
0	OSBPL1A	176.75
0	OSBPL2	2606.0
0	OSBPL3	1745.0
0	OSBPL5	90.25
0	OSBPL6	82.5
0	OSBPL8	4134.0
0	OSBPL9	876.25
0	OSER1	568.25
0	OSGIN2	293.0
0	OTOA	44.25
0	OTUB1	1287.0
0	OTUB2	203.25
0	OTUD6B	1478.0
0	OXR1	373.5
0	OXSM	96.25
0	OXSR1	2796.0
0	P2RX7	302.5
0	P2RY13	10.0
0	P2RY14	38.5
0	P4HA2	224.5
0	PABPC4	4886.0
0	PACRG	59.25
0	PACRGL	289.75
0	PACSIN2	529.25
0	PACSIN3	98.75
0	PAFAH1B2	2652.5
0	PAFAH1B3	424.5
0	PAFAH2	490.0
0	PAG1	4945.5
0	PAGR1	217.0
0	PAIP2	1312.0
0	PAK1	484.25
0	PAK2	4912.0
0	PALLD	531.75
0	PALM3	28.25
0	PALMD	50.75
0	PAM	444.0
0	PAN2	1301.0
0	PANK2	1431.75
0	PAPPA2	0.25
0	PAQR3	300.5
0	PAQR7	333.5
0	PAQR8	1236.0
0	PARD3	13.25
0	PARK7	2969.25
0	PARN	1835.25
0	PARP10	173.0
0	PARP14	4311.5
0	PARP15	2800.0
0	PARP16	260.75
0	PARP6	1706.0
0	PARP8	2541.0
0	PARS2	75.5
0	PARVB	733.75
0	PARVG	805.25
0	PASK	2676.75
0	PATL1	3781.25
0	PAX6	286.25
0	PAX8	136.75
0	PAXIP1	1378.5
0	PBLD	323.25
0	PBXIP1	1215.5
0	PCBD2	553.0
0	PCBP3	186.0
0	PCDH1	7.0
0	PCDHA9	195.5
0	PCDHB1	521.75
0	PCDHB11	39.0
0	PCDHB14	28.25
0	PCDHB16	95.5
0	PCDHB2	37.0
0	PCDHB9	159.25
0	PCDHGA1	42.5
0	PCDHGA10	30.0
0	PCDHGA11	17.0
0	PCDHGA12	3.0
0	PCDHGA4	3.25
0	PCDHGA5	79.5
0	PCDHGA6	338.5
0	PCDHGA9	21.5
0	PCDHGB1	7.75
0	PCDHGB2	8.0
0	PCDHGB3	18.25
0	PCDHGC4	28.5
0	PCGF1	271.25
0	PCGF2	33.5
0	PCK2	1615.5
0	PCM1	7874.5
0	PCMTD2	2561.75
0	PCSK1	5.25
0	PCSK6	223.25
0	PCSK7	13160.5
0	PCYOX1L	533.5
0	PCYT1A	2752.5
0	PCYT2	197.25
0	PDCD10	6193.0
0	PDCD1LG2	4.0
0	PDCL	505.75
0	PDCL3	962.5
0	PDE11A	311.5
0	PDE1A	31.0
0	PDE1B	318.25
0	PDE4B	3511.0
0	PDE4C	293.0
0	PDE4D	2370.0
0	PDE5A	170.25
0	PDE7B	91.25
0	PDE8B	29.75
0	PDGFB	6.0
0	PDGFRA	24.25
0	PDHA1	1508.25
0	PDHX	1350.25
0	PDIA4	1631.25
0	PDIA6	2020.0
0	PDK3	984.25
0	PDLIM5	1032.75
0	PDLIM7	159.5
0	PDP2	1491.5
0	PDS5A	4558.75
0	PDSS1	286.75
0	PDZK1	94.75
0	PEA15	2002.0
0	PEAK1	2371.5
0	PECAM1	951.75
0	PELI1	1029.5
0	PELI2	242.5
0	PELP1	1794.0
0	PEMT	362.25
0	PERP	42.75
0	PES1	1687.25
0	PEX2	544.5
0	PEX26	5867.5
0	PEX5	629.25
0	PEX7	109.75
0	PFDN1	561.25
0	PFDN5	1802.0
0	PFKFB2	306.75
0	PFKFB3	1307.75
0	PGAP2	481.25
0	PGAP3	536.75
0	PGGT1B	1727.75
0	PGM1	368.25
0	PGRMC2	411.0
0	PHACTR1	229.0
0	PHACTR2	6413.5
0	PHACTR4	4063.0
0	PHAX	975.25
0	PHB2	3476.25
0	PHC2	267.25
0	PHC3	17864.75
0	PHF1	1129.0
0	PHF10	1418.25
0	PHF14	1381.0
0	PHF20L1	2808.0
0	PHF21A	2498.75
0	PHGDH	611.0
0	PHGR1	7.5
0	PHLDA1	1946.75
0	PHLDB1	742.25
0	PHLDB2	258.25
0	PHLDB3	283.5
0	PHLPP1	1750.75
0	PHTF1	251.5
0	PHTF2	1070.75
0	PHYH	154.25
0	PHYHD1	86.25
0	PI16	85.25
0	PI4KA	3872.0
0	PIANP	100.25
0	PIAS1	3456.5
0	PICALM	4904.5
0	PICK1	307.0
0	PIFO	3.25
0	PIGH	577.25
0	PIGK	162.25
0	PIGN	17267.25
0	PIGS	1236.0
0	PIGT	3581.5
0	PIGZ	29.25
0	PIH1D2	32.0
0	PIK3C2A	1247.25
0	PIK3C2B	1313.75
0	PIK3C3	1902.5
0	PIK3CB	933.5
0	PIK3R5	2412.5
0	PIN1	605.0
0	PINK1	1322.0
0	PIP5K1A	4006.5
0	PIP5K1B	9.75
0	PITPNC1	1104.75
0	PITPNM2	739.75
0	PITRM1	3140.75
0	PIWIL1	59.25
0	PJA1	358.0
0	PKD1L1	261.75
0	PKD1L3	15.0
0	PKD2L2	219.25
0	PKHD1	3.5
0	PKHD1L1	1.75
0	PKIA	289.25
0	PKIG	71.5
0	PLA2G12A	372.0
0	PLA2G4C	670.0
0	PLA2G6	486.25
0	PLAA	1294.5
0	PLAT	213.75
0	PLCB1	302.0
0	PLCB4	6.0
0	PLCG1	4002.25
0	PLCH1	5.75
0	PLD1	189.75
0	PLEK	154.5
0	PLEK2	22.25
0	PLEKHA1	2083.25
0	PLEKHA2	2483.25
0	PLEKHA3	3026.0
0	PLEKHB1	366.75
0	PLEKHB2	2408.75
0	PLEKHF2	98.25
0	PLEKHG2	2032.5
0	PLEKHG3	1246.0
0	PLEKHG4	215.75
0	PLEKHG5	150.75
0	PLEKHM3	962.75
0	PLEKHO1	775.5
0	PLEKHS1	15.0
0	PLET1	34.5
0	PLIN2	731.5
0	PLK4	371.75
0	PLN	218.75
0	PLOD2	41.5
0	PLOD3	430.5
0	PLP1	7.25
0	PLPP1	309.75
0	PLRG1	515.25
0	PLSCR1	162.25
0	PLSCR2	3.0
0	PLSCR4	0.25
0	PLTP	32.25
0	PLXNA2	5.25
0	PLXNB1	70.0
0	PM20D2	1167.0
0	PMEL	201.75
0	PMEPA1	87.0
0	PMF1-BGLAP	17.0
0	PMFBP1	55.25
0	PMP2	7.0
0	PMP22	2.0
0	PNISR	6305.0
0	PNKP	311.5
0	PNMA1	637.5
0	PNN	5071.5
0	PNO1	2066.5
0	PNOC	4.75
0	PNP	2140.0
0	PNPLA1	112.5
0	POC5	187.75
0	POFUT2	183.5
0	POLB	562.5
0	POLD3	1664.5
0	POLD4	590.5
0	POLE4	346.75
0	POLG	1688.75
0	POLG2	382.25
0	POLI	211.75
0	POLL	478.0
0	POLQ	201.75
0	POLR1E	711.75
0	POLR2B	1685.25
0	POLR2C	979.5
0	POLR2D	2519.25
0	POLR2M	2220.75
0	POLR3B	918.75
0	POLRMT	257.75
0	POMGNT1	838.75
0	POMT1	536.25
0	POP5	616.5
0	POR	351.5
0	POT1	378.75
0	POU2F1	2317.5
0	POU2F2	9810.0
0	POU2F3	55.5
0	POU6F1	413.75
0	PPA1	3433.75
0	PPA2	654.0
0	PPARA	2615.5
0	PPARD	1437.0
0	PPCDC	172.0
0	PPFIA1	1462.75
0	PPFIA4	53.0
0	PPFIBP1	406.0
0	PPFIBP2	137.0
0	PPHLN1	5641.75
0	PPIB	2655.25
0	PPIE	820.75
0	PPIG	2519.5
0	PPIH	198.0
0	PPIP5K2	1238.0
0	PPM1B	1878.0
0	PPM1G	3614.25
0	PPM1K	1715.0
0	PPM1L	513.5
0	PPM1M	1154.75
0	PPM1N	85.0
0	PPP1R11	1812.75
0	PPP1R12A	3522.5
0	PPP1R12B	1245.0
0	PPP1R13B	396.75
0	PPP1R15A	1706.25
0	PPP1R1B	8.0
0	PPP1R26	26.75
0	PPP1R8	632.75
0	PPP1R9A	25.5
0	PPP2R1B	1922.75
0	PPP2R2B	133.5
0	PPP2R3A	120.5
0	PPP2R3C	249.0
0	PPP2R5A	493.25
0	PPP2R5D	425.0
0	PPP4R2	1186.25
0	PPP6R2	608.25
0	PPP6R3	7668.75
0	PPTC7	5015.0
0	PRCD	11.0
0	PRDM10	273.5
0	PRDM11	183.0
0	PRDM15	792.75
0	PRDM16	33.0
0	PRDM4	1533.75
0	PRDM8	252.0
0	PRDX1	2000.75
0	PRDX4	254.0
0	PREPL	2203.25
0	PRICKLE4	6.25
0	PRIM2	464.5
0	PRKAB2	619.0
0	PRKACA	594.25
0	PRKAR1A	5119.0
0	PRKCD	460.75
0	PRKCQ	830.25
0	PRKCSH	2635.5
0	PRKD3	514.75
0	PRKG2	142.75
0	PRLHR	75.75
0	PRLR	12.0
0	PRMT8	22.5
0	PRMT9	221.25
0	PRND	178.5
0	PRNP	1285.75
0	PROC	9.0
0	PROX1	8.75
0	PROX2	41.75
0	PRPF18	591.75
0	PRPF19	1858.5
0	PRPF3	2770.0
0	PRPF31	597.5
0	PRPF38B	6156.5
0	PRPF39	625.0
0	PRPF40B	200.5
0	PRPF4B	5820.5
0	PRPS1	2977.75
0	PRPSAP2	402.5
0	PRR13	2911.75
0	PRR19	740.5
0	PRR27	116.0
0	PRR5L	478.25
0	PRR7	25.75
0	PRRC2A	4154.5
0	PRRC2B	4435.5
0	PRSS12	155.0
0	PRSS23	349.75
0	PRSS37	1.25
0	PRUNE2	11.0
0	PSAP	3745.25
0	PSD4	12652.0
0	PSIP1	4518.5
0	PSMA6	2509.5
0	PSMA7	2775.25
0	PSMB10	1794.25
0	PSMB2	3422.0
0	PSMB3	595.5
0	PSMB6	811.75
0	PSMC3IP	348.0
0	PSMC4	1660.25
0	PSMC6	1404.75
0	PSMD2	2503.75
0	PSMD4	1975.0
0	PSMF1	1379.25
0	PSMG1	615.5
0	PSMG3	730.75
0	PSMG4	777.0
0	PSPC1	1580.75
0	PSPH	974.5
0	PSRC1	8.25
0	PTBP1	12198.0
0	PTBP3	11492.25
0	PTCH1	1567.25
0	PTCH2	22.75
0	PTGR1	364.25
0	PTGR2	824.5
0	PTK2	1052.5
0	PTK2B	2549.25
0	PTMS	415.75
0	PTOV1	1298.5
0	PTP4A2	3644.5
0	PTPN12	783.5
0	PTPN21	7.25
0	PTPN22	1202.5
0	PTPN3	186.0
0	PTPN4	1462.5
0	PTPN6	4193.5
0	PTPN7	4570.25
0	PTPRA	1230.5
0	PTPRB	58.0
0	PTPRC	30713.5
0	PTPRE	848.25
0	PTPRF	227.0
0	PTPRJ	839.5
0	PTPRK	249.75
0	PTPRM	444.75
0	PTPRO	15.5
0	PTS	152.5
0	PTTG2	22.75
0	PUDP	425.25
0	PUM1	4298.25
0	PUM2	4877.5
0	PUM3	1248.5
0	PUS3	388.5
0	PVRIG	273.25
0	PWP1	894.0
0	PXDC1	26.5
0	PXK	1196.25
0	PXYLP1	393.5
0	PYGO2	576.75
0	PYHIN1	1279.5
0	PYM1	407.25
0	PYROXD1	1289.75
0	PZP	570.75
0	QKI	5014.75
0	QRICH1	5487.0
0	QSOX1	343.75
0	QTRT1	737.25
0	QTRT2	2793.5
0	R3HDM1	3435.75
0	R3HDM2	5035.25
0	RAB1A	3453.5
0	RAB23	38.0
0	RAB27A	3037.75
0	RAB27B	8.5
0	RAB29	733.25
0	RAB2A	805.0
0	RAB33B	635.25
0	RAB36	143.75
0	RAB37	596.75
0	RAB3GAP1	1370.0
0	RAB40A	9.75
0	RAB43	826.5
0	RAB5B	2230.25
0	RAB8A	3159.0
0	RAB8B	4019.5
0	RAB9A	87.5
0	RABEP1	4463.0
0	RABEPK	635.25
0	RABGAP1	798.0
0	RABGGTA	642.5
0	RABGGTB	3657.0
0	RABIF	650.0
0	RABL6	1510.0
0	RAD17	673.75
0	RAD21	6172.75
0	RAD23B	4681.25
0	RAD51	178.0
0	RAD51C	1359.0
0	RAD51D	1008.0
0	RAD54L	197.75
0	RAD54L2	3191.5
0	RAD9A	710.0
0	RAD9B	140.75
0	RAE1	499.25
0	RAET1E	72.5
0	RAF1	2878.5
0	RAG1	1.75
0	RAI1	1033.0
0	RAI14	46.75
0	RALBP1	1252.25
0	RALGAPA1	1750.5
0	RALGAPB	3280.75
0	RALGPS1	271.0
0	RALY	1486.25
0	RAMP3	3.75
0	RANBP2	3949.5
0	RANBP6	705.75
0	RANBP9	1914.25
0	RAP1B	3617.25
0	RAP2B	1988.25
0	RAP2C	3043.0
0	RAPGEF1	3387.75
0	RAPGEF5	9.5
0	RAPGEFL1	260.75
0	RARG	567.5
0	RASA1	872.0
0	RASA3	2120.0
0	RASAL1	34.25
0	RASAL2	369.0
0	RASAL3	2482.75
0	RASGEF1B	1034.75
0	RASGRP1	3582.0
0	RASGRP2	1484.75
0	RASGRP3	2868.75
0	RASIP1	10.25
0	RASL11B	103.0
0	RASSF1	576.75
0	RASSF4	49.5
0	RASSF5	5304.0
0	RASSF8	169.25
0	RB1CC1	1177.25
0	RBBP4	2303.0
0	RBBP7	2756.0
0	RBBP8	760.25
0	RBCK1	1317.25
0	RBFOX1	47.25
0	RBKS	65.0
0	RBM11	60.25
0	RBM12B	910.5
0	RBM17	1434.0
0	RBM19	1745.25
0	RBM25	11186.25
0	RBM26	3915.25
0	RBM27	1676.0
0	RBM3	3140.25
0	RBM33	5748.25
0	RBM38	2279.0
0	RBM4	1911.75
0	RBM41	797.0
0	RBM42	619.5
0	RBM47	444.75
0	RBM7	1466.0
0	RBMS1	2790.0
0	RBMS2	696.0
0	RBMX	3167.5
0	RBP5	45.0
0	RBX1	752.5
0	RC3H2	2097.75
0	RCAN1	380.0
0	RCAN2	22.0
0	RCAN3	21623.0
0	RCC1	1253.25
0	RCC2	2465.5
0	RCCD1	304.5
0	RCL1	1724.5
0	RCN1	600.0
0	RCN2	2423.25
0	RCOR3	1843.75
0	RCSD1	2425.5
0	RDH11	486.25
0	RDH16	353.5
0	RDH5	541.5
0	RECQL	392.0
0	RECQL5	398.75
0	REEP4	210.25
0	REG4	7.5
0	REL	9642.0
0	RELT	365.25
0	REP15	2.5
0	REPS1	1013.5
0	RERE	3413.0
0	RERG	113.25
0	REXO4	753.75
0	RFT1	1223.75
0	RFWD3	1759.5
0	RFX2	273.75
0	RFX3	1178.5
0	RFX8	8.0
0	RGL2	423.5
0	RGMA	157.25
0	RGMB	313.5
0	RGS12	422.75
0	RGS13	19.25
0	RGS14	450.5
0	RGS16	660.5
0	RGS18	12.75
0	RGS5	30.75
0	RGS6	4.75
0	RHAG	86.25
0	RHBDF2	484.0
0	RHEBL1	13.75
0	RHOB	118.5
0	RHOBTB3	464.75
0	RHOF	1199.75
0	RHOJ	116.5
0	RHOU	60.25
0	RIC1	825.75
0	RIC8A	724.75
0	RIC8B	439.5
0	RIMS1	203.5
0	RIMS2	172.25
0	RINL	973.75
0	RIOK3	2127.5
0	RIPK2	201.25
0	RIPK3	379.5
0	RIT1	721.5
0	RIT2	2.25
0	RLN2	10.5
0	RMDN1	738.5
0	RMDN2	63.5
0	RMI1	318.5
0	RMI2	435.0
0	RNASE10	25.0
0	RNASE4	44.5
0	RNASE6	9.0
0	RNASEH2A	563.25
0	RNASEH2B	2391.25
0	RNASEH2C	1430.25
0	RNASEK	745.75
0	RNASEL	289.75
0	RNF103	1368.0
0	RNF103-CHMP3	4.25
0	RNF111	1076.75
0	RNF113A	497.0
0	RNF125	2745.0
0	RNF13	477.75
0	RNF130	298.25
0	RNF139	152.25
0	RNF14	475.75
0	RNF144A	1407.25
0	RNF144B	70.0
0	RNF152	133.0
0	RNF168	2069.5
0	RNF181	212.25
0	RNF182	2.0
0	RNF183	9.25
0	RNF19A	2525.5
0	RNF2	1354.25
0	RNF224	6.5
0	RNF24	785.5
0	RNF43	1589.25
0	RNF6	894.75
0	RNF7	590.0
0	RNF8	2038.0
0	RNFT2	598.0
0	RNGTT	1112.25
0	RNH1	1068.5
0	RNPEP	230.0
0	ROBO1	107.0
0	RORC	120.75
0	RP1L1	369.0
0	RP9	271.0
0	RPE	400.75
0	RPGR	645.25
0	RPGRIP1	10.75
0	RPH3A	40.75
0	RPH3AL	120.25
0	RPL10	24664.75
0	RPL10A	11894.0
0	RPL10L	1.25
0	RPL13	6315.5
0	RPL15	12810.25
0	RPL19	19137.25
0	RPL24	4377.25
0	RPL27A	5895.5
0	RPL29	2421.5
0	RPL34	5250.25
0	RPL39	1179.25
0	RPL41	63205.0
0	RPL6	23146.75
0	RPL7A	11013.0
0	RPL7L1	6611.25
0	RPLP1	8925.75
0	RPN2	1523.25
0	RPP38	550.0
0	RPS10-NUDT3	8305.25
0	RPS12	7762.0
0	RPS14	5172.75
0	RPS15A	8172.5
0	RPS19	5223.0
0	RPS19BP1	594.5
0	RPS20	4294.0
0	RPS21	1684.25
0	RPS27	7741.75
0	RPS6	18709.0
0	RPS6KC1	166.5
0	RPS6KL1	340.25
0	RPS7	9099.25
0	RPS9	8577.0
0	RPSA	9454.5
0	RPUSD2	271.25
0	RRAGA	992.75
0	RRAS2	328.5
0	RRBP1	466.5
0	RREB1	2791.5
0	RRP12	2000.75
0	RRP15	5829.75
0	RRS1	566.5
0	RSAD2	217.5
0	RSBN1	1929.5
0	RSBN1L	2042.75
0	RSC1A1	212.5
0	RSF1	1955.25
0	RSL1D1	7682.0
0	RSPH4A	37.5
0	RSPH9	84.0
0	RSPRY1	512.75
0	RSRC1	718.0
0	RTCB	908.25
0	RTN2	15.5
0	RTN3	1455.5
0	RTTN	2727.25
0	RUBCN	3310.75
0	RUNX1	4233.5
0	RUNX1T1	27.75
0	RUNX2	6535.5
0	RUSC1	538.0
0	RUVBL1	2853.5
0	RWDD3	48.75
0	RXFP4	52.5
0	RYK	1121.25
0	RYR3	793.25
0	S100A10	1114.0
0	S100A11	3460.75
0	S100A12	0.75
0	S100A2	2.0
0	S100A4	228.5
0	S100A5	13.5
0	S100A9	4.75
0	S1PR3	334.0
0	S1PR5	50.0
0	SAAL1	953.75
0	SACM1L	1821.5
0	SALL2	74.75
0	SAMD13	5.0
0	SAMD3	575.25
0	SAMD4A	281.75
0	SAMD4B	2697.5
0	SAMD7	9.5
0	SAMHD1	10999.0
0	SAMM50	1638.0
0	SAP18	852.25
0	SAP30BP	724.75
0	SAPCD1	44.0
0	SAR1A	4859.0
0	SARDH	115.5
0	SARM1	599.5
0	SART3	3865.25
0	SASH3	1628.0
0	SAT1	465.0
0	SATB2	155.25
0	SAXO1	72.0
0	SAYSD1	357.5
0	SBF2	1552.0
0	SBNO2	1196.25
0	SCAF8	1735.25
0	SCAI	2333.25
0	SCAMP1	613.25
0	SCAMP2	2938.5
0	SCAMP3	1742.25
0	SCAPER	823.25
0	SCFD1	969.0
0	SCG3	93.5
0	SCG5	3.25
0	SCGB3A2	430.5
0	SCN1A	77.25
0	SCN2A	84.5
0	SCN2B	66.75
0	SCN7A	78.0
0	SCN8A	146.75
0	SCN9A	196.5
0	SCNN1A	107.75
0	SCOC	205.5
0	SCPEP1	352.75
0	SCRG1	551.75
0	SCYL3	569.75
0	SDAD1	479.75
0	SDCBP	1094.25
0	SDCBP2	10.25
0	SDHAF4	216.25
0	SDK2	1295.25
0	SEBOX	33.75
0	SEC11A	1432.5
0	SEC11C	363.75
0	SEC13	1567.0
0	SEC14L1	876.5
0	SEC14L3	40.5
0	SEC16A	5315.75
0	SEC16B	1.5
0	SEC23IP	3859.75
0	SEC24C	1889.0
0	SEC24D	2403.75
0	SEC61A1	3488.25
0	SEC61G	177.0
0	SECISBP2L	617.75
0	SELE	4.25
0	SELPLG	5435.75
0	SEMA3B	26.75
0	SEMA4G	65.0
0	SEMA5A	263.75
0	SEMA6A	235.25
0	SENP1	1561.0
0	SENP3	736.5
0	SENP6	2797.0
0	SENP7	2538.0
0	SERBP1	42077.75
0	SERF2	2495.75
0	SERPINB10	200.5
0	SERPINB11	20.5
0	SERPINB2	11.75
0	SERPINB6	1130.5
0	SERPINE2	597.25
0	SERPINI1	19.0
0	SERTAD1	329.0
0	SERTAD2	1514.25
0	SERTAD3	56.0
0	SETBP1	63.5
0	SETD7	1985.25
0	SETD9	56.0
0	SETDB1	1418.75
0	SETDB2	1140.0
0	SETMAR	387.5
0	SEZ6	23.25
0	SF3B2	5929.25
0	SF3B6	250.25
0	SFI1	2531.25
0	SFMBT2	1774.5
0	SFRP5	1.25
0	SFT2D1	278.0
0	SFT2D3	53.0
0	SFXN4	402.75
0	SGCA	3.25
0	SGIP1	7.0
0	SGK1	1278.25
0	SGMS2	5.0
0	SGO2	444.25
0	SGPL1	3915.5
0	SGTB	1385.75
0	SH2B1	390.0
0	SH2D1A	385.75
0	SH2D1B	12.5
0	SH2D2A	2891.5
0	SH2D3C	623.5
0	SH2D4B	2.5
0	SH2D6	37.25
0	SH2D7	2.25
0	SH3BGR	7.0
0	SH3BP4	10.0
0	SH3BP5	1609.0
0	SH3BP5L	179.5
0	SH3GL3	61.75
0	SH3KBP1	14088.75
0	SH3PXD2B	49.5
0	SH3TC2	141.5
0	SH3YL1	928.25
0	SHANK2	25.0
0	SHC1	1906.25
0	SHF	185.75
0	SHISA5	2301.75
0	SHMT2	3693.75
0	SHOC2	1181.75
0	SHQ1	843.5
0	SHROOM3	19.0
0	SIAE	852.25
0	SIDT2	1356.75
0	SIGLEC12	2.75
0	SIGLEC15	94.75
0	SIK2	1128.25
0	SIK3	2059.25
0	SIKE1	790.25
0	SIN3A	5263.25
0	SIPA1L1	1940.5
0	SIRPB1	154.5
0	SIRPD	4.5
0	SIRPG	971.25
0	SIRT1	843.5
0	SIRT4	6.75
0	SIX5	21.25
0	SKAP1	1497.5
0	SKOR1	17.0
0	SKP1	3029.25
0	SLA	4581.5
0	SLAIN1	738.5
0	SLAMF7	725.75
0	SLAMF8	66.25
0	SLC10A5	16.25
0	SLC12A5	9.25
0	SLC12A8	260.25
0	SLC13A4	215.0
0	SLC14A1	422.5
0	SLC14A2	257.25
0	SLC15A3	78.75
0	SLC16A10	1597.5
0	SLC16A11	15.25
0	SLC16A3	222.5
0	SLC17A3	1.5
0	SLC17A4	8.5
0	SLC17A5	292.0
0	SLC17A7	55.75
0	SLC17A9	261.25
0	SLC19A1	851.5
0	SLC19A2	174.5
0	SLC1A1	3.75
0	SLC1A2	543.25
0	SLC1A3	3.75
0	SLC20A1	1689.75
0	SLC20A2	543.0
0	SLC22A18	230.75
0	SLC22A5	721.25
0	SLC22A9	76.0
0	SLC23A1	82.25
0	SLC23A2	1668.0
0	SLC25A12	466.25
0	SLC25A24	296.25
0	SLC25A25	415.25
0	SLC25A26	483.5
0	SLC25A3	4911.0
0	SLC25A45	1371.5
0	SLC25A46	1454.75
0	SLC26A10	9.25
0	SLC26A5	14.5
0	SLC26A8	444.0
0	SLC27A4	259.25
0	SLC27A5	964.75
0	SLC28A2	580.75
0	SLC29A3	173.0
0	SLC2A12	16.5
0	SLC2A13	147.25
0	SLC2A8	38.0
0	SLC30A4	1616.25
0	SLC30A5	1713.0
0	SLC30A8	29.0
0	SLC30A9	1485.0
0	SLC34A1	0.5
0	SLC35A5	276.75
0	SLC35C2	1025.0
0	SLC35D1	1281.5
0	SLC35E1	2777.25
0	SLC35E3	2986.0
0	SLC35E4	358.5
0	SLC35F3	4.5
0	SLC35F5	846.75
0	SLC35G6	7.0
0	SLC36A1	483.5
0	SLC37A1	434.0
0	SLC37A3	1088.25
0	SLC38A10	768.5
0	SLC38A2	10246.25
0	SLC38A3	21.5
0	SLC38A6	537.75
0	SLC38A9	218.75
0	SLC39A13	428.0
0	SLC39A14	1024.0
0	SLC39A2	3.0
0	SLC39A8	554.5
0	SLC39A9	1924.75
0	SLC40A1	212.75
0	SLC41A2	313.0
0	SLC43A1	319.75
0	SLC44A1	863.75
0	SLC44A2	4434.0
0	SLC44A3	1.25
0	SLC45A4	236.0
0	SLC46A3	416.75
0	SLC47A1	638.5
0	SLC4A2	568.0
0	SLC4A5	415.0
0	SLC4A7	1238.5
0	SLC4A8	557.5
0	SLC4A9	4.0
0	SLC50A1	1374.25
0	SLC51A	267.25
0	SLC5A9	4.5
0	SLC6A1	211.75
0	SLC6A16	78.25
0	SLC6A6	1917.75
0	SLC7A2	14.75
0	SLC7A6	2647.25
0	SLC8A1	36.5
0	SLC8A3	0.75
0	SLC8B1	1117.0
0	SLC9A2	8.25
0	SLC9A3R2	21.75
0	SLC9A4	348.5
0	SLC9A5	53.5
0	SLC9A6	1003.5
0	SLC9A8	606.75
0	SLC9A9	305.0
0	SLC9B2	593.25
0	SLCO2B1	34.0
0	SLF2	1332.75
0	SLIT1	47.5
0	SLK	2599.0
0	SLMAP	3267.25
0	SLTM	4192.75
0	SLX4IP	597.75
0	SMAD3	4035.25
0	SMAD5	781.75
0	SMAD7	566.5
0	SMAGP	298.5
0	SMAP2	4603.0
0	SMARCA2	7030.25
0	SMARCAD1	1513.75
0	SMARCC1	10680.5
0	SMC4	1064.75
0	SMC6	546.75
0	SMCO1	4.5
0	SMCO3	5.75
0	SMG1	13068.0
0	SMIM18	12.5
0	SMIM5	78.75
0	SMNDC1	829.25
0	SMOX	80.75
0	SMPD1	446.75
0	SMPDL3A	2.5
0	SMPDL3B	15.25
0	SMTN	181.75
0	SMYD2	946.25
0	SMYD3	219.0
0	SMYD5	468.0
0	SNAPC3	2717.75
0	SNAPC5	364.0
0	SNF8	1468.5
0	SNIP1	1235.25
0	SNRNP27	459.0
0	SNRNP35	837.0
0	SNRPA	1494.5
0	SNRPA1	1636.25
0	SNRPB	665.25
0	SNRPB2	704.0
0	SNRPD2	1827.5
0	SNRPE	556.0
0	SNRPG	301.25
0	SNTA1	30.0
0	SNTB2	2435.0
0	SNU13	232.25
0	SNUPN	1656.75
0	SNX12	1063.25
0	SNX13	635.0
0	SNX18	549.25
0	SNX24	62.25
0	SNX27	8557.75
0	SNX30	345.75
0	SNX31	54.25
0	SNX33	155.25
0	SNX6	957.0
0	SOAT2	0.75
0	SOGA3	3.75
0	SORBS1	64.5
0	SORBS2	103.75
0	SORCS3	32.25
0	SORT1	229.5
0	SOS1	2225.75
0	SOX15	10.5
0	SOX2	24.75
0	SOX5	14.75
0	SOX6	99.75
0	SP100	3286.75
0	SP2	2298.75
0	SP4	5094.25
0	SP6	5.5
0	SPAG1	393.25
0	SPAG17	7.5
0	SPAG9	2340.25
0	SPAST	2386.0
0	SPATA20	155.0
0	SPATA25	6.25
0	SPATA3	1.5
0	SPATA4	3.0
0	SPATA9	9.0
0	SPATS2L	1209.5
0	SPC25	1236.75
0	SPCS2	560.25
0	SPCS3	2069.5
0	SPDL1	989.75
0	SPDYA	47.75
0	SPDYE4	7.5
0	SPECC1	864.0
0	SPECC1L	1236.75
0	SPEF1	2.0
0	SPEF2	336.75
0	SPEG	104.5
0	SPIDR	1144.0
0	SPIN1	724.5
0	SPINK2	1.5
0	SPINT1	83.75
0	SPIRE1	160.25
0	SPOCD1	49.0
0	SPON2	270.5
0	SPOPL	1820.5
0	SPP1	0.5
0	SPRED2	372.75
0	SPRTN	256.5
0	SPRY1	558.75
0	SPRYD4	1711.75
0	SPSB1	428.0
0	SPSB2	209.25
0	SPTAN1	11203.75
0	SPTB	96.75
0	SPTBN1	12167.0
0	SPTBN2	16.75
0	SPTBN5	28.75
0	SPTLC2	1287.25
0	SPTLC3	312.75
0	SPTSSB	1.5
0	SPX	31.5
0	SQSTM1	2039.75
0	SRA1	240.75
0	SRCAP	6338.0
0	SREBF2	4098.25
0	SRGAP3	716.75
0	SRP72	2782.75
0	SRPK2	609.75
0	SRPRB	2705.25
0	SRR	304.5
0	SRRM2	31642.5
0	SRSF12	201.75
0	SRSF5	15831.0
0	SRSF7	4726.75
0	SS18	2890.25
0	SSB	1699.5
0	SSBP1	2797.75
0	SSBP2	2446.25
0	SSR1	3734.75
0	SSR2	2817.5
0	ST18	105.0
0	ST3GAL1	2175.5
0	ST3GAL2	1569.75
0	ST3GAL3	2023.5
0	ST6GAL2	89.25
0	ST6GALNAC1	126.75
0	ST7	281.75
0	ST7L	615.25
0	ST8SIA4	1597.0
0	STAB2	170.25
0	STAC3	31.5
0	STAG2	2683.25
0	STAG3	506.25
0	STAM	1182.5
0	STAM2	2828.5
0	STAMBP	439.5
0	STAMBPL1	950.5
0	STAP1	56.0
0	STARD10	152.0
0	STARD13	0.5
0	STARD3NL	419.5
0	STAT4	2237.0
0	STAU1	2688.0
0	STAU2	536.75
0	STEAP1B	2.5
0	STEAP2	312.75
0	STIL	271.75
0	STIP1	6397.0
0	STK10	6809.0
0	STK11	401.5
0	STK11IP	313.75
0	STK17A	1653.25
0	STK31	155.5
0	STK32C	44.25
0	STK33	295.75
0	STK38	2193.25
0	STK40	1228.5
0	STMN1	523.0
0	STON2	34.0
0	STPG2	8.75
0	STRA6	119.0
0	STRADA	1447.5
0	STRN3	2151.5
0	STT3A	4283.5
0	STX11	409.75
0	STX18	893.0
0	STX3	300.0
0	STX6	909.5
0	STX7	556.0
0	STXBP1	508.75
0	STXBP5	1600.25
0	STXBP5L	12.5
0	STXBP6	16.5
0	STYXL1	54.25
0	SUB1	1215.5
0	SUCLG1	1203.25
0	SUCLG2	1039.5
0	SUDS3	697.0
0	SULF1	45.0
0	SULT1A1	524.25
0	SULT1B1	3116.75
0	SULT1C2	143.75
0	SULT1E1	21.0
0	SUMF1	329.5
0	SUMO1	3651.75
0	SUMO2	1669.25
0	SUMO4	44.25
0	SUN1	2405.75
0	SUN3	273.75
0	SUOX	511.25
0	SUPT16H	4260.5
0	SUPT20H	3069.75
0	SUPT3H	570.0
0	SUPT4H1	1384.75
0	SUPT5H	3324.0
0	SUPT6H	5070.25
0	SUPV3L1	1820.5
0	SUSD4	121.25
0	SUSD6	3659.75
0	SUV39H1	613.0
0	SVIL	1878.75
0	SYBU	2.5
0	SYDE1	5.5
0	SYNE2	9141.5
0	SYNE3	1936.25
0	SYNPO2	118.75
0	SYNPO2L	72.5
0	SYNRG	2637.5
0	SYPL1	620.0
0	SYT1	7.5
0	SYT8	24.75
0	TAB2	6527.5
0	TAC4	195.0
0	TACC1	8159.0
0	TACR1	48.25
0	TACR2	148.25
0	TADA2B	1205.5
0	TAF1	2600.0
0	TAF10	1742.0
0	TAF12	280.25
0	TAF1L	80.0
0	TAF2	1797.5
0	TAF4	736.5
0	TAF4B	656.5
0	TAF5	106.5
0	TAF6L	215.75
0	TAF7	1600.25
0	TAF7L	6.75
0	TAF9	1065.75
0	TAGLN	167.75
0	TAGLN3	4.0
0	TAMM41	468.75
0	TANK	850.25
0	TAOK2	716.5
0	TAOK3	1965.75
0	TAPBP	25211.25
0	TAS1R1	9.0
0	TAS2R14	113.0
0	TAS2R19	17.5
0	TAS2R42	2.75
0	TAS2R5	18.75
0	TAS2R60	9.0
0	TASP1	339.75
0	TAT	132.5
0	TAX1BP1	2117.0
0	TBC1D1	1435.5
0	TBC1D17	1327.0
0	TBC1D23	636.75
0	TBC1D24	922.5
0	TBC1D30	210.25
0	TBC1D5	1724.75
0	TBC1D7	237.75
0	TBKBP1	750.0
0	TBL1X	1032.25
0	TBXAS1	166.75
0	TCAIM	361.5
0	TCEA1	2947.0
0	TCEANC	190.75
0	TCERG1	6924.75
0	TCERG1L	13.0
0	TCF12	3340.0
0	TCF20	4386.0
0	TCF3	2590.75
0	TCF4	851.75
0	TCF7	11007.5
0	TCF7L2	112.5
0	TCFL5	194.25
0	TCN1	9.25
0	TCP10L	11.75
0	TCP10L2	1.25
0	TCP11L2	2214.0
0	TCTN1	846.0
0	TDRD12	140.75
0	TDRD3	649.75
0	TDRD7	232.75
0	TDRD9	31.5
0	TDRKH	270.75
0	TECRL	23.5
0	TEDDM1	45.5
0	TEF	95.0
0	TEKT3	4.0
0	TEP1	1632.75
0	TERF1	815.5
0	TES	1514.5
0	TESK1	1426.75
0	TEX10	844.0
0	TEX14	12.75
0	TEX15	26.75
0	TEX2	1144.0
0	TFAM	2101.0
0	TFB1M	305.5
0	TFDP1	5091.0
0	TFDP2	939.75
0	TFRC	6194.75
0	TG	47.75
0	TGDS	539.25
0	TGFB1I1	69.75
0	TGFB3	190.5
0	TGFBI	25.25
0	TGFBR3	643.75
0	TGM1	98.75
0	TGM2	185.25
0	TGM4	14.0
0	THAP3	236.5
0	THAP4	337.0
0	THBS3	152.5
0	THEM4	2406.5
0	THEM5	63.75
0	THEMIS	716.75
0	THEMIS2	1056.5
0	THG1L	452.0
0	THNSL1	124.25
0	THNSL2	81.25
0	THOC1	606.75
0	THOC5	2392.75
0	THSD1	3.25
0	THSD4	36.75
0	THUMPD2	146.25
0	TIA1	2424.25
0	TIAM2	380.0
0	TIFA	268.0
0	TIGD3	5.25
0	TIGD7	14.5
0	TIMM10B	709.5
0	TIMM23	1291.25
0	TIMM50	1786.5
0	TIMP1	404.75
0	TINF2	1397.0
0	TIPIN	1610.25
0	TIRAP	463.25
0	TJP2	450.25
0	TLCD1	100.25
0	TLCD2	793.25
0	TLDC2	1155.25
0	TLE1	25.75
0	TLE3	4100.75
0	TLE4	2190.0
0	TLE6	4.0
0	TLK1	9040.5
0	TLN2	88.75
0	TLR1	145.5
0	TLR10	105.5
0	TLR3	148.5
0	TLR9	66.0
0	TM2D1	817.75
0	TM2D2	420.75
0	TM2D3	1660.0
0	TM4SF18	31.5
0	TM9SF3	1198.0
0	TM9SF4	2384.75
0	TMA16	678.0
0	TMBIM6	7447.5
0	TMC4	425.0
0	TMC6	4170.25
0	TMCC1	1116.5
0	TMCC2	81.25
0	TMCO1	488.5
0	TMED10	2425.5
0	TMED2	4510.0
0	TMEM106A	883.25
0	TMEM106B	1414.5
0	TMEM106C	220.75
0	TMEM108	55.0
0	TMEM115	215.0
0	TMEM116	1006.5
0	TMEM128	98.25
0	TMEM131	2655.25
0	TMEM132A	93.5
0	TMEM141	78.75
0	TMEM145	265.5
0	TMEM14A	160.0
0	TMEM14B	768.0
0	TMEM14C	176.0
0	TMEM150A	189.25
0	TMEM156	516.25
0	TMEM159	204.25
0	TMEM160	78.75
0	TMEM161A	382.25
0	TMEM161B	1104.0
0	TMEM165	1608.5
0	TMEM167B	871.25
0	TMEM168	1009.5
0	TMEM176B	1.5
0	TMEM18	1618.75
0	TMEM181	1804.25
0	TMEM182	438.25
0	TMEM183A	1604.5
0	TMEM184C	1141.75
0	TMEM192	1730.5
0	TMEM209	2306.25
0	TMEM211	2.75
0	TMEM212	2210.0
0	TMEM216	189.25
0	TMEM219	191.25
0	TMEM220	390.25
0	TMEM230	922.75
0	TMEM241	490.25
0	TMEM245	2435.5
0	TMEM248	2780.25
0	TMEM253	11.5
0	TMEM254	349.25
0	TMEM260	524.0
0	TMEM262	75.0
0	TMEM263	2040.75
0	TMEM30A	605.75
0	TMEM30B	110.5
0	TMEM33	9978.0
0	TMEM38B	222.0
0	TMEM41B	3570.5
0	TMEM52B	107.0
0	TMEM63C	14.0
0	TMEM67	712.5
0	TMEM68	708.25
0	TMEM70	188.0
0	TMEM87B	275.75
0	TMEM91	381.0
0	TMEM92	12.0
0	TMEM97	875.75
0	TMEM98	180.75
0	TMF1	1177.0
0	TMIE	6.25
0	TMOD3	2666.5
0	TMPRSS13	47.75
0	TMPRSS2	0.5
0	TMPRSS3	197.0
0	TMPRSS4	76.5
0	TMPRSS7	13.0
0	TMPRSS9	80.5
0	TMX4	1389.5
0	TNF	20943.0
0	TNFAIP8L3	450.75
0	TNFRSF10B	981.75
0	TNFRSF14	1389.75
0	TNFRSF1B	4228.5
0	TNFSF10	671.0
0	TNFSF13	56.25
0	TNFSF13B	52.25
0	TNFSF15	169.0
0	TNFSF4	43.25
0	TNFSF8	4737.0
0	TNIK	1602.75
0	TNIP3	1266.75
0	TNK2	70.5
0	TNNC2	4.5
0	TNNI3K	2.75
0	TNNT2	95.0
0	TNNT3	55.25
0	TNRC6A	2354.5
0	TNS1	15.0
0	TOB1	3752.75
0	TOM1L2	540.0
0	TOMM20	3786.75
0	TOMM6	1383.75
0	TOMM7	439.0
0	TOP1	2000.0
0	TOP2B	1782.75
0	TOPORS	550.0
0	TOR1AIP1	2180.5
0	TOR1AIP2	5649.75
0	TOR3A	364.25
0	TOX3	2.25
0	TOX4	2213.75
0	TP53BP1	3770.25
0	TP53BP2	3141.0
0	TP53I11	460.75
0	TP53I3	107.75
0	TP53TG5	57.5
0	TP63	91.75
0	TPBGL	14.25
0	TPD52	1089.5
0	TPD52L1	155.75
0	TPH1	334.75
0	TPH2	403.75
0	TPI1	3686.0
0	TPK1	299.0
0	TPM2	572.0
0	TPO	157.5
0	TPP1	4626.5
0	TPPP2	2.75
0	TPRG1	93.75
0	TPX2	207.25
0	TRA2A	1860.25
0	TRABD	1560.75
0	TRADD	404.0
0	TRAF2	792.5
0	TRAF3	3634.0
0	TRAF3IP3	3142.25
0	TRAF7	720.5
0	TRAFD1	1229.75
0	TRAIP	70.0
0	TRAK1	1179.0
0	TRAK2	1225.25
0	TRAM1	2591.5
0	TRAP1	1939.75
0	TRAPPC3	258.75
0	TRAPPC3L	93.75
0	TRHR	3.5
0	TRIB2	1123.0
0	TRIB3	415.25
0	TRIM2	224.75
0	TRIM21	560.5
0	TRIM22	2626.25
0	TRIM24	3311.75
0	TRIM27	7058.0
0	TRIM28	3245.75
0	TRIM3	168.0
0	TRIM33	1923.25
0	TRIM34	170.75
0	TRIM35	771.0
0	TRIM37	1195.0
0	TRIM38	2108.25
0	TRIM45	97.0
0	TRIM54	10.5
0	TRIM56	6807.5
0	TRIM68	266.75
0	TRIP10	209.0
0	TRIP11	933.0
0	TRIP12	15994.25
0	TRIQK	206.25
0	TRMT11	856.75
0	TRMT1L	249.5
0	TRMT61B	140.75
0	TRNT1	849.0
0	TROAP	267.5
0	TRPC1	60.0
0	TRPC3	9.25
0	TRPM1	30.0
0	TRPM3	51.5
0	TRPM5	11.25
0	TRPM8	98.0
0	TRPS1	1075.5
0	TRPV2	566.0
0	TRRAP	4389.0
0	TSACC	31.5
0	TSC22D3	2880.5
0	TSC22D4	439.5
0	TSEN2	570.25
0	TSHR	313.75
0	TSNAX	886.0
0	TSPAN15	8.25
0	TSPAN16	3.25
0	TSPAN3	911.75
0	TSPAN4	43.5
0	TSPAN5	614.75
0	TSPYL1	1927.75
0	TSSK2	4.5
0	TSSK4	327.25
0	TTC12	215.75
0	TTC17	3999.0
0	TTC21B	923.5
0	TTC27	2547.25
0	TTC28	235.25
0	TTC30A	39.0
0	TTC30B	31.75
0	TTC31	421.75
0	TTC32	200.5
0	TTC39B	5020.75
0	TTC5	298.25
0	TTC7B	1216.5
0	TTLL11	64.25
0	TTLL4	1069.75
0	TTN	18219.5
0	TTR	4.25
0	TUBB1	68.75
0	TUBD1	1217.75
0	TUBGCP5	675.75
0	TUFT1	393.0
0	TULP2	4.25
0	TULP4	3492.75
0	TWF1	386.5
0	TWF2	340.25
0	TWISTNB	348.5
0	TXK	1004.5
0	TXN2	646.0
0	TXNDC15	1210.25
0	TXNDC16	74.25
0	TXNRD1	1846.5
0	TYK2	975.25
0	TYR	9.5
0	TYSND1	311.75
0	TYW1B	179.5
0	U2AF2	2738.0
0	U2SURP	2671.25
0	UAP1	1958.75
0	UBA1	8898.25
0	UBA2	2091.25
0	UBA3	3157.25
0	UBA5	1670.5
0	UBA7	1570.0
0	UBAP2	6686.0
0	UBB	2854.25
0	UBC	8681.75
0	UBE2D1	246.5
0	UBE2D2	1770.5
0	UBE2D3	40025.5
0	UBE2E1	2252.25
0	UBE2F	824.5
0	UBE2L6	2028.75
0	UBE2O	735.75
0	UBE2V1	5636.5
0	UBE3A	1412.25
0	UBE4B	1993.75
0	UBL3	634.25
0	UBL7	951.5
0	UBLCP1	1637.25
0	UBQLN1	7508.5
0	UBR1	1600.25
0	UBR4	8145.0
0	UBXN10	5.5
0	UBXN2B	592.0
0	UBXN8	247.0
0	UCHL1	8.0
0	UCHL5	2680.0
0	UCK2	2032.0
0	UCN	4.75
0	UFL1	773.75
0	UGDH	1025.25
0	UGGT1	4477.0
0	UGP2	1697.0
0	UGT2A1	72.25
0	UGT2B7	0.75
0	UHMK1	5780.75
0	ULBP2	6.0
0	ULK2	529.5
0	UMODL1	0.5
0	UNC13B	64.5
0	UNC45A	936.75
0	UNC45B	19.5
0	UNC50	216.5
0	UNK	753.25
0	UPF2	1661.25
0	UPK1B	441.75
0	UPK2	10.0
0	UQCRFS1	566.25
0	UQCRHL	154.25
0	URB2	1412.25
0	URI1	1355.25
0	USP10	2761.25
0	USP13	601.75
0	USP14	3581.0
0	USP2	29.75
0	USP22	4811.5
0	USP24	5706.25
0	USP33	3837.5
0	USP43	2.0
0	USP49	800.75
0	USP54	654.25
0	USP6NL	1948.25
0	USP8	3000.25
0	USP9Y	680.25
0	UST	413.5
0	UTP14A	3024.25
0	UTP14C	520.75
0	UTP20	2293.75
0	UTP23	418.0
0	UTRN	3685.25
0	UTS2B	318.75
0	UVSSA	1779.0
0	VAMP8	198.25
0	VAPA	2586.75
0	VAT1	423.25
0	VAV3	448.25
0	VBP1	435.5
0	VCP	5848.25
0	VEGFA	1153.75
0	VEPH1	18.25
0	VGLL4	928.75
0	VHL	884.25
0	VIM	5958.5
0	VIPAS39	454.75
0	VIPR1	182.25
0	VMO1	0.25
0	VNN3	28.25
0	VPS13A	1386.75
0	VPS13D	3430.5
0	VPS26A	507.25
0	VPS33A	1733.75
0	VPS37B	917.75
0	VPS41	1815.25
0	VPS4B	2845.25
0	VPS53	5050.5
0	VSIG2	7.25
0	VSIG4	4.0
0	VSNL1	59.0
0	VTI1A	1491.75
0	VTN	24.0
0	VWA3B	19.5
0	VWA5B1	152.5
0	WAPL	2761.0
0	WAS	2002.75
0	WASL	340.75
0	WBP1	957.5
0	WBP2	1728.75
0	WBP4	531.25
0	WDHD1	1429.25
0	WDR1	3943.25
0	WDR13	1108.5
0	WDR17	451.0
0	WDR18	311.0
0	WDR19	905.25
0	WDR25	91.75
0	WDR26	4634.25
0	WDR33	1900.0
0	WDR38	12.5
0	WDR44	784.75
0	WDR45B	605.75
0	WDR46	1653.25
0	WDR53	216.75
0	WDR60	1264.5
0	WDR61	519.75
0	WDR66	1122.5
0	WDR72	135.0
0	WDR75	1690.5
0	WDR82	5382.0
0	WDR92	457.5
0	WEE2	4.0
0	WFDC3	4.75
0	WFDC8	78.25
0	WIPI2	778.25
0	WIZ	629.75
0	WNT1	12.5
0	WNT10A	38.25
0	WNT5B	1.0
0	WNT7A	235.75
0	WNT8B	13.25
0	WSB1	3352.0
0	WSB2	2317.25
0	WSCD1	3.75
0	WT1	21.0
0	WWC2	196.0
0	WWP1	880.5
0	WWTR1	152.75
0	XBP1	656.75
0	XCL1	268.25
0	XIRP1	315.75
0	XKR6	51.25
0	XPNPEP2	7.75
0	XPO6	6836.25
0	XPOT	9866.5
0	XRN2	1835.0
0	XXYLT1	212.75
0	XYLB	898.0
0	YBX1	57087.0
0	YEATS4	306.75
0	YES1	823.0
0	YIF1A	345.0
0	YIPF3	1003.75
0	YIPF4	3497.5
0	YIPF7	1.25
0	YJEFN3	250.0
0	YLPM1	4570.25
0	YME1L1	4868.75
0	YOD1	300.0
0	YPEL2	782.0
0	YPEL4	8.25
0	YTHDC1	14022.25
0	YTHDF1	1361.75
0	YWHAE	10855.0
0	YWHAG	5546.0
0	YWHAZ	10769.25
0	ZACN	413.75
0	ZAP70	3819.25
0	ZBED4	742.25
0	ZBED6CL	148.75
0	ZBED8	3.25
0	ZBP1	528.0
0	ZBTB16	193.25
0	ZBTB2	541.0
0	ZBTB24	1053.25
0	ZBTB26	175.75
0	ZBTB3	461.0
0	ZBTB33	1681.25
0	ZBTB34	230.25
0	ZBTB37	2528.5
0	ZBTB41	279.5
0	ZBTB42	47.0
0	ZBTB49	309.0
0	ZBTB6	537.75
0	ZBTB7B	1764.25
0	ZBTB9	75.25
0	ZC3H10	395.5
0	ZC3H12D	4225.5
0	ZC3H13	5074.25
0	ZC3H14	2028.25
0	ZC3H15	1792.75
0	ZC3H4	1443.75
0	ZC3HC1	241.5
0	ZC4H2	598.0
0	ZCCHC8	1844.75
0	ZCCHC9	1376.25
0	ZDHHC2	833.25
0	ZDHHC22	12.75
0	ZDHHC23	180.0
0	ZDHHC6	983.75
0	ZDHHC9	1062.25
0	ZEB1	2858.75
0	ZER1	493.5
0	ZFAND1	334.0
0	ZFAND2A	283.0
0	ZFAND2B	505.25
0	ZFAND3	504.5
0	ZFAND4	659.75
0	ZFAND5	1122.75
0	ZFHX2	53.5
0	ZFP1	193.0
0	ZFP2	110.25
0	ZFP30	467.0
0	ZFP62	419.5
0	ZFP69B	218.75
0	ZFP90	1596.25
0	ZFP92	134.0
0	ZFX	1589.5
0	ZFYVE19	242.25
0	ZG16	59.25
0	ZHX1-C8orf76	77.5
0	ZIC5	1.25
0	ZKSCAN1	5987.0
0	ZKSCAN8	1365.25
0	ZMAT3	962.0
0	ZMPSTE24	728.25
0	ZMYM2	1686.5
0	ZMYM3	733.5
0	ZMYM4	1533.25
0	ZMYM5	1387.5
0	ZMYND11	1986.5
0	ZMYND15	4.25
0	ZNF100	757.25
0	ZNF107	1087.5
0	ZNF12	551.75
0	ZNF133	132.75
0	ZNF138	327.5
0	ZNF142	2151.0
0	ZNF148	1223.75
0	ZNF155	114.0
0	ZNF169	1002.0
0	ZNF175	716.75
0	ZNF18	214.75
0	ZNF182	189.0
0	ZNF197	172.5
0	ZNF20	62.75
0	ZNF205	9.25
0	ZNF207	10505.25
0	ZNF213	424.75
0	ZNF215	445.25
0	ZNF219	107.25
0	ZNF222	25.5
0	ZNF223	16.0
0	ZNF224	470.25
0	ZNF226	330.75
0	ZNF227	301.25
0	ZNF229	6.5
0	ZNF230	460.25
0	ZNF234	530.5
0	ZNF235	107.75
0	ZNF24	946.75
0	ZNF248	264.25
0	ZNF25	244.75
0	ZNF253	787.0
0	ZNF254	408.5
0	ZNF260	491.5
0	ZNF264	3954.5
0	ZNF273	1263.75
0	ZNF275	933.75
0	ZNF280D	787.75
0	ZNF281	541.75
0	ZNF284	227.5
0	ZNF292	4158.75
0	ZNF3	471.75
0	ZNF300	56.0
0	ZNF302	390.75
0	ZNF317	1072.25
0	ZNF318	671.0
0	ZNF319	490.25
0	ZNF326	1445.25
0	ZNF337	424.25
0	ZNF33A	761.5
0	ZNF343	336.5
0	ZNF345	642.5
0	ZNF350	225.0
0	ZNF354A	333.75
0	ZNF362	880.5
0	ZNF366	53.75
0	ZNF37A	2910.75
0	ZNF384	3309.75
0	ZNF385A	198.0
0	ZNF385C	277.5
0	ZNF395	1952.25
0	ZNF396	416.25
0	ZNF397	2282.25
0	ZNF398	1559.0
0	ZNF407	1896.75
0	ZNF410	929.0
0	ZNF414	514.0
0	ZNF426	1048.75
0	ZNF449	52.75
0	ZNF45	357.0
0	ZNF451	2260.75
0	ZNF461	223.0
0	ZNF462	169.25
0	ZNF491	33.5
0	ZNF501	56.75
0	ZNF502	39.75
0	ZNF511	426.0
0	ZNF527	604.75
0	ZNF532	550.25
0	ZNF546	406.0
0	ZNF547	25.25
0	ZNF548	1303.75
0	ZNF549	409.5
0	ZNF550	560.25
0	ZNF551	868.75
0	ZNF566	432.5
0	ZNF567	447.0
0	ZNF569	112.25
0	ZNF570	786.0
0	ZNF572	12.0
0	ZNF573	906.25
0	ZNF574	458.5
0	ZNF577	305.5
0	ZNF580	571.0
0	ZNF586	602.0
0	ZNF593	189.75
0	ZNF595	286.25
0	ZNF605	587.0
0	ZNF607	218.0
0	ZNF608	4.0
0	ZNF609	4011.0
0	ZNF613	122.25
0	ZNF615	391.25
0	ZNF616	307.0
0	ZNF619	321.0
0	ZNF621	1001.25
0	ZNF625	42.5
0	ZNF628	113.0
0	ZNF639	2188.0
0	ZNF649	502.75
0	ZNF652	1349.5
0	ZNF675	609.25
0	ZNF680	152.25
0	ZNF681	493.0
0	ZNF684	155.5
0	ZNF687	1057.5
0	ZNF69	211.75
0	ZNF691	164.0
0	ZNF692	660.75
0	ZNF700	544.0
0	ZNF703	8.0
0	ZNF705A	2.75
0	ZNF706	454.25
0	ZNF713	1526.25
0	ZNF716	450.5
0	ZNF720	364.75
0	ZNF726	658.25
0	ZNF746	1933.0
0	ZNF747	394.75
0	ZNF749	121.75
0	ZNF75D	225.5
0	ZNF763	18.5
0	ZNF770	618.25
0	ZNF772	295.0
0	ZNF774	441.25
0	ZNF775	149.75
0	ZNF776	433.5
0	ZNF777	378.0
0	ZNF782	236.25
0	ZNF784	110.0
0	ZNF79	182.25
0	ZNF792	218.0
0	ZNF793	2931.75
0	ZNF800	2550.25
0	ZNF81	447.25
0	ZNF827	1562.25
0	ZNF836	121.5
0	ZNF84	655.25
0	ZNF841	673.25
0	ZNF879	125.0
0	ZNF92	653.5
0	ZNRD1	472.0
0	ZNRF1	393.25
0	ZNRF2	142.5
0	ZP2	9.25
0	ZP3	149.75
0	ZPBP2	8.0
0	ZSCAN2	326.5
0	ZSCAN20	114.75
0	ZSCAN25	998.0
0	ZSCAN30	558.25
0	ZSCAN5A	218.5
0	ZSCAN9	75.25
0	ZSWIM6	680.0
0	ZSWIM8	1274.75
0	ZW10	265.25
0	ZWINT	187.0
0	ZXDA	191.25
0	ZXDB	671.75
0	ZYG11B	1918.5
1	AARSD1	568.25
1	ABCD3	1020.25
1	ABHD10	1060.75
1	ABLIM1	6742.75
1	ACSL6	941.0
1	ACTR6	287.5
1	ADAR	13712.5
1	ADCY7	2006.25
1	ADNP2	1887.5
1	ADRM1	1947.5
1	AHCYL1	2690.5
1	AKAP1	1117.75
1	AKIRIN2	640.0
1	ALDOA	3029.5
1	ALG6	257.25
1	ANKFY1	2183.25
1	ANKH	5278.0
1	ANKRD49	360.5
1	ANKRD61	82.25
1	ANXA11	2283.75
1	AP1AR	875.25
1	APOBEC4	8.5
1	APOL2	1692.75
1	ARAP1	1538.75
1	ARHGAP21	1468.25
1	ARHGAP9	2610.5
1	ARHGEF1	8851.0
1	ARID1A	12452.0
1	ARL13B	204.0
1	ARMC5	570.0
1	ARPP19	3337.75
1	ASB13	104.25
1	ATG9A	1521.0
1	ATM	11059.5
1	ATP11B	3542.0
1	ATP13A1	1603.25
1	ATP2B1	1391.0
1	ATP6V0A1	1405.25
1	ATP6V1A	6476.25
1	ATP8B2	4447.5
1	AXDND1	4.0
1	B3GLCT	64.0
1	BAG3	530.25
1	BCL2	10518.5
1	BCL7B	1138.5
1	BEST4	10.0
1	BLMH	779.5
1	BOLA1	44.5
1	BOLA3	709.75
1	BPNT1	1460.25
1	BRIP1	445.0
1	BSDC1	1550.5
1	BUD13	554.25
1	C10orf88	311.75
1	C12orf4	764.75
1	C12orf57	475.5
1	C12orf73	334.0
1	C17orf75	964.75
1	C1orf159	185.25
1	C1QTNF6	438.0
1	C22orf39	1687.5
1	C5	84.75
1	C6orf136	248.75
1	CA5B	2275.0
1	CARD16	85.75
1	CARNS1	264.25
1	CASP4	860.0
1	CASP8	2632.75
1	CBLB	2504.5
1	CCDC141	821.25
1	CCDC153	52.0
1	CCDC174	627.5
1	CCNC	1995.75
1	CCNE1	143.0
1	CCNG2	417.0
1	CD164	5467.25
1	CD247	2047.75
1	CDC23	814.0
1	CDHR3	330.5
1	CDKL4	2.0
1	CDKN1B	10649.0
1	CDKN2AIP	584.5
1	CDV3	8073.0
1	CEBPG	1099.25
1	CEMP1	19.0
1	CEP162	86.5
1	CEP170	1289.5
1	CEP192	1089.25
1	CFI	432.25
1	CGGBP1	1169.25
1	CHMP4A	896.5
1	CLASP2	2176.5
1	CLIC1	2328.25
1	CLK1	1997.25
1	CLN5	2352.5
1	CLOCK	1085.75
1	CMTR2	282.5
1	CNDP2	2569.0
1	CNNM3	628.25
1	CNPPD1	986.5
1	COLGALT2	74.75
1	COPE	1565.25
1	COPS5	1286.25
1	COX18	970.5
1	COX7A2L	371.0
1	CRTC3	4595.5
1	CRY2	518.75
1	CTBS	594.75
1	CTDSP2	4665.75
1	CTRL	86.0
1	CUL3	1397.25
1	CXorf65	278.5
1	CXXC1	853.0
1	DAD1	1275.0
1	DAG1	897.0
1	DAP	681.0
1	DAXX	1957.25
1	DAZAP2	2872.0
1	DCAF8	1684.25
1	DCDC2B	100.0
1	DCLRE1C	579.25
1	DCP2	968.0
1	DCPS	351.75
1	DCUN1D4	1153.5
1	DDB2	1011.0
1	DDX3Y	2233.25
1	DDX47	1801.25
1	DDX56	1706.0
1	DENND4B	5122.75
1	DERA	104.75
1	DESI2	1351.75
1	DGCR2	451.5
1	DHH	28.0
1	DHRS1	522.0
1	DHRS7	770.75
1	DHTKD1	570.75
1	DHX16	1388.25
1	DIS3L	1116.25
1	DLG2	34.5
1	DLGAP5	64.0
1	DNAAF3	6.0
1	DNAH6	42.75
1	DNAJB4	135.0
1	DNAJC18	481.25
1	DNAJC7	4776.5
1	DPH1	2045.5
1	ECH1	2171.25
1	EDRF1	835.75
1	EFCAB5	87.75
1	EHD1	1325.5
1	EID2B	92.25
1	EIF4A1	5939.0
1	EIF4EBP3	22.25
1	EIF5A	12733.25
1	EIF5B	18548.0
1	ELF1	3459.5
1	ELF2	2305.5
1	EMB	3511.5
1	EMC4	2506.25
1	EML6	202.5
1	EPM2AIP1	604.25
1	EPSTI1	1069.25
1	ERBIN	1729.5
1	ERRFI1	135.75
1	ESYT1	6408.75
1	EXOSC3	1300.25
1	EXOSC8	954.75
1	EXPH5	808.25
1	FAM102B	723.5
1	FAM156A	269.75
1	FAM180B	203.0
1	FAM53C	1779.25
1	FANCC	812.0
1	FBLN7	838.75
1	FBXL19	310.0
1	FBXL22	74.25
1	FBXO15	363.5
1	FBXO31	1000.5
1	FBXO4	117.75
1	FBXO5	383.0
1	FGD3	1522.0
1	FGFBP3	60.25
1	FKBP14	671.75
1	FKBP4	10760.0
1	FLAD1	722.5
1	FLOT1	1630.25
1	FNIP1	1520.5
1	FOXJ2	2013.5
1	FOXM1	200.5
1	FOXN3	7711.75
1	FRYL	4956.25
1	FSD2	167.0
1	FUCA1	125.0
1	FUT10	250.5
1	FUT8	1794.75
1	FYTTD1	1436.25
1	GAB2	296.75
1	GABARAPL2	566.0
1	GALK2	601.0
1	GAR1	1651.25
1	GBA2	755.25
1	GBP1	2384.75
1	GBP2	7451.0
1	GCLM	1457.5
1	GGCT	249.75
1	GLYR1	2037.0
1	GMPR2	1303.0
1	GMPS	2914.75
1	GNB5	1175.0
1	GNPDA2	502.0
1	GPA33	435.5
1	GPANK1	220.25
1	GPD2	602.25
1	GPR19	39.0
1	GPSM2	719.25
1	GPX7	198.75
1	GRAP2	3120.25
1	GRB2	3823.75
1	GRPEL1	1219.5
1	GRSF1	1585.75
1	GSTA4	37.5
1	GSTCD	523.25
1	GSTM2	1101.0
1	GSTM3	531.5
1	GSTM4	204.5
1	GTF2E1	379.5
1	GUK1	1044.5
1	HDGF	1734.25
1	HECTD1	3084.0
1	HEG1	543.5
1	HERC1	7983.75
1	HERC4	3767.0
1	HERPUD2	3365.0
1	HFE	521.25
1	HINT3	559.5
1	HMGB1	3061.25
1	HMGB2	1027.25
1	HMGCL	493.75
1	HMGN3	71.0
1	HNRNPF	7765.5
1	HOMER2	232.25
1	HPS3	611.75
1	HSD17B14	11.5
1	HSPA4	4190.5
1	IBA57	1215.25
1	IFRD1	867.5
1	IFT52	127.0
1	IGF2R	2390.5
1	IGSF6	317.5
1	IKZF3	16682.0
1	IL10RB	579.5
1	IL20RB	72.5
1	IL2RG	12054.5
1	IL7R	9067.5
1	ING1	389.0
1	INO80D	2564.5
1	INTS12	238.25
1	IPCEF1	1450.25
1	IQGAP1	8474.0
1	IRF1	6132.0
1	IST1	2320.5
1	ITFG2	1984.25
1	ITGB1	2912.0
1	ITM2B	2571.5
1	ITPR2	3720.0
1	ITPRIP	481.5
1	JADE2	1986.5
1	JOSD1	2062.5
1	KAT5	541.75
1	KATNBL1	808.5
1	KCTD21	368.0
1	KDSR	916.5
1	KIAA1324L	104.75
1	KIF14	97.25
1	KIFAP3	276.5
1	KLF7	2662.75
1	KLHDC9	15.0
1	KLHL12	407.25
1	KLHL32	36.0
1	KLRG1	686.0
1	KRT10	42.75
1	KXD1	2011.75
1	LAP3	1522.5
1	LARP7	414.5
1	LGALS3BP	350.5
1	LITAF	3350.75
1	LIX1	55.0
1	LMTK3	58.5
1	LPXN	1354.0
1	LRRC23	23.0
1	LRRC28	401.25
1	LRRD1	359.25
1	LRRN3	1536.5
1	LY6G5B	952.75
1	LYPLA2	1054.0
1	MADD	4332.5
1	MAGOHB	165.75
1	MANBAL	178.5
1	MAP2K6	183.5
1	MAP3K7CL	53.5
1	MAP3K8	214.75
1	MAP4K4	5347.0
1	MAP9	135.25
1	MAPKAPK3	2110.25
1	MBD2	2246.75
1	MCM3	1838.75
1	MDM1	256.75
1	MDP1	74.5
1	ME2	7718.75
1	MEAF6	1027.75
1	MED12	3273.0
1	MED23	2209.0
1	MED28	1351.0
1	MED4	911.0
1	METTL16	1425.0
1	MFN1	451.75
1	MFSD11	374.5
1	MFSD6	1858.5
1	MIEN1	318.25
1	MLLT3	3435.75
1	MLLT6	12935.25
1	MMAA	661.0
1	MMADHC	1135.5
1	MOB3A	3790.25
1	MOB3C	223.25
1	MOB4	421.25
1	MOK	350.5
1	MON2	1018.75
1	MRO	127.5
1	MROH8	33.75
1	MRPL16	320.0
1	MRPL24	656.75
1	MRPL42	2106.25
1	MRPL44	890.25
1	MRPL55	214.75
1	MTA3	648.5
1	MTCH1	1286.75
1	MTF2	787.25
1	MTHFS	66.25
1	MTIF2	1260.75
1	MTIF3	145.5
1	MTMR12	1341.5
1	MTPAP	1653.0
1	MTRNR2L4	5066.0
1	MTURN	411.5
1	MUCL1	0.5
1	MVP	1435.25
1	MX1	1497.75
1	MX2	1129.5
1	MYBL1	393.0
1	MYCBP2	15290.25
1	MYO1A	14.75
1	MYOF	1646.5
1	NAA15	3482.75
1	NAA60	2509.75
1	NAP1L1	10801.0
1	NARF	1335.25
1	NBAS	1202.25
1	NBL1	130.25
1	NCK1	347.75
1	NDUFAF4	251.5
1	NDUFB4	599.0
1	NDUFB6	618.5
1	NEDD9	1307.75
1	NELL2	4895.5
1	NEO1	665.75
1	NEURL4	517.0
1	NEUROD2	39.0
1	NFATC2	8074.5
1	NFKB1	6663.75
1	NFRKB	962.0
1	NFX1	1753.0
1	NFYB	465.25
1	NICN1	473.5
1	NIFK	1589.75
1	NKAPL	6.0
1	NOSIP	618.0
1	NPL	106.0
1	NR2C2	2493.75
1	NRDC	5267.75
1	NUP205	1613.5
1	NUP35	540.25
1	NUP98	6298.0
1	NUTM1	12.5
1	OGDH	1347.5
1	OGFR	392.0
1	OGT	24942.0
1	OR2V2	157.75
1	OR4D1	98.25
1	ORMDL2	501.0
1	OSBP	817.25
1	OSBPL11	395.0
1	OTUD7B	1803.25
1	OTULIN	3152.5
1	PAIP2B	162.25
1	PARP11	517.75
1	PAX5	56.5
1	PCCA	1801.75
1	PCNP	2430.25
1	PDE12	3872.5
1	PDE7A	4088.0
1	PGS1	1595.25
1	PHC1	3029.0
1	PHF13	71.5
1	PHF20	1274.25
1	PHF8	2833.5
1	PIGA	1124.25
1	PIGV	103.25
1	PIK3R4	379.25
1	PISD	1029.25
1	PLAGL1	567.25
1	PLB1	13.0
1	PLCL1	281.5
1	PLCXD2	852.5
1	PLEKHA8	341.0
1	PLEKHF1	99.25
1	PMVK	439.5
1	PNRC1	4701.0
1	POGZ	7487.75
1	POLD1	604.25
1	POLR3A	2274.0
1	PPIA	13482.75
1	PPIL1	583.75
1	PPIL4	684.75
1	PPM1A	1360.75
1	PPP1R15B	2711.75
1	PPP3R1	852.75
1	PRCP	809.5
1	PRDM1	13954.25
1	PRDX2	626.5
1	PRKAG1	948.75
1	PRKCA	7724.5
1	PRKCI	1419.75
1	PRMT1	1890.5
1	PROS1	70.75
1	PROZ	1.0
1	PRRC2C	16379.25
1	PSEN1	1652.25
1	PSMA3	2228.0
1	PSMA4	1570.75
1	PSMB11	5.25
1	PSMB9	1111.25
1	PSMD3	2677.75
1	PTGER4	1722.75
1	PTP4A1	4330.25
1	PTPN2	2657.5
1	PTPRU	4.25
1	RAB13	215.75
1	RACGAP1	405.5
1	RACK1	9912.0
1	RAD1	927.5
1	RAD18	680.25
1	RAD23A	2439.0
1	RALA	362.75
1	RBBP6	5096.75
1	RBBP9	536.75
1	RBL1	3238.5
1	RBM4B	881.5
1	RBPJ	4806.75
1	RBSN	871.5
1	RCN3	12.25
1	RDX	1538.25
1	REST	3126.5
1	REXO2	432.0
1	RFTN1	4654.5
1	RGS1	897.75
1	RGS2	327.5
1	RHBDD1	666.75
1	RHBDD2	1401.5
1	RIBC1	37.75
1	RMND1	594.75
1	RNF138	1362.25
1	RNF187	1004.0
1	RNF214	820.0
1	RPF1	1786.0
1	RPIA	542.25
1	RPL11	9060.25
1	RPL14	6801.0
1	RPL23	10614.5
1	RPL26L1	345.0
1	RPL30	8526.25
1	RPL37A	6560.0
1	RPL5	15304.5
1	RPS13	13908.0
1	RPS24	5260.75
1	RPS26	4579.0
1	RPS4Y1	948.75
1	RRH	5.5
1	RRM1	2726.25
1	RRM2	748.25
1	RSPH3	602.0
1	RWDD1	1206.75
1	S1PR1	3297.0
1	SAMD9	290.75
1	SAMSN1	2374.0
1	SAP30	39.5
1	SC5D	438.0
1	SCAF1	374.5
1	SCAF11	3835.25
1	SEC22C	951.0
1	SEH1L	7571.0
1	SEL1L	4642.25
1	SEL1L3	651.5
1	SEMA4B	289.0
1	SEMA4C	631.75
1	SENP8	542.25
1	SET	5027.25
1	SF3A1	16333.25
1	SGO1	429.0
1	SH3BGRL3	18624.75
1	SIPA1	497.75
1	SIRT7	398.0
1	SLC11A2	1904.75
1	SLC16A7	2139.75
1	SLC23A3	83.5
1	SLC25A19	1191.25
1	SLC25A39	3035.75
1	SLC25A44	3661.75
1	SLC27A3	46.75
1	SLC36A4	761.75
1	SLC43A3	8260.75
1	SLC7A8	264.0
1	SLCO4A1	234.0
1	SMAD2	9499.5
1	SMARCAL1	831.5
1	SMARCD1	2298.5
1	SMC3	1357.5
1	SMG6	1210.75
1	SMIM3	99.0
1	SMIM8	351.25
1	SMU1	2827.5
1	SNX14	239.25
1	SNX16	68.5
1	SOCS2	384.75
1	SOX12	134.5
1	SP140L	2583.5
1	SPATA24	13.75
1	SPHK2	561.0
1	SPPL2A	2890.25
1	SREK1	2947.0
1	SRGN	2022.25
1	SRSF1	2599.0
1	SSX2IP	125.5
1	STARD3	512.25
1	STARD9	904.0
1	STAT1	5044.25
1	STAT5A	3114.0
1	STIM2	3292.5
1	STK38L	378.5
1	STPG1	429.75
1	STRAP	1818.0
1	STRBP	1619.25
1	STX19	3.5
1	STX4	1429.0
1	STXBP3	1084.75
1	STYK1	19.25
1	SUCO	543.25
1	SUMF2	1526.0
1	SUN2	2746.5
1	SUV39H2	508.0
1	SV2A	189.75
1	SYNE1	3182.0
1	SYVN1	1751.25
1	TACC3	2525.0
1	TACO1	753.25
1	TAF1D	7146.25
1	TBC1D14	1465.5
1	TBC1D15	1103.25
1	TBC1D19	171.0
1	TCEANC2	2713.25
1	TCTN3	628.25
1	TESK2	146.5
1	TESPA1	3717.5
1	TET3	4906.5
1	TEX264	323.75
1	TEX30	71.0
1	TEX38	88.0
1	THAP2	264.0
1	TIAM1	2373.0
1	TIGIT	745.5
1	TIMM21	624.75
1	TM7SF3	768.5
1	TM9SF1	329.75
1	TMCO2	19.25
1	TMCO6	520.0
1	TMED7	1237.75
1	TMEM117	42.75
1	TMEM120A	188.25
1	TMEM126A	363.0
1	TMEM126B	732.0
1	TMEM139	23.5
1	TMEM243	559.75
1	TMEM59	770.75
1	TMEM9	203.25
1	TMEM99	2.0
1	TMPO	3683.75
1	TNFAIP8	1767.75
1	TNFRSF10D	209.0
1	TNFRSF1A	1810.0
1	TNIP1	4595.25
1	TNNT1	12.75
1	TNPO2	6955.5
1	TNRC6B	5642.5
1	TNRC6C	5537.75
1	TOM1	889.25
1	TPM3	24717.0
1	TPM4	19427.75
1	TPP2	3841.25
1	TPT1	120070.25
1	TRAF5	2998.75
1	TRANK1	2279.75
1	TRMO	945.25
1	TRPM7	1476.25
1	TSC22D1	430.5
1	TSEN15	1697.75
1	TSHZ1	666.75
1	TSPAN1	6.5
1	TSPAN14	3496.5
1	TSPAN31	620.5
1	TTBK2	608.5
1	TTC26	535.25
1	TUBA1A	1024.75
1	TUBA1B	40001.5
1	TXLNB	26.25
1	TXNDC9	285.0
1	TXNL1	2473.0
1	TXNL4B	1166.5
1	UBA52	5957.25
1	UBA6	2190.25
1	UBAP2L	9235.5
1	UBE2E3	445.25
1	UBN2	1418.25
1	UBR7	625.0
1	UBXN4	1146.0
1	UFM1	1231.5
1	ULK4	331.0
1	UPP1	1195.75
1	UROS	384.5
1	USP1	476.75
1	USP11	822.75
1	USP25	1533.75
1	USP3	3232.0
1	USP47	1547.5
1	VAMP1	1057.0
1	VMP1	4013.75
1	VOPP1	1747.25
1	VPS25	492.25
1	VPS45	552.75
1	VPS50	870.5
1	VTA1	1230.25
1	WDR27	522.75
1	WDR36	2118.0
1	WDR48	729.5
1	WDR74	790.0
1	WDR89	607.25
1	WDYHV1	277.5
1	WHAMM	1777.25
1	WRAP53	195.0
1	WTAP	2198.0
1	XPO7	4884.5
1	ZBTB39	1111.25
1	ZBTB45	385.0
1	ZC3HAV1	6079.5
1	ZCCHC7	1147.25
1	ZDHHC5	1223.5
1	ZFP36L1	11265.0
1	ZFPL1	197.75
1	ZHX2	1610.0
1	ZHX3	1247.0
1	ZKSCAN3	766.75
1	ZMAT2	982.5
1	ZMIZ2	2885.75
1	ZNF121	3759.5
1	ZNF19	275.5
1	ZNF268	977.75
1	ZNF331	2506.25
1	ZNF33B	587.5
1	ZNF446	60.75
1	ZNF487	107.0
1	ZNF562	2974.0
1	ZNF585A	894.5
1	ZNF585B	812.5
1	ZNF599	238.75
1	ZNF614	452.25
1	ZNF624	273.5
1	ZNF638	2517.0
1	ZNF646	761.5
1	ZNF689	261.5
1	ZNF75A	566.0
1	ZNF789	820.0
1	ZNF846	185.5
1	ZNF93	325.5
1	ZPLD1	8.25
1	ZRANB2	1441.0
1	ZRANB3	301.5
1	ZRSR2	408.0
1	ZSCAN23	11.0
1	ZSCAN32	417.5
2	ABHD2	2812.25
2	ACSL5	1340.0
2	ACTR8	518.25
2	ADI1	1219.0
2	AHI1	599.5
2	AKAP17A	606.0
2	AKAP5	789.25
2	AKT3	1921.25
2	ALAD	790.25
2	ALG11	1456.5
2	ALG8	1014.75
2	ANAPC10	93.25
2	AP1S2	313.25
2	APTX	934.5
2	ARGLU1	3322.5
2	ARHGAP31	607.5
2	ARID4A	919.5
2	ARID5B	7021.0
2	ARL2	630.5
2	ARMCX6	284.0
2	ASAH1	1025.5
2	ASTL	13.75
2	ATAT1	400.0
2	ATG14	623.5
2	ATXN7	13587.5
2	ATXN7L3	1304.5
2	AZIN1	1140.25
2	B2M	6762.5
2	B4GALT4	761.75
2	BAG6	4628.5
2	BAZ2A	6223.5
2	BCAS2	1088.25
2	BCAS3	588.5
2	BORCS6	20.25
2	BRPF3	1477.25
2	BTN2A2	477.25
2	BUB3	2701.25
2	C14orf28	8.25
2	C19orf57	53.5
2	C1GALT1C1	90.75
2	C1orf194	3.5
2	C3orf18	257.75
2	C5orf34	36.0
2	C6orf226	13.75
2	C6orf89	1327.5
2	C7orf25	86.0
2	CALD1	80.25
2	CASP1	317.0
2	CASP10	1189.5
2	CBR3	66.0
2	CBR4	476.0
2	CCDC114	148.25
2	CCDC155	11.75
2	CCNB1IP1	588.25
2	CD101	116.25
2	CD2	6794.25
2	CD3E	10232.25
2	CD48	2008.75
2	CELF1	4989.75
2	CEP57L1	238.5
2	CETN3	97.25
2	CFAP36	766.75
2	CFL1	2566.25
2	CHAC2	291.75
2	CKAP2	316.5
2	CLIP4	1854.25
2	CLPX	1959.0
2	CNOT1	5543.5
2	CNTROB	526.5
2	COMMD6	86.75
2	CROT	120.25
2	CSNK1G3	940.5
2	CTR9	2049.5
2	CUL2	986.75
2	CYP2R1	261.25
2	DDX18	6613.75
2	DDX39A	2540.75
2	DEDD	902.0
2	DEF6	1944.75
2	DEGS1	2239.0
2	DIP2A	2843.75
2	DNAH7	162.25
2	DNAJB13	95.25
2	DNAJC15	749.75
2	DNAJC28	54.75
2	DPM1	169.0
2	DPP9	1581.5
2	DUSP2	1454.5
2	DYRK1A	6252.5
2	DZIP3	305.75
2	ECHDC1	1326.75
2	EED	2945.5
2	EEF1A1	112645.25
2	EEF1E1	424.0
2	EIF1AY	583.75
2	EML2	1054.75
2	ERAL1	496.75
2	ERCC1	713.0
2	ERP27	651.25
2	EXOC7	1959.5
2	F5	6849.0
2	FAM13B	1112.0
2	FAM162A	274.5
2	FAM167B	0.75
2	FAM221B	140.75
2	FAXDC2	444.5
2	FBXL5	562.5
2	FBXO9	994.5
2	FCGRT	202.5
2	FLI1	2458.75
2	FNDC3A	2348.5
2	FOXN2	1481.5
2	FOXO4	292.5
2	GAPVD1	3572.0
2	GATAD2A	14195.5
2	GATAD2B	14871.0
2	GATB	274.5
2	GBP5	6802.75
2	GCLC	1525.75
2	GEMIN2	325.75
2	GIMAP4	3454.25
2	GMNN	213.5
2	GNPDA1	781.5
2	GOLGA4	2841.0
2	GUF1	2241.5
2	HAX1	1526.5
2	HDDC2	781.5
2	HEXA	1077.25
2	HINFP	1713.75
2	HNRNPK	20953.25
2	HNRNPU	46714.25
2	HNRNPUL1	12808.25
2	ID3	72.5
2	IFIT2	82.75
2	IFITM1	1011.75
2	IGIP	176.0
2	IL10	3311.25
2	INTS2	1402.0
2	IQGAP3	2.25
2	IRF2BPL	231.0
2	IRF3	1797.0
2	IRGQ	2301.0
2	KANSL1	9039.5
2	KCNA2	104.75
2	KCNJ1	53.75
2	KDM7A	2446.5
2	KRR1	840.0
2	KRTAP16-1	26.75
2	LCMT1	381.5
2	LEO1	2863.5
2	LIN54	1722.5
2	LNPEP	4684.5
2	LPAR6	619.5
2	LTB4R	731.0
2	LTB4R2	164.25
2	LTN1	858.25
2	MAML2	3282.0
2	MAPK6	1864.5
2	MAT2B	1336.0
2	MCTS1	123.5
2	MDM4	12145.75
2	MGAT4A	1193.0
2	MLH1	1029.75
2	MLLT10	2032.75
2	MMEL1	95.0
2	MOCS3	696.25
2	MOV10	1061.75
2	MPP7	561.25
2	MRGBP	281.0
2	MRPL17	1086.0
2	MRPL22	216.25
2	MSL2	2816.75
2	MTUS1	44.5
2	MYBPC2	1.0
2	N4BP2L1	489.25
2	N4BP2L2	2328.5
2	NAA50	3389.75
2	NDUFC1	81.5
2	NDUFV2	1256.5
2	NGRN	1659.75
2	NME1	1084.0
2	NMI	408.0
2	NOCT	1318.5
2	NOD2	262.75
2	NOLC1	25635.25
2	NR4A3	608.5
2	NR6A1	251.0
2	NRAS	2511.75
2	NSUN6	391.0
2	NVL	1099.75
2	ODF2L	1970.25
2	ORMDL3	829.75
2	OXT	1.5
2	PAIP1	165.75
2	PAN3	2699.75
2	PCBP2	12616.25
2	PCCB	869.0
2	PCNX4	1553.0
2	PDCD7	1245.5
2	PDLIM2	779.25
2	PDP1	1169.0
2	PER1	2047.25
2	PEX11B	481.5
2	PEX19	502.75
2	PFAS	1931.0
2	PFKM	787.75
2	PI4KB	1277.75
2	PIK3CA	1249.25
2	PIK3CG	523.25
2	PIM2	5169.25
2	PITHD1	756.5
2	PKN2	923.5
2	PLAC8	1389.75
2	PLXDC1	482.0
2	PMPCB	1135.25
2	PNPLA8	373.5
2	PODNL1	59.75
2	POLD2	1649.5
2	POLR2K	477.25
2	POLR3E	1939.5
2	PPP1CA	1508.5
2	PPP1R21	553.0
2	PPP6R1	5580.0
2	PRCC	881.0
2	PRKACB	1131.0
2	PSMB5	914.5
2	PSMD6	3579.75
2	PSTK	357.5
2	PXN	3727.75
2	PYGM	335.0
2	RAB11FIP4	1935.0
2	RAB14	955.75
2	RAB17	6.0
2	RAB4A	263.5
2	RAB7A	14799.5
2	RANGRF	179.75
2	RBL2	6179.75
2	RGS3	594.75
2	RHOC	86.5
2	RHOG	4061.75
2	RIMKLB	202.0
2	RIPK1	2545.0
2	RLF	686.0
2	RPA3	80.5
2	RPL17-C18orf32	116.0
2	RPL22L1	150.75
2	RPS11	16230.0
2	RRP36	236.25
2	RTN4	943.5
2	RUNX3	5459.5
2	SATB1	12114.0
2	SBK1	828.25
2	SDHC	1194.25
2	SEC23B	997.25
2	SELL	4288.25
2	SEPHS1	1114.0
2	SERP1	2997.25
2	SERPINB1	438.75
2	SESN1	282.0
2	SESN3	4049.75
2	SETD5	11738.25
2	SF3B1	14414.0
2	SKIL	1969.25
2	SLAMF1	1332.75
2	SLC39A10	2665.0
2	SLFN13	811.0
2	SLU7	719.25
2	SMARCB1	1909.25
2	SMARCE1	3270.0
2	SMCHD1	4188.25
2	SNAP23	2349.75
2	SNAPIN	96.0
2	SNRK	2776.25
2	SORL1	8774.0
2	SP1	5667.25
2	SP110	6528.25
2	SP140	1776.5
2	SPAG8	21.75
2	SPATA5L1	227.0
2	SPINK4	8.75
2	SPTLC1	1168.0
2	SPTY2D1	901.25
2	SRP68	2221.25
2	SRSF11	7825.25
2	ST6GAL1	5080.0
2	STK24	3181.25
2	STK4	12836.5
2	SYS1	846.75
2	SYTL2	1127.5
2	TAPBPL	799.25
2	TET2	2531.25
2	TGFBR2	4315.5
2	THOC7	195.75
2	TIMMDC1	365.5
2	TMEM179B	661.5
2	TMEM19	580.5
2	TMEM223	305.0
2	TMEM86A	86.75
2	TNKS1BP1	127.5
2	TNPO3	2102.5
2	TRA2B	3938.75
2	TRABD2A	3360.25
2	TRAPPC12	636.0
2	TRAPPC8	724.0
2	TRERF1	1660.75
2	TRIM23	864.0
2	TRIM39	497.25
2	TRIM41	1514.25
2	TRMT10C	747.75
2	TSG101	1745.25
2	TSN	1000.5
2	TSTD1	318.5
2	TTC1	1604.75
2	TTC23	141.25
2	TTC39C	4781.25
2	TTC9C	389.25
2	TTK	82.75
2	TUBGCP6	2326.5
2	TXNIP	11837.75
2	UBE2J1	829.75
2	UBTF	3714.75
2	UBXN1	1018.75
2	UBXN11	580.0
2	UCHL3	91.75
2	UEVLD	786.75
2	USP12	1314.0
2	USP48	3042.0
2	UTY	1242.5
2	VAPB	1732.25
2	VEZF1	2920.5
2	VPS11	1793.5
2	WDR37	881.75
2	WDR83	275.5
2	WDR91	825.75
2	WRAP73	293.0
2	YARS2	271.0
2	ZBTB11	1310.0
2	ZBTB18	459.25
2	ZBTB21	1229.25
2	ZBTB38	880.75
2	ZC3H12A	843.5
2	ZDHHC14	262.25
2	ZFAT	532.75
2	ZFC3H1	4006.25
2	ZNF200	901.75
2	ZNF217	1379.25
2	ZNF266	1060.5
2	ZNF391	412.5
2	ZNF432	603.25
2	ZNF436	104.0
2	ZNF518A	329.25
2	ZNF557	1139.75
2	ZNF561	454.75
2	ZNF575	76.75
2	ZNF668	169.75
2	ZNF688	94.0
2	ZNF718	293.0
2	ZNF91	2555.75
2	ZNFX1	2535.75
2	ZSWIM1	1872.75
3	ADAMTS6	33.0
3	AGBL3	94.0
3	AGFG2	3151.5
3	ANKRD13D	512.5
3	ANXA1	1605.5
3	AP1G1	4830.5
3	ARID1B	6652.0
3	ARL4C	4285.25
3	ARMCX3	933.0
3	ATP7A	895.5
3	ATXN7L1	2279.5
3	BACH1	583.25
3	BAZ1A	4214.5
3	BBIP1	1694.25
3	BZW1	4586.5
3	C19orf12	646.5
3	C3AR1	59.5
3	CCDC58	190.25
3	CCDC90B	2346.5
3	CD28	9913.5
3	CD3D	2946.25
3	CD3G	13559.5
3	CD52	1138.75
3	CD53	2783.75
3	CD79A	12.0
3	CDKL3	68.75
3	CEP85L	1908.5
3	CLPTM1L	3937.0
3	CNIH4	386.75
3	CNOT6L	7363.25
3	COX17	320.75
3	CSDE1	11024.0
3	CYP27B1	250.25
3	CYSLTR2	97.75
3	CYTH1	6014.25
3	DCK	508.25
3	DCTN4	1463.75
3	DCUN1D1	2290.25
3	DDAH2	29.75
3	DHX8	1304.5
3	DPP4	1362.5
3	DTD2	1155.0
3	EEF1G	24422.5
3	EEF2K	1276.25
3	EMP3	925.75
3	ETHE1	174.25
3	EVI2A	817.25
3	FAM118A	765.0
3	FAM78A	1670.5
3	FBXL15	163.75
3	FCMR	7757.0
3	FRS2	1308.75
3	GIMAP2	2873.0
3	GIMAP5	3636.75
3	GIMAP6	721.75
3	GIMAP7	1244.25
3	GIMAP8	458.5
3	GNGT2	56.0
3	GOLGA1	427.0
3	GTSF1L	7.25
3	HINT1	1475.25
3	HLA-DMA	179.25
3	HLA-E	9821.25
3	HMBS	194.75
3	HMGCR	1004.0
3	HOOK2	600.75
3	IFIT3	405.75
3	IL27RA	2039.75
3	INTS10	1294.0
3	ITK	8149.25
3	JUNB	11853.75
3	KDM8	156.0
3	LANCL2	705.25
3	LDHA	23208.25
3	LEFTY1	9.25
3	LEKR1	17.0
3	LIX1L	3649.0
3	LMBR1L	1226.25
3	LRBA	4059.5
3	LSG1	1081.75
3	MAP3K1	2146.0
3	MBD6	898.5
3	MBP	2289.5
3	MGAT1	1035.5
3	MND1	112.25
3	MSL3	2274.75
3	MYL12A	1767.25
3	NACA	8553.75
3	NCOA7	2196.5
3	NDE1	1329.25
3	NET1	881.75
3	NHEJ1	223.0
3	NOL8	2638.0
3	NR1D1	822.5
3	NUBPL	919.5
3	NXF1	4206.75
3	NXPE3	879.75
3	PCED1B	2724.0
3	PDCD4	3564.5
3	PHF12	3668.0
3	PHF3	2254.5
3	PIK3R1	4982.25
3	PINLYP	112.25
3	PJA2	1736.5
3	PKM	16657.5
3	PMM2	1437.5
3	PPOX	227.25
3	PRKRIP1	1094.75
3	PSMA5	4374.0
3	PSMB1	604.5
3	PSMD13	2750.5
3	PSMD14	2446.5
3	RAB28	308.5
3	RAD51AP1	194.75
3	RAD51B	175.25
3	RAPGEF6	2435.75
3	RBM39	6845.0
3	RFC4	446.75
3	RHOH	3807.75
3	RIOK2	433.0
3	RNF20	1326.5
3	RPL26	833.0
3	RPL27	5265.0
3	RPL37	11967.25
3	RPS3	27392.5
3	RPS3A	11080.75
3	SCML4	1846.75
3	SDCCAG8	1353.75
3	SDE2	2367.5
3	SECISBP2	2354.0
3	SECTM1	678.5
3	SELP	53.25
3	SEMA4D	16480.75
3	SERINC3	4061.5
3	SF3B4	1131.0
3	SF3B5	303.75
3	SH3RF3	58.75
3	SIDT1	1701.0
3	SLC12A6	4784.5
3	SLC2A11	648.5
3	SLFN12	164.25
3	SOD1	2272.25
3	SPICE1	260.5
3	SREK1IP1	526.25
3	SRSF3	8767.25
3	SSR3	1554.75
3	STARD5	187.0
3	STAT5B	4271.0
3	STX16	4382.5
3	SUFU	709.75
3	SUGT1	1078.0
3	TAGAP	2172.75
3	TAPT1	1059.75
3	TBP	2489.0
3	THRAP3	5674.75
3	TMEM39A	1018.25
3	TMEM63A	4258.25
3	TRAF3IP2	1157.5
3	TRDMT1	1059.75
3	TSFM	144.25
3	TUT1	470.75
3	TXNDC11	852.0
3	UBTD2	136.75
3	USP16	1201.0
3	USP34	4110.75
3	WNK1	19520.75
3	ZBTB43	565.0
3	ZC3H7A	1220.75
3	ZFAND6	413.5
3	ZFYVE28	289.25
3	ZMYND8	2258.25
3	ZNF157	328.75
3	ZNF181	127.75
3	ZNF821	42.0
3	ZNF831	394.0
3	ZSCAN31	23.75
4	ALOXE3	5.0
4	AMPD2	410.75
4	ANKRD44	7751.25
4	ARHGAP25	4519.25
4	ATP2B4	2634.25
4	B4GALT3	689.25
4	CAPZB	1338.75
4	CHD7	4382.5
4	CLASP1	3268.25
4	CLEC2B	514.5
4	CLP1	141.5
4	COQ10B	1269.75
4	COX20	1250.5
4	CRLF3	3889.25
4	CSGALNACT2	804.5
4	CUTA	459.0
4	CYLD	5835.0
4	DDX39B	11465.75
4	EIF2A	1444.25
4	ELMO1	5598.5
4	EML4	2960.75
4	FAM71B	3.0
4	FER	400.25
4	FGF11	52.75
4	GNG2	1444.5
4	GPR174	1212.0
4	HEXIM2	54.0
4	HIF1A	9895.75
4	HMGCS1	1623.0
4	HMGN4	225.75
4	HSPBP1	419.0
4	ICOS	8707.0
4	IFT57	327.5
4	ILF2	3438.5
4	ITPRIPL1	825.0
4	KDM2B	1205.75
4	KLRB1	365.0
4	KRAS	1088.0
4	LBR	3157.5
4	LRIF1	318.0
4	LRMP	671.25
4	LRRFIP2	989.5
4	LYSMD3	434.5
4	MAP3K9	540.75
4	MCM10	1628.25
4	MED15	4042.5
4	MED7	143.5
4	MFF	585.5
4	MYNN	322.75
4	NANS	670.0
4	NECAP1	1880.25
4	NFE2L2	2236.5
4	NNT	1433.75
4	OSGEP	1203.25
4	OSGEPL1	297.25
4	PCGF5	2388.5
4	PHF7	70.0
4	PHOSPHO1	41.25
4	PIH1D1	251.25
4	PPP1R7	806.5
4	PRRG2	3.0
4	PYCR2	1782.0
4	RAPH1	336.75
4	RARA	780.75
4	RPL23A	5800.25
4	RSU1	1582.0
4	RTKN2	613.25
4	RUFY3	262.0
4	SEC31A	5075.25
4	SIAH1	700.5
4	SLC2A3	3630.5
4	SLFN14	10.75
4	SMAD4	4206.25
4	SNTB1	1105.25
4	SPAG16	85.25
4	SSRP1	5098.75
4	STAT6	7684.75
4	STK17B	8933.0
4	TAF13	156.5
4	TARS2	1140.75
4	TBC1D2	85.75
4	TBCCD1	1266.5
4	TBK1	342.75
4	TCP1	8712.25
4	THADA	2493.75
4	TMUB2	2185.0
4	TNFAIP3	18618.5
4	TRAPPC6B	224.5
4	TRAPPC9	1114.5
4	TRAT1	3608.0
4	TRIM69	1710.0
4	UCP2	6880.5
4	UCP3	247.75
4	USF1	214.25
4	WDR5B	332.5
4	YTHDF2	1039.75
4	ZBTB14	1953.5
4	ZNF143	444.25
4	ZNF559-ZNF177	59.25
4	ZNF564	243.75
5	ACVR1C	243.5
5	ADAT1	570.75
5	AMIGO1	641.75
5	ARHGAP5	898.0
5	ATAD5	1171.5
5	BTAF1	4198.25
5	BTN3A1	2976.25
5	C11orf54	517.5
5	CACYBP	1830.0
5	CCDC7	228.0
5	CD84	2153.0
5	CHD2	11724.75
5	CLEC2D	6874.25
5	COPB1	2313.5
5	CTC1	1975.5
5	CYFIP2	18356.25
5	ETS1	28484.0
5	EZR	6588.75
5	FAM111A	1194.0
5	GPATCH4	6587.5
5	HES7	9.5
5	HIVEP2	5555.75
5	IKZF1	16666.5
5	LRRC8B	3359.75
5	LYRM7	3170.0
5	MEF2D	5105.75
5	MPZL2	546.25
5	MSANTD2	385.25
5	NFKBIZ	9886.25
5	NQO2	505.75
5	OTUD4	5014.25
5	PATL2	403.75
5	PCF11	5545.0
5	PIK3IP1	2718.75
5	PPP1CB	4802.75
5	PPRC1	3687.0
5	PSMA1	1313.5
5	RFFL	1573.25
5	RFX5	788.25
5	RNF145	961.5
5	RPL28	17644.5
5	RPP30	947.25
5	RPS29	2960.0
5	SEMA4A	560.75
5	SF1	9127.5
5	SPG11	2235.25
5	SYTL3	1447.0
5	TBC1D10C	854.25
5	THRA	1693.25
5	TMEM107	174.5
5	TOP2A	231.75
5	TOR2A	148.25
5	TRIM13	1003.0
5	TRIM14	3815.5
5	TSC22D2	1242.5
5	UROD	936.0
5	VCPKMT	163.75
5	WRNIP1	716.75
5	ZNF506	2692.75
6	AP2B1	3628.75
6	AP3M2	2043.25
6	ASB8	800.5
6	BTN3A2	1677.5
6	BTN3A3	1397.5
6	CCND2	42824.75
6	CD47	5966.75
6	CFD	26.25
6	CFLAR	13142.0
6	COQ2	326.75
6	CTLA4	1617.75
6	DERL1	4247.25
6	EFCAB2	452.75
6	ELAC2	1791.75
6	GLCCI1	1190.25
6	GNS	875.25
6	ILF3	13214.0
6	IRF2	1552.75
6	KAT6A	7691.0
6	KAT7	3177.5
6	LCLAT1	1837.75
6	M6PR	5677.75
6	MED16	473.0
6	MED24	904.5
6	METTL14	266.75
6	MIA3	1959.5
6	MYL12B	897.75
6	NPC1	2817.25
6	OXA1L	1297.0
6	PDZD9	218.75
6	PSMD5	936.25
6	PTAR1	1637.0
6	RBM23	2361.75
6	SH3GLB1	750.0
6	SLC33A1	159.5
6	SLC3A2	2811.25
6	SMC5	1525.25
6	SPATA32	88.5
6	SPEN	6561.75
6	SRP54	756.5
6	TBL1XR1	9895.75
6	TMEM140	858.5
6	TMEM88	198.25
6	TOMM40L	511.0
6	TTC24	4.5
6	UFC1	887.0
6	USP36	5529.0
6	WIPF1	13873.25
7	ABT1	295.5
7	APOA2	6.0
7	BORCS5	410.5
7	CCDC88C	3081.25
7	COMMD3	176.0
7	CREM	1017.5
7	CXCR5	1078.75
7	CYTIP	4884.25
7	EVL	4709.25
7	GMEB1	2026.0
7	GRK5	351.5
7	HS3ST3B1	605.5
7	ITGA4	3865.75
7	JAK1	7274.5
7	KIF2C	51.0
7	LPIN2	2071.75
7	LRRC8D	895.75
7	MANSC1	1195.75
7	MPZL3	1254.5
7	MRPS18B	573.25
7	PABPC1	43780.75
7	RPL21	8444.75
7	SEC23A	1217.5
7	SLAMF6	1991.5
7	SLC35B1	963.75
7	SLFN12L	1283.0
7	SLFN5	4502.25
7	YPEL5	2268.75
7	ZNF839	927.0
8	AGPAT5	1024.0
8	ANKRD42	374.0
8	ASCC1	567.5
8	ASXL1	3958.5
8	BPGM	179.5
8	BRD2	9207.5
8	CASP2	5591.75
8	CHD3	23592.5
8	COPS4	564.0
8	DPAGT1	885.5
8	GPR107	3580.5
8	HNRNPUL2	3843.25
8	KCTD20	2186.25
8	KLF13	1704.75
8	KRT1	25.25
8	MAN1C1	1451.0
8	POP4	641.5
8	PPP1R10	3933.5
8	PRDM2	3957.75
8	PRR34	55.25
8	RABAC1	420.75
8	RB1	570.25
8	RPS6KB2	1282.5
8	S100B	28.0
8	SGF29	1029.5
8	SLC35A2	337.5
8	SLC38A1	10500.75
8	TAF1A	407.0
8	TBCC	120.75
8	TC2N	2477.75
8	TIPARP	958.0
8	TMEM71	326.5
8	TTF2	1019.25
8	XPO1	6244.5
8	ZBTB20	3644.25
9	ARHGDIB	15178.25
9	ATF7IP	4225.25
9	CDC14A	3845.25
9	CLECL1	77.5
9	DYNLT1	1252.5
9	ENSA	3307.0
9	ERAP2	3543.25
9	GNL1	1136.25
9	INTS6	7115.5
9	MCL1	5294.75
9	MPZ	157.25
9	NEMF	1384.25
9	P2RY8	2176.75
9	SLC7A7	333.0
9	UBE4A	5188.25
9	ZNF2	121.0
10	ANXA2R	295.25
10	BIRC3	1957.25
10	BRSK1	20.25
10	CD5	9881.25
10	COA1	1913.25
10	EIF4G2	28704.0
10	EXTL2	48.25
10	FBXW2	4111.0
10	MCM6	3807.0
10	NCK2	3070.75
10	NSMCE1	1461.5
10	RAB30	544.75
10	RNPC3	2238.75
10	SNAPC1	421.25
10	TMED4	3558.25
10	TMSB4X	3545.25
10	VPS37C	292.0
11	BCL11B	5429.5
11	CCR7	5360.75
11	KMT2E	4852.75
12	AJUBA	81.0
12	CALM1	7368.5
12	IFIH1	549.75
12	MDC1	2179.75
12	MTRNR2L6	248154.5
12	MXD1	629.75
12	PCBP1	13489.75
12	TUBB	23160.5
13	BMI1	1017.75
13	RASSF3	2098.75
14	ANKRD12	2838.75
14	CD69	3695.0
14	CSGALNACT1	462.75
14	DDIAS	341.0
14	FXYD5	6079.25
14	RTCA	2636.5
14	TGIF1	536.0
14	UQCRC2	2983.25
15	AKTIP	785.75
15	PRMT5	1456.25
15	RABGAP1L	3402.0
15	RER1	1092.0
15	SPOP	2025.5
15	UBALD2	1698.5
15	UXS1	1249.5
16	BTG2	5507.25
16	TMBIM1	2050.0
16	YPEL3	543.75
17	NR4A2	1676.5
17	RNF157	3204.5
18	CNTRL	4767.25
18	MBOAT4	33.75
19	CXCR4	8612.75
19	FAM102A	12412.75
19	PHF19	1080.25
19	TMEM109	1185.0
20	CDC16	1427.75
20	MMACHC	779.25
20	NFATC1	2047.75
21	DDX6	10221.5
21	FYN	5506.75
22	CD6	4673.25
22	FAM32A	533.5
24	BTG1	2294.25
24	C8orf44-SGK3	6.0
26	TMEM123	4702.25
28	SARAF	7251.5
30	GPR18	551.25
31	UBAC2	747.75
33	DUSP16	5347.0
38	GPR183	4101.75
39	FAM107B	2848.75
42	ERMN	135.25
42	PPP2R5C	6367.25
42	ST3GAL5	1225.25
48	DPH5	500.0
48	PRELID3B	2255.25
66	FOXP1	21622.5
82	CD44	24542.5
