H3K4me3_count	Gene_Name	Mean_Gene_Expression
0	AAK1	6141.0
0	ABCA13	165.75
0	ABCA3	185.75
0	ABCD2	209.75
0	ABCF1	7776.0
0	ABHD4	281.25
0	ABRA	46.25
0	ACAA2	1402.25
0	ACAT1	582.75
0	ACMSD	9.75
0	ACOX2	1.75
0	ACSBG1	448.75
0	ACSS1	653.25
0	ACTL6A	1353.25
0	ACTR1B	2087.25
0	ADAM17	1820.5
0	ADAMTS17	399.5
0	ADAMTS8	3.75
0	ADAMTSL2	32.0
0	ADCY10	2.75
0	ADHFE1	156.0
0	ADIPOR2	544.0
0	ADTRP	442.0
0	AEN	944.75
0	AGBL5	388.25
0	AGFG1	5271.0
0	AHNAK	18251.25
0	AIFM1	1066.5
0	AIMP1	749.75
0	AK1	76.25
0	AKR1C3	6.75
0	AKT3	1921.25
0	ALPK1	686.5
0	ALPK2	66.5
0	AMMECR1	513.5
0	AMOT	74.5
0	ANGPTL5	1.0
0	ANKAR	83.0
0	ANKFN1	2.75
0	ANKH	5278.0
0	ANKRD11	11882.0
0	ANKRD23	71.0
0	ANKRD55	335.5
0	ANKS1B	100.25
0	ANKS4B	401.5
0	ANO9	580.5
0	AOC2	61.25
0	AP1G2	4304.5
0	AP1M1	2087.0
0	AP1M2	4.0
0	APBB1	703.5
0	APLN	2.5
0	APOBEC3B	25.0
0	APOD	13.25
0	APOE	184.25
0	APOH	10.5
0	APOL4	496.0
0	APOL6	2822.25
0	AQP10	3.75
0	AQP6	141.75
0	ARAF	1435.25
0	ARAP2	1499.0
0	ARF4	706.75
0	ARF6	3211.25
0	ARFIP1	324.5
0	ARG1	126.5
0	ARHGAP10	275.75
0	ARHGAP15	1290.5
0	ARHGAP17	1468.75
0	ARHGAP18	131.75
0	ARHGAP35	1478.0
0	ARHGEF38	184.25
0	ARL14EP	1008.5
0	ARL2BP	449.5
0	ARMC12	5.25
0	ARMC2	51.25
0	ARMCX5	187.75
0	ARPC4	6056.0
0	ARRDC2	606.75
0	ARSG	1103.25
0	ASAP1	5155.5
0	ASAP3	56.25
0	ASF1A	1142.5
0	ASGR1	92.25
0	ASTL	13.75
0	ATF5	656.0
0	ATF6	1972.5
0	ATF7IP2	729.5
0	ATP2B1	1391.0
0	ATP6V0D2	119.0
0	ATXN7L3B	3132.5
0	AUH	267.25
0	B3GALNT2	442.0
0	B3GALT2	136.0
0	B3GNT9	172.25
0	B4GALNT3	81.5
0	BAZ2B	1329.75
0	BCL2L10	5.5
0	BCL6B	8.5
0	BCR	1307.0
0	BDKRB1	39.75
0	BEST1	461.5
0	BFSP1	12.0
0	BIRC2	307.0
0	BIRC5	413.5
0	BLCAP	1257.25
0	BLM	491.5
0	BLNK	5.75
0	BLOC1S2	647.25
0	BMF	227.5
0	BMP4	4.5
0	BOD1	324.75
0	BRAF	2512.5
0	BRDT	97.5
0	BRMS1L	62.0
0	BTBD18	192.75
0	BTG1	2294.25
0	BTNL8	5.75
0	BUB1	525.5
0	C10orf67	40.75
0	C11orf49	376.25
0	C11orf58	2277.25
0	C12orf4	764.75
0	C12orf40	36.0
0	C17orf49	340.75
0	C17orf98	6.0
0	C18orf25	2158.25
0	C19orf54	399.25
0	C1orf105	1.75
0	C1orf109	472.0
0	C1orf174	1514.5
0	C1orf216	276.75
0	C1QTNF6	438.0
0	C22orf46	61.0
0	C3orf20	9.5
0	C4orf17	8.0
0	C4orf45	1.25
0	C5orf58	70.25
0	C5orf63	135.0
0	C7orf31	100.25
0	C7orf61	21.0
0	CAB39	4209.5
0	CACFD1	82.75
0	CALN1	79.75
0	CAMK1G	3.75
0	CAMK4	7156.25
0	CAPS2	188.25
0	CARD11	1330.25
0	CASP8AP2	781.75
0	CATSPERG	367.25
0	CAV1	1.5
0	CBL	5055.75
0	CBLB	2504.5
0	CBLL1	3804.25
0	CBX2	45.75
0	CBX8	13.75
0	CCDC134	61.5
0	CCDC141	821.25
0	CCDC146	82.0
0	CCDC28A	140.75
0	CCDC65	81.5
0	CCDC86	2705.5
0	CCDC97	1144.75
0	CCL3	4627.0
0	CCND1	275.0
0	CCNYL1	1029.75
0	CCR2	95.75
0	CCR4	3127.0
0	CCR7	5360.75
0	CCRL2	40.0
0	CD109	894.75
0	CD160	214.0
0	CD200	1146.75
0	CD200R1	368.75
0	CD22	655.75
0	CD226	4638.0
0	CD274	1564.5
0	CD300LB	4.75
0	CD300LF	7.5
0	CD38	947.0
0	CD46	2587.75
0	CD52	1138.75
0	CD55	5221.5
0	CD72	83.25
0	CD79B	32.5
0	CD9	4.5
0	CD96	3771.75
0	CD99	1515.25
0	CDC27	1075.25
0	CDC42SE2	7620.25
0	CDC6	3505.25
0	CDCA4	446.75
0	CDH16	2.5
0	CDHR4	113.5
0	CDK12	3888.5
0	CDK13	3808.25
0	CDKN2D	781.25
0	CEACAM1	552.75
0	CEACAM6	2.5
0	CELA1	3.5
0	CELSR2	152.0
0	CEMIP	226.0
0	CEP126	503.0
0	CEP250	1690.25
0	CETP	141.75
0	CFAP157	107.5
0	CFAP77	2.5
0	CFL2	783.25
0	CFP	502.0
0	CGREF1	72.75
0	CGRRF1	102.25
0	CHAF1B	1388.25
0	CHEK2	1107.75
0	CHIC2	266.0
0	CHID1	1086.5
0	CHKA	263.0
0	CHN1	83.25
0	CHST11	2341.0
0	CHST4	10.75
0	CIB2	21.5
0	CIRBP	3274.0
0	CITED2	2163.25
0	CKS1B	334.0
0	CLCN5	315.0
0	CLDN12	116.25
0	CLDND1	8477.5
0	CLDND2	46.0
0	CLEC3B	6.25
0	CLINT1	5665.5
0	CLIP4	1854.25
0	CLK2	1622.25
0	CLPB	3399.25
0	CLSPN	648.75
0	CLSTN1	1937.5
0	CLTA	1268.75
0	CLTB	314.25
0	CLUL1	58.5
0	CMIP	1083.5
0	CMPK2	130.0
0	CNOT11	1210.75
0	CNOT4	2659.5
0	CNTD2	17.5
0	COA6	317.5
0	COL17A1	28.0
0	COL1A1	149.25
0	COL23A1	17.25
0	COL28A1	183.75
0	COL5A2	1.75
0	COL8A2	16.25
0	COL9A1	219.5
0	COLGALT2	74.75
0	COLQ	186.75
0	COMMD8	57.5
0	COMMD9	410.5
0	CORO1C	418.5
0	COTL1	2777.25
0	COX7C	2935.75
0	CP	68.5
0	CPA3	12.25
0	CPA4	182.25
0	CPEB4	1352.25
0	CPLX4	5.5
0	CPNE6	132.25
0	CPSF6	2259.0
0	CPVL	3.75
0	CR1	615.5
0	CRB2	78.75
0	CREB3L2	1971.25
0	CREG1	528.25
0	CRLF3	3889.25
0	CRTAM	288.5
0	CRY1	424.25
0	CRYGS	45.0
0	CSNK2A1	5558.75
0	CSNK2A3	5.0
0	CTAGE1	4.0
0	CTBP1	1229.25
0	CTNNAL1	30.5
0	CTNND1	271.5
0	CTSC	1179.0
0	CTSK	145.75
0	CTSW	551.75
0	CUBN	486.5
0	CWF19L2	1166.75
0	CX3CR1	48.75
0	CXCL17	5.5
0	CXCL9	118.5
0	CXorf21	89.75
0	CYB5R2	153.75
0	CYB5R4	848.5
0	CYBB	8.5
0	CYP11A1	29.0
0	CYP2E1	46.75
0	CYP3A43	565.5
0	CYP7B1	1.25
0	CYP8B1	71.75
0	CYSLTR1	2300.75
0	DAGLA	32.0
0	DAND5	675.75
0	DAXX	1957.25
0	DBT	2254.25
0	DCBLD1	245.75
0	DCBLD2	120.75
0	DCTD	648.0
0	DCTN6	583.75
0	DCTPP1	767.0
0	DDX10	1850.25
0	DDX39A	2540.75
0	DGKB	184.5
0	DHRS3	798.75
0	DHX15	4913.75
0	DHX58	151.25
0	DIO1	18.5
0	DIP2B	3250.75
0	DIS3L	1116.25
0	DKK4	1.75
0	DMC1	1423.25
0	DMXL2	321.25
0	DNAH1	2079.75
0	DNAH3	139.25
0	DNAJB8	5.0
0	DNAJC12	51.75
0	DNAJC16	1002.5
0	DNAJC27	103.25
0	DNHD1	1387.0
0	DNM1L	2107.5
0	DNM2	2362.25
0	DOCK10	15149.5
0	DPF3	22.0
0	DPM2	834.5
0	DPP4	1362.5
0	DPY30	378.0
0	DRD3	4.0
0	DRICH1	20.25
0	DSC1	64.0
0	DSCAML1	3.0
0	DSTN	405.75
0	DTHD1	63.75
0	DUS3L	513.0
0	DUSP10	378.0
0	DUSP2	1454.5
0	DUSP22	574.25
0	DUSP28	751.5
0	DYRK2	7836.5
0	EBLN2	991.25
0	ECI2	393.25
0	EDAR	198.75
0	EDC3	960.5
0	EEA1	913.5
0	EFNA4	110.5
0	EFNB1	211.75
0	EFNB2	4.75
0	EGR2	5327.0
0	EIF3K	1306.25
0	ELL3	37.0
0	ELOF1	2768.0
0	ELOVL4	63.25
0	EML4	2960.75
0	ENPP4	258.25
0	ENTPD1	780.0
0	EOMES	228.0
0	EPB42	36.0
0	EPHA1	148.0
0	ERCC6L2	701.0
0	ERGIC2	375.5
0	ERICH4	5.0
0	ERO1B	176.0
0	ETHE1	174.25
0	ETV5	31.75
0	EVI2B	4519.25
0	EXO1	588.0
0	EXOSC9	686.25
0	EYS	939.25
0	FABP5	487.25
0	FAM117B	2409.25
0	FAM124B	38.5
0	FAM13A	10735.25
0	FAM160B1	701.5
0	FAM166A	132.75
0	FAM168B	3408.0
0	FAM177B	6.0
0	FAM189A2	2.25
0	FAM20B	991.25
0	FAM234B	411.75
0	FAM24B	57.25
0	FAM3C	848.75
0	FAM53A	14.5
0	FAM53B	1163.5
0	FAM98B	1208.25
0	FASLG	244.25
0	FBXL14	582.5
0	FBXL4	495.75
0	FBXO28	768.25
0	FBXO3	730.75
0	FBXO34	726.5
0	FBXO47	1.25
0	FBXO9	994.5
0	FBXW7	2298.25
0	FBXW9	39.5
0	FCGR2A	58.0
0	FCHSD1	650.0
0	FCRL1	142.75
0	FCRL2	121.25
0	FCRL6	7.25
0	FCRLB	2.25
0	FDX1	478.0
0	FES	34.75
0	FGD2	232.5
0	FGF7	14.75
0	FGF9	90.0
0	FGFBP2	5.5
0	FH	588.5
0	FHL3	194.75
0	FILIP1	104.0
0	FKBPL	15.25
0	FLG2	35.5
0	FNDC3B	3419.75
0	FNTB	422.5
0	FOPNL	1253.5
0	FPGS	309.0
0	FUCA2	184.0
0	FUS	11045.25
0	FUT8	1794.75
0	FXYD5	6079.25
0	FYCO1	940.25
0	G0S2	178.0
0	G6PC2	7.5
0	GAB3	453.25
0	GABRR2	2.75
0	GADD45A	321.25
0	GADD45G	5.75
0	GALC	1207.0
0	GALR2	73.75
0	GARNL3	139.5
0	GAS2	7.75
0	GATA2	207.5
0	GATA3	2155.0
0	GBA	661.25
0	GBE1	292.0
0	GCM1	45.75
0	GCSAM	194.5
0	GDAP1	605.0
0	GDF10	2.25
0	GDPD5	622.75
0	GFM1	3781.25
0	GGCX	709.5
0	GHRL	180.75
0	GINS4	512.5
0	GIPR	266.25
0	GJA10	8.75
0	GLRX	1059.75
0	GLUL	545.25
0	GMDS	288.0
0	GNGT1	49.25
0	GOLGA5	348.0
0	GPC5	1.5
0	GPR137	252.25
0	GPR150	25.75
0	GPR162	2.5
0	GPR171	696.5
0	GPR179	70.25
0	GPR65	373.25
0	GPR68	276.25
0	GPRIN3	4467.5
0	GRAMD1C	71.0
0	GREM2	55.0
0	GRID1	11.0
0	GRK6	2016.5
0	GRWD1	767.0
0	GSG1	479.0
0	GSK3A	2026.75
0	GSTO1	239.25
0	GTF3C1	1416.25
0	GTPBP8	537.75
0	GTSF1L	7.25
0	GZMA	347.0
0	HAL	14.25
0	HAPLN3	1469.75
0	HDAC2	1429.0
0	HDAC8	863.0
0	HDGF	1734.25
0	HDLBP	4996.25
0	HEATR3	1137.75
0	HERC3	1984.5
0	HERC5	291.5
0	HFE	521.25
0	HIBADH	286.5
0	HIVEP3	10224.5
0	HKDC1	53.0
0	HLA-DOB	211.5
0	HLA-DQA1	2514.5
0	HLA-DQA2	2.75
0	HLA-DQB1	735.75
0	HLA-DQB2	97.75
0	HLA-DRA	286.5
0	HLA-DRB1	408.5
0	HMGA1	18468.5
0	HMGN5	57.25
0	HOXA10	0.5
0	HOXA5	1.75
0	HOXA6	4.75
0	HOXB2	118.25
0	HOXB6	2.75
0	HOXB9	12.0
0	HPCAL1	1525.5
0	HPX	110.75
0	HRK	122.75
0	HRNR	26.0
0	HS1BP3	136.25
0	HSD17B4	962.25
0	HSF5	231.5
0	HSP90B1	26489.75
0	HSPA8	31440.75
0	HSPA9	9816.75
0	HTATIP2	337.75
0	HTR1D	50.25
0	IBTK	1320.0
0	ICAM1	1371.5
0	ICAM4	134.25
0	ICE2	4137.5
0	ICOS	8707.0
0	ID2	2022.0
0	IDH3B	1330.75
0	IDNK	264.5
0	IFI27	73.5
0	IFI35	305.25
0	IFIT1	190.25
0	IFIT1B	3.0
0	IFNAR1	1078.5
0	IFNGR2	224.5
0	IFT81	477.5
0	IGF1	226.0
0	IGFL4	115.5
0	IKBKB	2406.25
0	IL10	3311.25
0	IL17A	47.5
0	IL18BP	1701.0
0	IL1RL1	53.25
0	IL1RL2	10.5
0	IL2	4143.5
0	IL21	7.25
0	IL21R	2002.5
0	IL23R	329.5
0	IL24	626.5
0	IL26	15.75
0	IL36A	1.25
0	IL5	401.0
0	IL6	23.25
0	IL9	1497.0
0	ILKAP	1032.5
0	IMP3	441.0
0	ING3	426.25
0	INIP	843.75
0	INSL6	134.5
0	INTS6L	484.5
0	IPO11	1394.25
0	IQCA1	2.75
0	IQCG	243.75
0	IRF4	37983.0
0	IRF8	7023.75
0	IRGM	87.75
0	ISG15	77.75
0	ISOC2	112.25
0	ITGA4	3865.75
0	ITGA5	740.0
0	ITGAE	172.25
0	ITM2A	1199.5
0	IVNS1ABP	2903.5
0	IWS1	1568.0
0	JUP	57.0
0	KBTBD11	203.25
0	KCNA3	1603.25
0	KCNIP2	42.25
0	KCNJ1	53.75
0	KCNJ15	175.0
0	KCNK7	3.0
0	KCNMB1	216.25
0	KCNN1	124.0
0	KIAA0040	1007.75
0	KIAA0232	858.25
0	KIAA0408	9.25
0	KIAA0556	470.25
0	KIAA1549L	8.75
0	KIF21A	1971.0
0	KIF22	1358.0
0	KIF26B	31.25
0	KIZ	288.25
0	KLHDC10	842.75
0	KLHDC8A	5.0
0	KLHL15	818.0
0	KLHL5	576.0
0	KLHL6	3796.25
0	KLRF1	3.0
0	KMO	58.25
0	KPNA2	873.0
0	KPNA5	3651.75
0	KRTAP16-1	26.75
0	L1TD1	58.75
0	LAMP3	1125.75
0	LAMTOR1	403.0
0	LAPTM5	10701.0
0	LCN12	32.25
0	LCORL	925.0
0	LCP2	11966.0
0	LDHAL6A	166.0
0	LDHB	8066.25
0	LECT2	9.5
0	LEF1	13621.25
0	LEMD2	891.25
0	LGALS12	1.0
0	LGALS14	8.5
0	LGR6	13.5
0	LHFPL1	4.25
0	LIF	4233.25
0	LIPC	119.0
0	LIPE	402.75
0	LMAN1L	2.75
0	LMBR1	1970.25
0	LMBRD1	882.0
0	LMOD3	219.5
0	LPGAT1	2563.25
0	LPIN3	128.75
0	LRIG2	1688.0
0	LRIT3	20.25
0	LRP10	3291.75
0	LRP4	6.0
0	LRRC2	546.5
0	LRRC58	4580.25
0	LRRC8C	4490.0
0	LRRN3	1536.5
0	LRRN4CL	110.25
0	LSM10	174.75
0	LSM14A	6732.0
0	LSM8	395.25
0	LTA	14565.5
0	LTB	2502.75
0	LTBP2	59.25
0	LTC4S	2.25
0	LUZP1	745.25
0	LY9	1414.5
0	LYL1	258.5
0	LYSMD4	249.25
0	LYVE1	2.0
0	MAEA	974.75
0	MAGT1	1444.75
0	MALT1	701.75
0	MAML2	3282.0
0	MAN2A1	1248.75
0	MAP1LC3C	34.75
0	MAP3K7CL	53.5
0	MAPK1IP1L	7945.75
0	MAPK8	1067.75
0	MAPKBP1	694.0
0	MARS2	1013.25
0	MATN1	52.25
0	MATN3	3.25
0	MB21D2	86.5
0	MBIP	811.5
0	MBNL2	686.0
0	MBNL3	530.0
0	MCAM	76.75
0	MCM6	3807.0
0	MCTP1	107.5
0	MED16	473.0
0	MEF2A	1370.5
0	MEIS3	20.0
0	MEST	253.0
0	MEX3A	21.0
0	MFAP5	145.5
0	MGST3	591.75
0	MIB1	1397.25
0	MICAL2	1707.0
0	MICB	597.25
0	MLANA	643.0
0	MMP19	6.5
0	MNAT1	271.75
0	MND1	112.25
0	MNDA	12.5
0	MORF4L1	3921.5
0	MORF4L2	672.25
0	MPRIP	2047.0
0	MRGBP	281.0
0	MRPL3	2711.5
0	MRPL36	353.75
0	MRPS28	248.5
0	MSL3	2274.75
0	MTG1	675.75
0	MTMR14	1631.5
0	MTRNR2L1	1079828.25
0	MTRNR2L3	95695.25
0	MTRNR2L6	248154.5
0	MUC1	114.0
0	MUC16	37.5
0	MUS81	609.75
0	MVB12B	107.25
0	MYCL	5.75
0	MYH3	373.75
0	MYH9	13547.75
0	MYL12B	897.75
0	MYLK4	47.0
0	MYO1C	393.0
0	MYO5A	1996.25
0	MYOM1	126.75
0	MYOM2	31.0
0	NABP1	3350.75
0	NASP	5770.75
0	NATD1	245.0
0	NAV2	84.5
0	NCF2	171.0
0	NCKAP1L	5968.75
0	NCR3	110.5
0	NDFIP2	1197.75
0	NDUFAF3	1748.0
0	NDUFB8	1521.0
0	NEIL3	207.25
0	NEK7	1005.0
0	NEK8	262.0
0	NELFCD	1442.75
0	NELL2	4895.5
0	NEMP2	626.75
0	NFAM1	94.25
0	NFATC2	8074.5
0	NFIL3	479.75
0	NFIX	629.0
0	NFYA	1455.0
0	NICN1	473.5
0	NINJ2	96.0
0	NIPA2	3017.25
0	NKG7	744.5
0	NLE1	628.75
0	NMUR1	88.75
0	NOG	98.0
0	NOL12	735.75
0	NOSTRIN	79.75
0	NPHP3	1714.25
0	NPM3	472.25
0	NPR2	92.25
0	NPTX2	1.5
0	NPW	4.25
0	NR1D1	822.5
0	NR1I3	240.75
0	NRBF2	568.25
0	NRDE2	2039.25
0	NRN1L	19.0
0	NRSN2	71.75
0	NTMT1	238.5
0	NTSR1	7.0
0	NUAK2	313.75
0	NUDT10	14.0
0	NUDT13	230.5
0	NUDT17	90.75
0	NUDT4	6197.75
0	NUMB	3052.75
0	NUP160	1941.75
0	OARD1	774.75
0	OGT	24942.0
0	OMA1	364.25
0	OMG	67.0
0	OPA3	2108.0
0	OPTN	1767.0
0	OR10AD1	34.75
0	OR10H1	496.5
0	OR10J1	92.5
0	OR14J1	1588.0
0	OR1I1	563.75
0	OR1J1	7.25
0	OR1J2	2.5
0	OR1L8	14.25
0	OR2A5	253.25
0	OR2AG2	92.5
0	OR2C1	2.5
0	OR2M4	164.5
0	OR2V1	21.0
0	OR52I2	6.25
0	OR5A2	353.0
0	OR5K2	1.5
0	OR5T2	3.75
0	OR8J3	47.75
0	OSBPL3	1745.0
0	OSGIN2	293.0
0	OTOA	44.25
0	OTUB1	1287.0
0	OTUD6B	1478.0
0	OXT	1.5
0	P2RX7	302.5
0	P2RY13	10.0
0	P2RY14	38.5
0	PABPC1	43780.75
0	PACRGL	289.75
0	PACSIN3	98.75
0	PAG1	4945.5
0	PAGR1	217.0
0	PAK1	484.25
0	PAK2	4912.0
0	PALM3	28.25
0	PANK2	1431.75
0	PARK7	2969.25
0	PARP15	2800.0
0	PARP16	260.75
0	PARP8	2541.0
0	PARVG	805.25
0	PAX8	136.75
0	PCDH1	7.0
0	PCDHA9	195.5
0	PCDHB11	39.0
0	PCDHB16	95.5
0	PCDHB2	37.0
0	PCDHB9	159.25
0	PCDHGA1	42.5
0	PCDHGA10	30.0
0	PCDHGA11	17.0
0	PCDHGA12	3.0
0	PCDHGA4	3.25
0	PCDHGA5	79.5
0	PCDHGA9	21.5
0	PCDHGB1	7.75
0	PCDHGB2	8.0
0	PCDHGB3	18.25
0	PCDHGC4	28.5
0	PCK2	1615.5
0	PDCD10	6193.0
0	PDCD1LG2	4.0
0	PDCD4	3564.5
0	PDE11A	311.5
0	PDE4D	2370.0
0	PEA15	2002.0
0	PELI1	1029.5
0	PELP1	1794.0
0	PERP	42.75
0	PES1	1687.25
0	PEX2	544.5
0	PEX26	5867.5
0	PFKFB3	1307.75
0	PHACTR2	6413.5
0	PHACTR4	4063.0
0	PHC2	267.25
0	PHF10	1418.25
0	PHF20L1	2808.0
0	PHYHD1	86.25
0	PIANP	100.25
0	PIGH	577.25
0	PIGK	162.25
0	PIGS	1236.0
0	PIGZ	29.25
0	PIK3C3	1902.5
0	PINK1	1322.0
0	PIP5K1A	4006.5
0	PITPNC1	1104.75
0	PKHD1	3.5
0	PKIA	289.25
0	PKN2	923.5
0	PLA2G12A	372.0
0	PLCB1	302.0
0	PLCG1	4002.25
0	PLEKHA2	2483.25
0	PLEKHF1	99.25
0	PLN	218.75
0	PLXNA2	5.25
0	PM20D2	1167.0
0	PMP2	7.0
0	PNOC	4.75
0	PNPLA1	112.5
0	PODNL1	59.75
0	POLB	562.5
0	POLD4	590.5
0	POLR2K	477.25
0	POLR3E	1939.5
0	POMT1	536.25
0	POU6F1	413.75
0	PPA1	3433.75
0	PPFIA1	1462.75
0	PPIE	820.75
0	PPIH	198.0
0	PPP1CB	4802.75
0	PPP1R8	632.75
0	PPP4R2	1186.25
0	PPTC7	5015.0
0	PRDM8	252.0
0	PRKCA	7724.5
0	PRKCQ	830.25
0	PRKCSH	2635.5
0	PRND	178.5
0	PROC	9.0
0	PRPF38B	6156.5
0	PRSS12	155.0
0	PRUNE2	11.0
0	PSMB10	1794.25
0	PSMB2	3422.0
0	PSMC3IP	348.0
0	PSMD14	2446.5
0	PSMD3	2677.75
0	PSMD5	936.25
0	PSRC1	8.25
0	PTBP3	11492.25
0	PTGR1	364.25
0	PTPN6	4193.5
0	PTPN7	4570.25
0	PTPRC	30713.5
0	PTPRK	249.75
0	PTS	152.5
0	PYHIN1	1279.5
0	RAB14	955.75
0	RAB1A	3453.5
0	RAB27B	8.5
0	RAB2A	805.0
0	RAB33B	635.25
0	RAB37	596.75
0	RAB9A	87.5
0	RABEPK	635.25
0	RABGGTB	3657.0
0	RABIF	650.0
0	RAE1	499.25
0	RAG1	1.75
0	RALY	1486.25
0	RAMP3	3.75
0	RANBP9	1914.25
0	RAP1B	3617.25
0	RAP2B	1988.25
0	RAP2C	3043.0
0	RAPGEF1	3387.75
0	RAPH1	336.75
0	RASA1	872.0
0	RASAL1	34.25
0	RASAL3	2482.75
0	RASGEF1B	1034.75
0	RASGRP1	3582.0
0	RASSF3	2098.75
0	RASSF4	49.5
0	RASSF5	5304.0
0	RBKS	65.0
0	RBL2	6179.75
0	RCC2	2465.5
0	RCN2	2423.25
0	RDH5	541.5
0	REG4	7.5
0	REL	9642.0
0	RELT	365.25
0	RFX3	1178.5
0	RFX8	8.0
0	RGS13	19.25
0	RGS5	30.75
0	RHBDF2	484.0
0	RHEBL1	13.75
0	RHOB	118.5
0	RIC1	825.75
0	RIC8B	439.5
0	RIMS2	172.25
0	RIT1	721.5
0	RLN2	10.5
0	RMI1	318.5
0	RMI2	435.0
0	RNASE6	9.0
0	RNASEH2A	563.25
0	RNASEK	745.75
0	RNF103	1368.0
0	RNF111	1076.75
0	RNF144A	1407.25
0	RNF181	212.25
0	RNF182	2.0
0	RNF183	9.25
0	RNPEP	230.0
0	RP1L1	369.0
0	RPL13	6315.5
0	RPL19	19137.25
0	RPL39	1179.25
0	RPL5	15304.5
0	RPL7L1	6611.25
0	RPS15A	8172.5
0	RPS27	7741.75
0	RPS3	27392.5
0	RPSA	9454.5
0	RRS1	566.5
0	RSBN1	1929.5
0	RSBN1L	2042.75
0	RSC1A1	212.5
0	RSL1D1	7682.0
0	RSPH3	602.0
0	RTN3	1455.5
0	RUNX2	6535.5
0	RUNX3	5459.5
0	RWDD3	48.75
0	RXFP4	52.5
0	RYK	1121.25
0	S100A10	1114.0
0	S100A5	13.5
0	S100A9	4.75
0	S1PR5	50.0
0	SACM1L	1821.5
0	SAMD4A	281.75
0	SAMHD1	10999.0
0	SAP18	852.25
0	SAXO1	72.0
0	SBK1	828.25
0	SBNO2	1196.25
0	SCAMP2	2938.5
0	SCFD1	969.0
0	SCG3	93.5
0	SCN2A	84.5
0	SCN2B	66.75
0	SEC14L1	876.5
0	SEC24C	1889.0
0	SELE	4.25
0	SENP3	736.5
0	SERPINB10	200.5
0	SERPINI1	19.0
0	SETBP1	63.5
0	SETDB1	1418.75
0	SETDB2	1140.0
0	SFMBT2	1774.5
0	SFRP5	1.25
0	SH2D1A	385.75
0	SH2D1B	12.5
0	SH2D2A	2891.5
0	SH2D7	2.25
0	SHQ1	843.5
0	SIRT4	6.75
0	SIX5	21.25
0	SKAP1	1497.5
0	SLA	4581.5
0	SLC13A4	215.0
0	SLC14A1	422.5
0	SLC15A3	78.75
0	SLC16A11	15.25
0	SLC17A4	8.5
0	SLC17A7	55.75
0	SLC17A9	261.25
0	SLC1A2	543.25
0	SLC22A9	76.0
0	SLC23A1	82.25
0	SLC25A24	296.25
0	SLC26A10	9.25
0	SLC27A5	964.75
0	SLC2A13	147.25
0	SLC35A2	337.5
0	SLC35C2	1025.0
0	SLC35E3	2986.0
0	SLC37A1	434.0
0	SLC38A2	10246.25
0	SLC39A8	554.5
0	SLC45A4	236.0
0	SLC47A1	638.5
0	SLC4A9	4.0
0	SLC5A9	4.5
0	SLC6A16	78.25
0	SLC9A2	8.25
0	SLC9A8	606.75
0	SLCO2B1	34.0
0	SLMAP	3267.25
0	SMARCAD1	1513.75
0	SMARCC1	10680.5
0	SMCO3	5.75
0	SMIM5	78.75
0	SMYD5	468.0
0	SNAPC5	364.0
0	SNRK	2776.25
0	SNRPA	1494.5
0	SNRPA1	1636.25
0	SNRPB	665.25
0	SNRPD2	1827.5
0	SNRPE	556.0
0	SNU13	232.25
0	SNX12	1063.25
0	SNX18	549.25
0	SOGA3	3.75
0	SOS1	2225.75
0	SOX2	24.75
0	SP2	2298.75
0	SP4	5094.25
0	SP6	5.5
0	SPAG1	393.25
0	SPAG9	2340.25
0	SPATA25	6.25
0	SPATA9	9.0
0	SPC25	1236.75
0	SPCS3	2069.5
0	SPDL1	989.75
0	SPEF1	2.0
0	SPEF2	336.75
0	SPIN1	724.5
0	SPON2	270.5
0	SPRY1	558.75
0	SPTLC2	1287.25
0	SRCAP	6338.0
0	SRPK2	609.75
0	SRSF12	201.75
0	SS18	2890.25
0	ST7	281.75
0	STAC3	31.5
0	STAG2	2683.25
0	STAM	1182.5
0	STAT4	2237.0
0	STAU1	2688.0
0	STEAP1B	2.5
0	STK10	6809.0
0	STK31	155.5
0	STK4	12836.5
0	STRBP	1619.25
0	STX6	909.5
0	SUB1	1215.5
0	SUCLG2	1039.5
0	SULT1E1	21.0
0	SUMO4	44.25
0	SUPT16H	4260.5
0	SUPV3L1	1820.5
0	SYBU	2.5
0	SYNPO2	118.75
0	SYNPO2L	72.5
0	TAF6L	215.75
0	TAF7	1600.25
0	TAGAP	2172.75
0	TAMM41	468.75
0	TANK	850.25
0	TAS2R5	18.75
0	TAX1BP1	2117.0
0	TBK1	342.75
0	TBXAS1	166.75
0	TCF3	2590.75
0	TCFL5	194.25
0	TCP11L2	2214.0
0	TDRD7	232.75
0	TEDDM1	45.5
0	TERF1	815.5
0	TFRC	6194.75
0	TG	47.75
0	TGFBR2	4315.5
0	TGM4	14.0
0	THEM4	2406.5
0	THEM5	63.75
0	THNSL2	81.25
0	TIMM23	1291.25
0	TINF2	1397.0
0	TJP2	450.25
0	TLDC2	1155.25
0	TLE3	4100.75
0	TLR1	145.5
0	TLR10	105.5
0	TMEM106C	220.75
0	TMEM145	265.5
0	TMEM14A	160.0
0	TMEM156	516.25
0	TMEM159	204.25
0	TMEM160	78.75
0	TMEM161A	382.25
0	TMEM161B	1104.0
0	TMEM183A	1604.5
0	TMEM209	2306.25
0	TMEM230	922.75
0	TMEM241	490.25
0	TMEM245	2435.5
0	TMEM67	712.5
0	TMEM70	188.0
0	TMEM87B	275.75
0	TMEM92	12.0
0	TMEM98	180.75
0	TMOD3	2666.5
0	TMPRSS13	47.75
0	TMSB4X	3545.25
0	TMX4	1389.5
0	TNFAIP3	18618.5
0	TNFRSF10B	981.75
0	TNFRSF14	1389.75
0	TNFRSF1B	4228.5
0	TNFSF10	671.0
0	TNFSF4	43.25
0	TNFSF8	4737.0
0	TNIK	1602.75
0	TNIP3	1266.75
0	TNK2	70.5
0	TNNC2	4.5
0	TNRC6A	2354.5
0	TOMM7	439.0
0	TOPORS	550.0
0	TP53BP2	3141.0
0	TP53I3	107.75
0	TP53TG5	57.5
0	TPBGL	14.25
0	TPD52	1089.5
0	TPH1	334.75
0	TPK1	299.0
0	TPPP2	2.75
0	TRA2A	1860.25
0	TRAF3	3634.0
0	TRAIP	70.0
0	TRERF1	1660.75
0	TRIB2	1123.0
0	TRIM24	3311.75
0	TRIM34	170.75
0	TRIM45	97.0
0	TRIP10	209.0
0	TRIP12	15994.25
0	TRMT11	856.75
0	TRNT1	849.0
0	TRPM3	51.5
0	TRPM5	11.25
0	TRPM8	98.0
0	TRPV2	566.0
0	TSEN2	570.25
0	TSPAN15	8.25
0	TSPAN16	3.25
0	TSPAN3	911.75
0	TSSK2	4.5
0	TTC21B	923.5
0	TTC30A	39.0
0	TTLL11	64.25
0	TUBB1	68.75
0	TULP2	4.25
0	TULP4	3492.75
0	TWISTNB	348.5
0	TXK	1004.5
0	TXNDC16	74.25
0	TYK2	975.25
0	UBA1	8898.25
0	UBE2E1	2252.25
0	UBE2V1	5636.5
0	UBLCP1	1637.25
0	UBQLN1	7508.5
0	UBR1	1600.25
0	UBTD2	136.75
0	UBXN2B	592.0
0	UBXN8	247.0
0	UCP3	247.75
0	UHMK1	5780.75
0	UPK2	10.0
0	URI1	1355.25
0	USP24	5706.25
0	UST	413.5
0	UTP14C	520.75
0	UTP20	2293.75
0	UTRN	3685.25
0	VAPA	2586.75
0	VAV3	448.25
0	VBP1	435.5
0	VIM	5958.5
0	VIPR1	182.25
0	VPS26A	507.25
0	VPS33A	1733.75
0	VPS4B	2845.25
0	VSIG2	7.25
0	WAPL	2761.0
0	WBP4	531.25
0	WDR19	905.25
0	WDR26	4634.25
0	WDR44	784.75
0	WDR60	1264.5
0	WEE2	4.0
0	WIZ	629.75
0	WNT1	12.5
0	WNT5B	1.0
0	WNT7A	235.75
0	WNT8B	13.25
0	WSB1	3352.0
0	XCL1	268.25
0	XIRP1	315.75
0	XRN2	1835.0
0	XYLB	898.0
0	YBX1	57087.0
0	YES1	823.0
0	YIPF7	1.25
0	YPEL2	782.0
0	YTHDC1	14022.25
0	YWHAE	10855.0
0	ZACN	413.75
0	ZAP70	3819.25
0	ZBED6CL	148.75
0	ZBP1	528.0
0	ZBTB26	175.75
0	ZBTB3	461.0
0	ZBTB33	1681.25
0	ZBTB34	230.25
0	ZBTB41	279.5
0	ZBTB7B	1764.25
0	ZC3H12D	4225.5
0	ZC3H15	1792.75
0	ZC3H4	1443.75
0	ZC4H2	598.0
0	ZDHHC2	833.25
0	ZDHHC6	983.75
0	ZFAND3	504.5
0	ZFAND5	1122.75
0	ZFAND6	413.5
0	ZFP92	134.0
0	ZFYVE19	242.25
0	ZG16	59.25
0	ZIC5	1.25
0	ZMYM4	1533.25
0	ZNF148	1223.75
0	ZNF20	62.75
0	ZNF317	1072.25
0	ZNF319	490.25
0	ZNF326	1445.25
0	ZNF385A	198.0
0	ZNF426	1048.75
0	ZNF449	52.75
0	ZNF572	12.0
0	ZNF575	76.75
0	ZNF580	571.0
0	ZNF593	189.75
0	ZNF609	4011.0
0	ZNF652	1349.5
0	ZNF684	155.5
0	ZNF705A	2.75
0	ZNF716	450.5
0	ZNF75D	225.5
0	ZNF774	441.25
0	ZNF782	236.25
0	ZNF784	110.0
0	ZNF79	182.25
0	ZNF793	2931.75
0	ZNF800	2550.25
0	ZNF81	447.25
0	ZNRF1	393.25
0	ZNRF2	142.5
0	ZPBP2	8.0
1	AARS2	619.0
1	ABCA1	397.75
1	ABCB7	669.5
1	ABCF3	919.0
1	ABHD10	1060.75
1	ABLIM3	1.5
1	ACAA1	573.75
1	ACAP2	3820.25
1	ACER2	56.5
1	ADD1	3684.25
1	ADIPOQ	164.5
1	AHCYL2	844.5
1	AHI1	599.5
1	AIM2	551.5
1	AKAP17A	606.0
1	AKAP7	524.25
1	AKAP8	2540.75
1	AKIRIN1	1812.0
1	ALKBH1	183.0
1	AMN1	409.5
1	ANKDD1A	898.5
1	ANKFY1	2183.25
1	ANKRD10	1164.5
1	ANKRD61	82.25
1	ANXA1	1605.5
1	AP2M1	1775.75
1	APOL2	1692.75
1	ARAP3	60.75
1	ARL13B	204.0
1	ARL5A	957.0
1	ARL6	115.25
1	ARL6IP5	2069.0
1	ARL9	289.25
1	ASB13	104.25
1	ASNS	1581.5
1	ATAD5	1171.5
1	ATF4	4483.0
1	ATP13A3	4404.5
1	ATP23	162.25
1	ATRIP	281.0
1	AVL9	1850.0
1	B3GLCT	64.0
1	B4GALT4	761.75
1	BAG3	530.25
1	BBC3	23.25
1	BBX	1152.25
1	BCL10	542.5
1	BCL6	1188.75
1	BCL9L	12424.5
1	BDH2	90.0
1	BDP1	3254.5
1	BEST4	10.0
1	BNIP1	63.25
1	BOLA1	44.5
1	BRIP1	445.0
1	BRK1	931.0
1	BUB3	2701.25
1	C10orf88	311.75
1	C11orf24	732.0
1	C2CD4A	209.0
1	C4BPA	10.5
1	C4BPB	804.25
1	C5	84.75
1	C7orf57	12.75
1	CABYR	159.0
1	CALD1	80.25
1	CAPSL	1.5
1	CASP2	5591.75
1	CATIP	357.25
1	CCDC106	19.25
1	CCDC138	258.25
1	CCDC174	627.5
1	CCDC9	549.5
1	CCDC91	2234.5
1	CCL27	93.75
1	CCNG2	417.0
1	CCNY	2114.5
1	CCP110	1099.75
1	CD247	2047.75
1	CD40LG	4241.0
1	CD68	940.0
1	CD84	2153.0
1	CDC23	814.0
1	CDC37L1	253.5
1	CDHR3	330.5
1	CDKN1B	10649.0
1	CENPM	195.25
1	CEP120	2785.5
1	CEP162	86.5
1	CEP170	1289.5
1	CFAP54	1402.25
1	CFI	432.25
1	CHCHD1	120.25
1	CHCHD3	592.75
1	CHD4	8100.0
1	CHMP3	868.0
1	CHORDC1	9541.25
1	CHUK	533.25
1	CLCN3	1264.25
1	CLEC7A	528.0
1	CLK4	1296.25
1	CLNS1A	1313.0
1	CLPTM1L	3937.0
1	CMSS1	1999.0
1	CMTR2	282.5
1	CNNM4	287.0
1	CNOT3	2894.0
1	CNPY2	1104.5
1	COG3	1156.25
1	COL19A1	88.75
1	COL6A3	1158.25
1	COMMD10	177.75
1	COPS3	1025.25
1	COX16	334.5
1	COX5B	375.5
1	COX6B1	77.5
1	CPED1	29.5
1	CPT2	567.75
1	CR2	25.5
1	CRNKL1	1102.75
1	CROCC	844.5
1	CRYBG3	163.25
1	CTDSP1	645.5
1	CWC27	601.75
1	CXCR4	8612.75
1	CXCR6	211.25
1	CXorf65	278.5
1	CYB5A	596.5
1	CYB5B	1379.5
1	DAG1	897.0
1	DAPP1	821.5
1	DCLRE1C	579.25
1	DDX27	1558.0
1	DDX50	703.25
1	DDX58	355.5
1	DEPTOR	49.0
1	DERA	104.75
1	DHH	28.0
1	DIAPH1	6861.25
1	DIAPH3	656.0
1	DLD	1432.25
1	DLGAP5	64.0
1	DMXL1	878.0
1	DNAAF3	6.0
1	DNAJA2	3502.75
1	DNAJC5B	156.75
1	DONSON	445.25
1	DOT1L	1136.25
1	DRAM1	288.5
1	DST	1579.5
1	DTWD2	668.5
1	DTX1	269.25
1	DUSP11	1756.5
1	ECHDC3	11.0
1	EEF2K	1276.25
1	EIF2AK3	126.5
1	EIF3H	2957.0
1	ELP2	1189.75
1	EMB	3511.5
1	ENPP2	42.5
1	EPSTI1	1069.25
1	ERRFI1	135.75
1	EXOC7	1959.5
1	EYA3	2407.5
1	F8	31.5
1	FADS3	218.0
1	FAM177A1	1701.5
1	FAM78A	1670.5
1	FBXL19	310.0
1	FBXO4	117.75
1	FBXO7	1825.75
1	FERMT3	2170.0
1	FGFBP3	60.25
1	FKBP4	10760.0
1	FNIP1	1520.5
1	FOS	1650.25
1	FOXJ2	2013.5
1	FUCA1	125.0
1	FURIN	3485.25
1	G2E3	457.25
1	G3BP1	7862.5
1	GAD1	18.5
1	GAL3ST4	762.75
1	GALNT4	752.25
1	GATB	274.5
1	GBP2	7451.0
1	GBP7	30.0
1	GLIPR1L2	316.5
1	GMFB	1263.75
1	GMPPA	777.0
1	GMPS	2914.75
1	GNAI3	2582.5
1	GNG2	1444.5
1	GPA33	435.5
1	GPCPD1	1034.0
1	GPR19	39.0
1	GPR84	4.0
1	GRN	487.0
1	GRPEL1	1219.5
1	GSTM2	1101.0
1	GTF2A1	5899.5
1	GTF2F2	964.75
1	GTF3C2	3151.75
1	GYG1	755.75
1	HAUS4	418.0
1	HEG1	543.5
1	HERC1	7983.75
1	HLA-B	18590.0
1	HMGCL	493.75
1	HOXC4	11.75
1	HS3ST3B1	605.5
1	HSF2	227.5
1	HTRA4	201.0
1	IDH2	791.75
1	IER5	502.5
1	IFI44	231.0
1	IFT27	250.75
1	IGF2BP3	218.0
1	IL12B	10.0
1	IL20RB	72.5
1	IL2RA	17695.5
1	IL2RG	12054.5
1	IMMT	2603.75
1	IMPDH1	446.5
1	INHBC	9.25
1	INO80D	2564.5
1	INPP4B	11354.25
1	IQGAP1	8474.0
1	IRF2BPL	231.0
1	ITFG2	1984.25
1	ITGAV	184.5
1	ITIH1	24.75
1	ITPRIP	481.5
1	JOSD1	2062.5
1	JRKL	196.5
1	KANSL1L	407.5
1	KBTBD7	85.75
1	KCNJ9	150.25
1	KDM3B	2265.5
1	KIAA1586	189.5
1	KIF13B	637.5
1	KLF9	953.75
1	KLHL20	575.0
1	KLHL24	1586.5
1	KLHL3	895.0
1	KLHL32	36.0
1	KPNA6	2428.75
1	KTN1	2801.75
1	LAMTOR5	960.75
1	LANCL1	609.75
1	LAX1	549.5
1	LGALS3BP	350.5
1	LILRA4	363.0
1	LIX1	55.0
1	LRRC66	3.25
1	LTA4H	2188.75
1	LTV1	2589.0
1	LUC7L3	2716.0
1	LY6G5C	170.5
1	LYPLA1	1476.5
1	LYPLA2	1054.0
1	LYZ	3409.75
1	MADD	4332.5
1	MAGEF1	202.25
1	MAP3K7	1349.75
1	MAPK1	5844.5
1	MAPK13	2397.75
1	MAPK14	1523.25
1	MAPRE2	3238.25
1	MCCC1	917.5
1	MECP2	1489.5
1	MED11	249.75
1	MED6	1219.0
1	METTL16	1425.0
1	METTL9	976.5
1	MIA	0.75
1	MICAL3	2286.75
1	MIEN1	318.25
1	MLLT3	3435.75
1	MON2	1018.75
1	MRO	127.5
1	MROH8	33.75
1	MRPL19	286.5
1	MRPL35	754.5
1	MRPL4	1866.75
1	MRPS18A	190.0
1	MSANTD3	332.25
1	MTF2	787.25
1	MTMR11	20.75
1	MTMR12	1341.5
1	MTPN	1514.25
1	MYEOV	14.75
1	MYO18A	3042.25
1	MYOF	1646.5
1	NAF1	928.25
1	NBAS	1202.25
1	NDUFB4	599.0
1	NDUFS5	523.75
1	NEDD9	1307.75
1	NGRN	1659.75
1	NOD2	262.75
1	NOL7	4903.25
1	NPC1	2817.25
1	NR3C1	1596.75
1	NRDC	5267.75
1	NRGN	16.5
1	NUDT3	3823.25
1	NUFIP2	6896.0
1	NUP58	1736.25
1	OAZ3	107.25
1	ODF3	33.5
1	OR2V2	157.75
1	OR52K1	92.0
1	ORC6	18576.25
1	PAIP2	1312.0
1	PCBD2	553.0
1	PCNP	2430.25
1	PDE12	3872.5
1	PDIA4	1631.25
1	PDSS1	286.75
1	PEX5	629.25
1	PFDN1	561.25
1	PHF14	1381.0
1	PHF20	1274.25
1	PHGDH	611.0
1	PHGR1	7.5
1	PHTF2	1070.75
1	PI16	85.25
1	PIK3C2B	1313.75
1	PIK3R4	379.25
1	PKD1L1	261.75
1	PKD1L3	15.0
1	PKD2L2	219.25
1	PLAC8	1389.75
1	PLCL1	281.5
1	PLCXD2	852.5
1	PLEKHA1	2083.25
1	PLEKHB1	366.75
1	PLEKHM3	962.75
1	PLSCR1	162.25
1	PNN	5071.5
1	PNRC1	4701.0
1	POLE4	346.75
1	POLQ	201.75
1	POLR1E	711.75
1	POP4	641.5
1	PPARD	1437.0
1	PPIP5K2	1238.0
1	PPP1R12B	1245.0
1	PPP1R15B	2711.75
1	PRCD	11.0
1	PRCP	809.5
1	PREPL	2203.25
1	PRMT9	221.25
1	PROS1	70.75
1	PROZ	1.0
1	PRPF19	1858.5
1	PRR13	2911.75
1	PRR5L	478.25
1	PSD4	12652.0
1	PSMB11	5.25
1	PSMB9	1111.25
1	PTP4A1	4330.25
1	PTPN22	1202.5
1	PTPRO	15.5
1	PTPRU	4.25
1	PUM2	4877.5
1	R3HDM2	5035.25
1	RAB13	215.75
1	RAB4A	263.5
1	RABGGTA	642.5
1	RAD21	6172.75
1	RBBP8	760.25
1	RBL1	3238.5
1	RBM17	1434.0
1	RBX1	752.5
1	RCL1	1724.5
1	RGL2	423.5
1	RLF	686.0
1	RNASEH2B	2391.25
1	RNF144B	70.0
1	RNF157	3204.5
1	RNF2	1354.25
1	RNGTT	1112.25
1	RPA3	80.5
1	RPIA	542.25
1	RPL10A	11894.0
1	RPL11	9060.25
1	RPL29	2421.5
1	RPL7A	11013.0
1	RPS21	1684.25
1	RRAGA	992.75
1	RRH	5.5
1	RSPH9	84.0
1	RSRC1	718.0
1	RUBCN	3310.75
1	S100A11	3460.75
1	S100A4	228.5
1	S100B	28.0
1	SAAL1	953.75
1	SAMSN1	2374.0
1	SDAD1	479.75
1	SEC11C	363.75
1	SETD9	56.0
1	SGF29	1029.5
1	SGO2	444.25
1	SH2B1	390.0
1	SH3BP5	1609.0
1	SIK3	2059.25
1	SIKE1	790.25
1	SIRPD	4.5
1	SIRT7	398.0
1	SLC16A7	2139.75
1	SLC23A2	1668.0
1	SLC25A39	3035.75
1	SLC30A5	1713.0
1	SLC35D1	1281.5
1	SLC35E1	2777.25
1	SLC35F5	846.75
1	SLC43A1	319.75
1	SLC44A1	863.75
1	SLC9A9	305.0
1	SLK	2599.0
1	SLX4IP	597.75
1	SMIM3	99.0
1	SMYD2	946.25
1	SNRPB2	704.0
1	SNRPG	301.25
1	SNX13	635.0
1	SNX24	62.25
1	SNX6	957.0
1	SORT1	229.5
1	SOX12	134.5
1	SPDYA	47.75
1	SPINK2	1.5
1	SPSB1	428.0
1	ST8SIA4	1597.0
1	STAMBP	439.5
1	STAT5B	4271.0
1	STK17A	1653.25
1	STPG2	8.75
1	STX19	3.5
1	SUSD6	3659.75
1	SV2A	189.75
1	TAC4	195.0
1	TACO1	753.25
1	TAF1	2600.0
1	TAF2	1797.5
1	TAF4B	656.5
1	TCERG1	6924.75
1	TCTN3	628.25
1	TDRKH	270.75
1	TEX14	12.75
1	TEX38	88.0
1	TFAM	2101.0
1	TFB1M	305.5
1	TGFB1I1	69.75
1	TGM1	98.75
1	THAP3	236.5
1	THG1L	452.0
1	THRA	1693.25
1	TM2D2	420.75
1	TM2D3	1660.0
1	TMA16	678.0
1	TMEM115	215.0
1	TMEM18	1618.75
1	TMEM184C	1141.75
1	TMEM9	203.25
1	TMPRSS9	80.5
1	TNIP1	4595.25
1	TOR1AIP2	5649.75
1	TRABD2A	3360.25
1	TRAF7	720.5
1	TRAPPC3	258.75
1	TRIM33	1923.25
1	TRPM7	1476.25
1	TSHR	313.75
1	TSPAN1	6.5
1	TSPAN14	3496.5
1	TSPAN5	614.75
1	TTBK2	608.5
1	TTC17	3999.0
1	TWF1	386.5
1	UBALD2	1698.5
1	UBE2D1	246.5
1	UBE2D3	40025.5
1	UCK2	2032.0
1	USP13	601.75
1	USP2	29.75
1	USP25	1533.75
1	USP48	3042.0
1	UTP14A	3024.25
1	UTP23	418.0
1	VAPB	1732.25
1	VPS45	552.75
1	VPS53	5050.5
1	VTA1	1230.25
1	WDR38	12.5
1	WDR75	1690.5
1	WDYHV1	277.5
1	XBP1	656.75
1	YLPM1	4570.25
1	YOD1	300.0
1	YPEL5	2268.75
1	ZBTB2	541.0
1	ZCCHC8	1844.75
1	ZFP30	467.0
1	ZMPSTE24	728.25
1	ZNF12	551.75
1	ZNF169	1002.0
1	ZNF19	275.5
1	ZNF235	107.75
1	ZNF280D	787.75
1	ZNF281	541.75
1	ZNF292	4158.75
1	ZNF549	409.5
1	ZNF551	868.75
1	ZNF569	112.25
1	ZNF586	602.0
1	ZNF605	587.0
1	ZNF680	152.25
1	ZNF689	261.5
1	ZNF700	544.0
1	ZNF720	364.75
1	ZNF746	1933.0
1	ZNF763	18.5
1	ZNF772	295.0
1	ZNF92	653.5
1	ZSCAN5A	218.5
1	ZSWIM6	680.0
1	ZW10	265.25
1	ZXDA	191.25
1	ZXDB	671.75
2	AAAS	2411.0
2	ABHD16A	590.0
2	ACP6	331.75
2	ACSM3	78.0
2	ACTR6	287.5
2	ACVR1C	243.5
2	ADCY9	571.0
2	ADD3	8211.5
2	AIP	489.25
2	AKAP5	789.25
2	AKAP8L	602.5
2	ALDH4A1	62.75
2	ALDH8A1	105.75
2	AMD1	3405.75
2	ANKRD46	555.5
2	AP3B1	1940.5
2	ARMCX6	284.0
2	ART3	491.25
2	ART4	120.5
2	ASAH1	1025.5
2	ASPM	101.5
2	ATG101	229.25
2	ATG14	623.5
2	ATXN7L1	2279.5
2	B2M	6762.5
2	BABAM1	1115.5
2	BATF	588.0
2	BFAR	2018.25
2	BOLA3	709.75
2	BORCS7	1975.25
2	BRD4	10015.5
2	BRMS1	470.5
2	BRPF3	1477.25
2	BTLA	346.75
2	BUD13	554.25
2	C12orf66	514.25
2	C15orf61	167.75
2	C17orf78	5.5
2	C18orf21	734.25
2	C1D	364.75
2	C1GALT1C1	90.75
2	C1orf159	185.25
2	C1orf198	127.5
2	C1RL	452.25
2	C4orf3	774.75
2	C6orf226	13.75
2	C6orf47	423.0
2	CARD16	85.75
2	CASS4	316.25
2	CCDC125	1875.25
2	CCDC80	183.75
2	CCDC88C	3081.25
2	CCDC89	10.25
2	CCDC90B	2346.5
2	CCM2	1055.5
2	CD164	5467.25
2	CDC20	209.0
2	CDC73	2902.5
2	CDK6	17407.0
2	CDK7	571.25
2	CDKL2	8.0
2	CDKL5	4410.5
2	CDKN2A	46.0
2	CDKN2AIPNL	289.25
2	CEBPG	1099.25
2	CENPH	593.5
2	CEP85L	1908.5
2	CFAP20	758.75
2	CH25H	4.0
2	CLEC2B	514.5
2	CLPX	1959.0
2	CMTR1	837.0
2	CNBP	3555.25
2	CNOT1	5543.5
2	CNOT6L	7363.25
2	COMMD6	86.75
2	COPE	1565.25
2	COQ10A	531.75
2	COX18	970.5
2	CRK	559.5
2	CROT	120.25
2	CYTIP	4884.25
2	DAP	681.0
2	DCPS	351.75
2	DEGS1	2239.0
2	DGCR8	1714.75
2	DHX30	2885.75
2	DMTF1	5178.5
2	DNAJB6	1928.75
2	DNAJC15	749.75
2	DPEP2	938.5
2	DYRK1B	80.25
2	EBAG9	509.75
2	EBPL	1684.5
2	EFCAB5	87.75
2	EID3	165.25
2	EIF2B3	556.0
2	ELAC2	1791.75
2	EMC2	181.75
2	EMC9	119.75
2	ENKUR	4.75
2	ESAM	38.25
2	EVL	4709.25
2	FAAH2	384.75
2	FAAP100	311.5
2	FAIM	384.25
2	FAM102B	723.5
2	FAM204A	1121.5
2	FANCD2	2178.5
2	FBL	5156.5
2	FBXO15	363.5
2	FBXO31	1000.5
2	FEM1A	1865.5
2	FOXD2	18.5
2	FOXO4	292.5
2	FUBP1	6161.5
2	FUZ	71.5
2	G3BP2	4188.75
2	GADD45GIP1	746.5
2	GALM	798.5
2	GAN	39.25
2	GBP1	2384.75
2	GCLC	1525.75
2	GLA	434.25
2	GLCCI1	1190.25
2	GLG1	11445.75
2	GLIPR1	292.25
2	GLYCTK	186.0
2	GNPDA1	781.5
2	GOLGA4	2841.0
2	GON4L	2735.75
2	GP5	57.25
2	GPN2	989.25
2	GPR182	25.75
2	GPR22	47.25
2	GPSM2	719.25
2	GRB2	3823.75
2	GRPEL2	812.0
2	GTF3C6	465.25
2	GXYLT1	376.25
2	HBP1	3209.5
2	HECA	2037.75
2	HENMT1	236.5
2	HEXA	1077.25
2	HILPDA	199.0
2	HLA-DOA	255.5
2	HLA-E	9821.25
2	HMGN3	71.0
2	HNRNPD	14862.25
2	HNRNPH3	12903.75
2	HNRNPU	46714.25
2	HOXB3	162.0
2	HPS3	611.75
2	HSD11B1	16.75
2	HSD17B12	1969.25
2	HSDL2	178.25
2	ICE1	2394.5
2	IFI16	3264.25
2	IFI44L	229.25
2	IFIH1	549.75
2	IFIT2	82.75
2	IFT52	127.0
2	IFT74	411.0
2	IGF2R	2390.5
2	IGSF6	317.5
2	IL18RAP	141.25
2	IL23A	100.75
2	IL27RA	2039.75
2	INO80C	682.25
2	INPP4A	3424.25
2	INTS2	1402.0
2	IQGAP3	2.25
2	JADE1	1824.5
2	KANSL1	9039.5
2	KAT5	541.75
2	KAT6A	7691.0
2	KDSR	916.5
2	KLHL26	343.5
2	KRT1	25.25
2	LAGE3	120.25
2	LAIR1	1322.5
2	LENG1	257.75
2	LEO1	2863.5
2	LMAN2	937.25
2	LNPEP	4684.5
2	LRBA	4059.5
2	LRIG1	1165.25
2	LRRK1	5410.5
2	LXN	70.5
2	MAP2K6	183.5
2	MAP9	135.25
2	MAPKAPK3	2110.25
2	MAU2	2545.25
2	MBD2	2246.75
2	MBTPS1	2890.0
2	MCTS1	123.5
2	ME2	7718.75
2	MED15	4042.5
2	MFAP3L	121.0
2	MFSD6	1858.5
2	MGP	759.0
2	MINK1	715.25
2	MKNK1	1291.75
2	MLF2	2091.5
2	MMADHC	1135.5
2	MOB3C	223.25
2	MORC2	1242.5
2	MRPL23	303.75
2	MRPL33	154.75
2	MRPL44	890.25
2	MRPS21	1952.75
2	MRPS33	546.5
2	MT1F	64.5
2	MT1H	2.25
2	MTERF1	1213.25
2	MTMR4	1370.0
2	MTMR9	1125.5
2	MTR	4114.25
2	NAB1	843.75
2	NANOS3	1.25
2	NARF	1335.25
2	NCK1	347.75
2	NDUFV2	1256.5
2	NEUROD2	39.0
2	NFAT5	4044.5
2	NIN	5619.0
2	NMI	408.0
2	NONO	17321.0
2	NOP2	665.5
2	NUP210L	26.75
2	OAS2	2259.75
2	OR10G3	1242.75
2	OXSM	96.25
2	PAFAH1B2	2652.5
2	PAQR8	1236.0
2	PAXIP1	1378.5
2	PBLD	323.25
2	PCCB	869.0
2	PDCD7	1245.5
2	PDCL	505.75
2	PHC1	3029.0
2	PHF19	1080.25
2	PIAS1	3456.5
2	PIK3IP1	2718.75
2	PITHD1	756.5
2	PMPCB	1135.25
2	PMVK	439.5
2	PNMA1	637.5
2	PNO1	2066.5
2	PNPLA8	373.5
2	POP5	616.5
2	POT1	378.75
2	PPFIBP1	406.0
2	PPM1B	1878.0
2	PPP1CA	1508.5
2	PPP3R1	852.75
2	PPP6R2	608.25
2	PRDM15	792.75
2	PRPF18	591.75
2	PRPF3	2770.0
2	PSEN1	1652.25
2	PSMA4	1570.75
2	PSMB6	811.75
2	PSTK	357.5
2	PTGR2	824.5
2	PTPN2	2657.5
2	PYGM	335.0
2	PYM1	407.25
2	QKI	5014.75
2	RAB11FIP4	1935.0
2	RAB27A	3037.75
2	RAB29	733.25
2	RAB3GAP1	1370.0
2	RAB5B	2230.25
2	RAB8A	3159.0
2	RAB8B	4019.5
2	RABGAP1	798.0
2	RACGAP1	405.5
2	RAD17	673.75
2	RAD51	178.0
2	RASIP1	10.25
2	RBM12B	910.5
2	RBM27	1676.0
2	RBM4	1911.75
2	RBMS2	696.0
2	RDH11	486.25
2	REEP4	210.25
2	REXO2	432.0
2	RFT1	1223.75
2	RGS14	450.5
2	RIPK2	201.25
2	RIPK3	379.5
2	RNF7	590.0
2	RNFT2	598.0
2	RNH1	1068.5
2	RPL14	6801.0
2	RPL27A	5895.5
2	RPL37	11967.25
2	RPLP1	8925.75
2	RPS24	5260.75
2	RPS9	8577.0
2	RRM1	2726.25
2	RRP15	5829.75
2	RTCB	908.25
2	RTTN	2727.25
2	RUNX1	4233.5
2	SALL2	74.75
2	SAMM50	1638.0
2	SASH3	1628.0
2	SATB1	12114.0
2	SBF2	1552.0
2	SCAI	2333.25
2	SDCCAG8	1353.75
2	SEC24D	2403.75
2	SELL	4288.25
2	SELPLG	5435.75
2	SF3B1	14414.0
2	SGK1	1278.25
2	SIRT1	843.5
2	SLAMF1	1332.75
2	SLAMF6	1991.5
2	SLC23A3	83.5
2	SLC27A4	259.25
2	SLC35E4	358.5
2	SLC38A1	10500.75
2	SLC43A3	8260.75
2	SLC9B2	593.25
2	SMARCA2	7030.25
2	SMNDC1	829.25
2	SORL1	8774.0
2	SP140L	2583.5
2	SPATA4	3.0
2	SPCS2	560.25
2	SPINK4	8.75
2	SPPL2A	2890.25
2	SPRYD4	1711.75
2	SPTBN5	28.75
2	STAG3	506.25
2	STARD3	512.25
2	STIL	271.75
2	STX3	300.0
2	STX7	556.0
2	STXBP3	1084.75
2	SUCLG1	1203.25
2	SUDS3	697.0
2	SUMF1	329.5
2	SUV39H1	613.0
2	SYNE2	9141.5
2	TAF4	736.5
2	TAPBP	25211.25
2	TBC1D14	1465.5
2	TBC1D15	1103.25
2	TBC1D7	237.75
2	TCAIM	361.5
2	TEP1	1632.75
2	TET2	2531.25
2	THEMIS	716.75
2	THNSL1	124.25
2	TIMM21	624.75
2	TIRAP	463.25
2	TLE4	2190.0
2	TM7SF3	768.5
2	TM9SF3	1198.0
2	TM9SF4	2384.75
2	TMCO2	19.25
2	TMEM106A	883.25
2	TMEM139	23.5
2	TMEM19	580.5
2	TMEM254	349.25
2	TMEM263	2040.75
2	TMEM68	708.25
2	TMEM86A	86.75
2	TNFAIP8	1767.75
2	TOM1	889.25
2	TOR1AIP1	2180.5
2	TPP2	3841.25
2	TRAF3IP2	1157.5
2	TRAM1	2591.5
2	TRIM23	864.0
2	TRMT10C	747.75
2	TSSK4	327.25
2	TTC23	141.25
2	TTC26	535.25
2	TTC39B	5020.75
2	TTC5	298.25
2	TUFT1	393.0
2	TXNDC15	1210.25
2	UBA3	3157.25
2	UBE2E3	445.25
2	UBE2J1	829.75
2	UBL3	634.25
2	UBL7	951.5
2	UBN2	1418.25
2	UBXN4	1146.0
2	UCHL3	91.75
2	ULBP2	6.0
2	USP1	476.75
2	USP54	654.25
2	VAMP8	198.25
2	VEZF1	2920.5
2	VMP1	4013.75
2	VPS13D	3430.5
2	WDR1	3943.25
2	WDR37	881.75
2	WDR82	5382.0
2	WDR92	457.5
2	YARS2	271.0
2	YJEFN3	250.0
2	ZBTB14	1953.5
2	ZBTB24	1053.25
2	ZBTB6	537.75
2	ZC3H12A	843.5
2	ZC3H13	5074.25
2	ZFP90	1596.25
2	ZMYND8	2258.25
2	ZNF157	328.75
2	ZNF253	787.0
2	ZNF254	408.5
2	ZNF268	977.75
2	ZNF33B	587.5
2	ZNF436	104.0
2	ZNF446	60.75
2	ZNF487	107.0
2	ZNF491	33.5
2	ZNF502	39.75
2	ZNF548	1303.75
2	ZNF557	1139.75
2	ZNF574	458.5
2	ZNF599	238.75
2	ZNF616	307.0
2	ZNF624	273.5
2	ZNF628	113.0
2	ZNF681	493.0
2	ZNF69	211.75
2	ZNF747	394.75
2	ZNF776	433.5
2	ZNF846	185.5
2	ZRSR2	408.0
3	AGA	243.75
3	ALG14	787.75
3	AMIGO1	641.75
3	APMAP	1070.0
3	ARHGAP25	4519.25
3	ARHGAP31	607.5
3	ARHGAP9	2610.5
3	ARMCX3	933.0
3	ATAD1	1328.5
3	ATP7A	895.5
3	BSDC1	1550.5
3	BTN1A1	3.5
3	BTN2A1	603.0
3	C10orf105	10.0
3	C12orf57	475.5
3	C1orf74	116.75
3	C3AR1	59.5
3	CARNMT1	720.5
3	CBR4	476.0
3	CCDC82	602.5
3	CDKL4	2.0
3	CDV3	8073.0
3	CEP350	2346.0
3	CFAP36	766.75
3	CFAP70	118.0
3	CIPC	585.75
3	CLDN15	170.25
3	CLN5	2352.5
3	CLOCK	1085.75
3	CMC1	233.0
3	CNIH4	386.75
3	CWC22	830.75
3	CWC25	1277.0
3	CXCR5	1078.75
3	CYP2R1	261.25
3	DCUN1D1	2290.25
3	DCUN1D4	1153.5
3	DDI2	5270.0
3	DDX47	1801.25
3	DECR1	291.5
3	DHX36	1302.5
3	DNAJC28	54.75
3	DUSP14	180.5
3	DYNLT1	1252.5
3	EDEM1	4571.25
3	EEF1A1	112645.25
3	EID2	90.75
3	ENTHD1	6.5
3	ERCC5	522.5
3	ESPL1	434.25
3	EXOC3L1	2.0
3	EXOG	477.5
3	EXOSC3	1300.25
3	FAM221B	140.75
3	FASTKD1	367.0
3	FBXO11	1389.0
3	FEM1B	1945.0
3	FITM1	23.25
3	FMOD	22.25
3	GBP4	4350.25
3	GNS	875.25
3	GOT1	323.0
3	GPR3	207.5
3	GPX8	65.25
3	GTF2E1	379.5
3	GUF1	2241.5
3	GUK1	1044.5
3	HIF1AN	2351.5
3	HINT1	1475.25
3	HINT3	559.5
3	HNRNPL	1879.75
3	HSPA1B	400.75
3	ID3	72.5
3	IFI6	281.25
3	IFRD1	867.5
3	IGIP	176.0
3	IKZF3	16682.0
3	IL16	3291.25
3	ILF3	13214.0
3	IMPDH2	1599.25
3	IRF9	2225.0
3	JUNB	11853.75
3	KCNAB2	1447.5
3	KIF14	97.25
3	KIF2C	51.0
3	KLHL9	453.75
3	KMT2D	6442.75
3	KMT2E	4852.75
3	LBHD1	598.5
3	LEFTY1	9.25
3	LEKR1	17.0
3	LENEP	9.0
3	LPXN	1354.0
3	MAP3K8	214.75
3	MAP3K9	540.75
3	MAPK6	1864.5
3	MASTL	744.0
3	MDM1	256.75
3	MED30	289.25
3	METAP1	2524.25
3	MIP	6.25
3	MKKS	163.25
3	MKLN1	2482.75
3	MOCS3	696.25
3	MOV10	1061.75
3	MPC1	149.0
3	MRPL16	320.0
3	MRPL42	2106.25
3	MSRA	143.0
3	MT1G	20.25
3	MTPAP	1653.0
3	MTURN	411.5
3	MYBL1	393.0
3	MYCBP2	15290.25
3	N4BP2L1	489.25
3	NAA15	3482.75
3	NAP1L1	10801.0
3	NET1	881.75
3	NEURL3	14.25
3	NFKBIA	6508.5
3	NFYC	1700.75
3	NGDN	744.5
3	NKAPL	6.0
3	NMD3	1122.25
3	NOLC1	25635.25
3	NRAS	2511.75
3	OSBP	817.25
3	OXA1L	1297.0
3	PAFAH2	490.0
3	PAM	444.0
3	PARN	1835.25
3	PCYOX1L	533.5
3	PDZD9	218.75
3	PGGT1B	1727.75
3	PGS1	1595.25
3	PIK3CG	523.25
3	PIK3R1	4982.25
3	PIN1	605.0
3	PMEPA1	87.0
3	PNP	2140.0
3	PPIG	2519.5
3	PPIL1	583.75
3	PPM1G	3614.25
3	PPP1R15A	1706.25
3	PRDX2	626.5
3	PRPF31	597.5
3	PSMA6	2509.5
3	PSMB5	914.5
3	PSMC4	1660.25
3	PSMC6	1404.75
3	PTK2	1052.5
3	PYROXD1	1289.75
3	RAD51C	1359.0
3	RBM23	2361.75
3	RBSN	871.5
3	RC3H2	2097.75
3	RCN3	12.25
3	RGS16	660.5
3	RIMKLB	202.0
3	RNASEL	289.75
3	RNF125	2745.0
3	RPL22L1	150.75
3	RPL24	4377.25
3	RPS19	5223.0
3	RPS20	4294.0
3	SCAF11	3835.25
3	SECTM1	678.5
3	SEL1L	4642.25
3	SERBP1	42077.75
3	SERTAD1	329.0
3	SGO1	429.0
3	SIRPB1	154.5
3	SIRPG	971.25
3	SLC11A2	1904.75
3	SLC17A5	292.0
3	SLC29A3	173.0
3	SLC2A11	648.5
3	SLC7A8	264.0
3	SMC3	1357.5
3	SNAP23	2349.75
3	SNX14	239.25
3	SP100	3286.75
3	SPATS2L	1209.5
3	SRGN	2022.25
3	SSR1	3734.75
3	STAP1	56.0
3	STARD9	904.0
3	STIM2	3292.5
3	STK38	2193.25
3	SUMO2	1669.25
3	SUOX	511.25
3	TC2N	2477.75
3	TESK2	146.5
3	TET3	4906.5
3	TIGD3	5.25
3	TIMMDC1	365.5
3	TLCD1	100.25
3	TLK1	9040.5
3	TMEM128	98.25
3	TMEM14C	176.0
3	TNKS1BP1	127.5
3	TNRC6C	5537.75
3	TPM2	572.0
3	TRIM14	3815.5
3	TRIM38	2108.25
3	TRIM56	6807.5
3	TSC22D4	439.5
3	TSHZ1	666.75
3	TUBD1	1217.75
3	UBA6	2190.25
3	UBB	2854.25
3	UBE2L6	2028.75
3	USP16	1201.0
3	USP33	3837.5
3	USP34	4110.75
3	UVSSA	1779.0
3	VIPAS39	454.75
3	VPS13A	1386.75
3	VPS50	870.5
3	WASL	340.75
3	WHAMM	1777.25
3	WNK1	19520.75
3	XPO7	4884.5
3	YIPF4	3497.5
3	ZBTB39	1111.25
3	ZBTB43	565.0
3	ZBTB45	385.0
3	ZCCHC7	1147.25
3	ZFAND2B	505.25
3	ZHX3	1247.0
3	ZMAT2	982.5
3	ZNF121	3759.5
3	ZNF302	390.75
3	ZNF318	671.0
3	ZNF37A	2910.75
3	ZNF564	243.75
3	ZNF668	169.75
3	ZNF706	454.25
3	ZNF726	658.25
3	ZNFX1	2535.75
3	ZSCAN2	326.5
3	ZSCAN23	11.0
3	ZSWIM1	1872.75
4	ACKR3	110.5
4	ACSL5	1340.0
4	ADAMTS6	33.0
4	ALAD	790.25
4	ANAPC15	1343.0
4	AP1AR	875.25
4	APOBEC4	8.5
4	APTX	934.5
4	ARAP1	1538.75
4	ARID3B	1268.75
4	ARID5A	782.5
4	ARPP19	3337.75
4	ARRDC3	1620.0
4	ATG5	291.0
4	BAG2	523.0
4	BAZ1A	4214.5
4	BCAP29	422.0
4	BCAS2	1088.25
4	BRF2	133.25
4	BSCL2	96.0
4	BUD31	657.5
4	C12orf73	334.0
4	C1orf61	335.25
4	C8orf37	201.25
4	CASP1	317.0
4	CCDC114	148.25
4	CCDC183	86.0
4	CCNC	1995.75
4	CCND2	42824.75
4	CD2	6794.25
4	CD5	9881.25
4	CD63	1255.5
4	CDK17	1277.5
4	CDK19	324.25
4	CDK8	571.75
4	CHCHD5	234.75
4	CNPY3	1047.0
4	COPB2	2690.75
4	COPG1	2543.0
4	COPS5	1286.25
4	COQ10B	1269.75
4	COQ7	133.0
4	COX17	320.75
4	CSGALNACT1	462.75
4	CSNK1G3	940.5
4	CTR9	2049.5
4	DCP2	968.0
4	DDX19A	2897.0
4	DEF6	1944.75
4	DENND2D	2027.25
4	DENND4B	5122.75
4	DHRS12	164.25
4	DHX16	1388.25
4	DNAH7	162.25
4	EGLN1	546.25
4	EID2B	92.25
4	EMP1	276.5
4	EP300	6554.25
4	ERV3-1	202.0
4	EVI2A	817.25
4	EXOSC8	954.75
4	FAM102A	12412.75
4	FAM71B	3.0
4	FANCE	130.25
4	FKBP14	671.75
4	FOXP4	1092.75
4	FSD2	167.0
4	FUT10	250.5
4	GABARAPL2	566.0
4	GAPVD1	3572.0
4	GAR1	1651.25
4	GLB1L2	283.25
4	GLRX3	960.75
4	GOLGB1	2132.25
4	GPATCH4	6587.5
4	GRK5	351.5
4	GSTA4	37.5
4	HAUS5	864.5
4	HLA-DPB1	512.5
4	IFIT3	405.75
4	IFT46	320.5
4	ING1	389.0
4	JAK1	7274.5
4	KDM7A	2446.5
4	KIFC1	177.25
4	KLHDC9	15.0
4	LDLRAD4	948.75
4	LETMD1	1162.25
4	LPIN2	2071.75
4	LRRC47	815.75
4	LST1	106.75
4	MAP2K5	740.25
4	MED12	3273.0
4	MED4	911.0
4	MFF	585.5
4	MMACHC	779.25
4	MSMO1	1804.0
4	MTA3	648.5
4	MTIF3	145.5
4	MTOR	2551.25
4	MX2	1129.5
4	MYBPC2	1.0
4	MYLPF	7.75
4	N4BP2L2	2328.5
4	NBN	652.5
4	NDUFB6	618.5
4	NFATC1	2047.75
4	NFKBIL1	55.25
4	NIFK	1589.75
4	NOCT	1318.5
4	NOL11	1689.5
4	NR6A1	251.0
4	NUP35	540.25
4	NUP43	1776.25
4	OCIAD1	1443.75
4	OGG1	857.0
4	OTUB2	203.25
4	PCF11	5545.0
4	PCGF5	2388.5
4	PEX19	502.75
4	PFKM	787.75
4	PHF8	2833.5
4	PI4KB	1277.75
4	PIFO	3.25
4	PIGT	3581.5
4	PINLYP	112.25
4	PMF1-BGLAP	17.0
4	PMM2	1437.5
4	PNISR	6305.0
4	POLR3A	2274.0
4	PPCDC	172.0
4	PPIA	13482.75
4	PPM1M	1154.75
4	PPP2R5A	493.25
4	PRCC	881.0
4	PRIM2	464.5
4	PRPF4B	5820.5
4	PTP4A2	3644.5
4	PVRIG	273.25
4	QSOX1	343.75
4	RARA	780.75
4	RBBP4	2303.0
4	RBM42	619.5
4	RGS1	897.75
4	RGS2	327.5
4	RMDN1	738.5
4	RNF20	1326.5
4	RNPC3	2238.75
4	RPL6	23146.75
4	RPS12	7762.0
4	RPS3A	11080.75
4	RPS6	18709.0
4	RRP36	236.25
4	RSU1	1582.0
4	RWDD1	1206.75
4	SDE2	2367.5
4	SDHC	1194.25
4	SEC11A	1432.5
4	SEC61G	177.0
4	SENP6	2797.0
4	SEPHS1	1114.0
4	SF3B4	1131.0
4	SF3B6	250.25
4	SIDT1	1701.0
4	SIDT2	1356.75
4	SLC25A44	3661.75
4	SLC36A4	761.75
4	SLC4A8	557.5
4	SLFN5	4502.25
4	SNAPC1	421.25
4	SPSB2	209.25
4	SPTLC1	1168.0
4	SRP54	756.5
4	SRSF5	15831.0
4	STK17B	8933.0
4	SUGT1	1078.0
4	SUN3	273.75
4	TAF12	280.25
4	TAF1A	407.0
4	TBC1D19	171.0
4	TBL1XR1	9895.75
4	TBP	2489.0
4	THOC7	195.75
4	TM2D1	817.75
4	TM9SF1	329.75
4	TMCO6	520.0
4	TMEM140	858.5
4	TMEM14B	768.0
4	TMEM223	305.0
4	TMEM39A	1018.25
4	TMF1	1177.0
4	TNRC6B	5642.5
4	TOR3A	364.25
4	TPX2	207.25
4	TRAF5	2998.75
4	TRAPPC8	724.0
4	TRAT1	3608.0
4	TRDMT1	1059.75
4	TSN	1000.5
4	TUBA1B	40001.5
4	UBAP2	6686.0
4	UGGT1	4477.0
4	USP36	5529.0
4	USP47	1547.5
4	WDR48	729.5
4	WNT10A	38.25
4	YTHDF2	1039.75
4	ZC3H7A	1220.75
4	ZFP36L1	11265.0
4	ZKSCAN8	1365.25
4	ZMAT3	962.0
4	ZNF138	327.5
4	ZNF200	901.75
4	ZNF248	264.25
4	ZNF362	880.5
4	ZNF451	2260.75
4	ZNF501	56.75
4	ZNF559-ZNF177	59.25
4	ZNF561	454.75
4	ZRANB3	301.5
4	ZSCAN20	114.75
5	ABHD12	245.5
5	ABHD2	2812.25
5	ABT1	295.5
5	ACBD5	796.0
5	AHNAK2	3.0
5	AKIRIN2	640.0
5	ARID5B	7021.0
5	ASB8	800.5
5	ATAT1	400.0
5	ATG16L1	1234.75
5	ATXN7L3	1304.5
5	AXDND1	4.0
5	BACH1	583.25
5	BAZ2A	6223.5
5	BCAS3	588.5
5	BCL7B	1138.5
5	BIRC3	1957.25
5	BPGM	179.5
5	BPNT1	1460.25
5	BTAF1	4198.25
5	C6orf136	248.75
5	C6orf89	1327.5
5	CARNS1	264.25
5	CBX3	2089.75
5	CD3G	13559.5
5	CD6	4673.25
5	CDC16	1427.75
5	CDKL3	68.75
5	CNNM3	628.25
5	CNPPD1	986.5
5	COPZ1	647.5
5	COX20	1250.5
5	CRLS1	368.75
5	CS	4315.25
5	CTLA4	1617.75
5	DEPDC5	2702.75
5	DHRS1	522.0
5	DNAJC7	4776.5
5	DQX1	132.0
5	ECHDC1	1326.75
5	EID1	5153.25
5	EMP3	925.75
5	ESRRA	467.75
5	FAM162A	274.5
5	FANCC	812.0
5	FBXL5	562.5
5	FOSB	868.25
5	FXR1	2808.25
5	GALK2	601.0
5	GCC2	2089.25
5	GIT1	3045.5
5	GNGT2	56.0
5	GPR174	1212.0
5	HNRNPA2B1	57022.0
5	IL7R	9067.5
5	IRF2	1552.75
5	IST1	2320.5
5	KATNBL1	808.5
5	KIFAP3	276.5
5	KRAS	1088.0
5	KRR1	840.0
5	LCLAT1	1837.75
5	LCP1	21299.0
5	LIN54	1722.5
5	LRRC8D	895.75
5	LTN1	858.25
5	LYRM7	3170.0
5	MAGOHB	165.75
5	MAP3K1	2146.0
5	MIS18BP1	744.25
5	MLLT10	2032.75
5	MLLT6	12935.25
5	MR1	1027.5
5	MRPL17	1086.0
5	MVP	1435.25
5	NAGK	1007.75
5	NAT10	4291.5
5	NFKBIZ	9886.25
5	NOD1	150.25
5	NR4A3	608.5
5	NXF1	4206.75
5	OGDH	1347.5
5	PAN3	2699.75
5	PCNX4	1553.0
5	PDS5A	4558.75
5	PHF13	71.5
5	PICALM	4904.5
5	PLIN2	731.5
5	PRR7	25.75
5	PSIP1	4518.5
5	PSMA5	4374.0
5	PSMB1	604.5
5	PSMD6	3579.75
5	RAB30	544.75
5	RAD18	680.25
5	RAD51AP1	194.75
5	RAD51B	175.25
5	RNF6	894.75
5	RPP30	947.25
5	SCML4	1846.75
5	SESN3	4049.75
5	SH2D6	37.25
5	SH3KBP1	14088.75
5	SKIL	1969.25
5	SLU7	719.25
5	SMIM8	351.25
5	SYNE3	1936.25
5	TAF13	156.5
5	THADA	2493.75
5	TMEM126B	732.0
5	TMEM179B	661.5
5	TNFRSF10D	209.0
5	TRA2B	3938.75
5	TRIM13	1003.0
5	TRIM39	497.25
5	TSEN15	1697.75
5	TTC1	1604.75
5	TTC24	4.5
5	TTC9C	389.25
5	TUBA1A	1024.75
5	TXNDC9	285.0
5	TXNRD1	1846.5
5	UFM1	1231.5
5	ULK4	331.0
5	UPP1	1195.75
5	ZBTB9	75.25
5	ZKSCAN3	766.75
5	ZNF107	1087.5
5	ZNF222	25.5
5	ZNF226	330.75
5	ZNF391	412.5
5	ZNF749	121.75
5	ZNF789	820.0
5	ZNF821	42.0
5	ZRANB2	1441.0
6	AASDH	83.75
6	AFF1	4759.25
6	AGAP2	1748.75
6	AJUBA	81.0
6	AK9	622.0
6	ALG11	1456.5
6	ANKRD42	374.0
6	ATP1A1	35459.75
6	ATP2A1	47.5
6	BORCS5	410.5
6	BRD1	1632.0
6	C11orf1	329.0
6	C12orf10	767.5
6	C7orf25	86.0
6	CAPG	73.75
6	CCDC58	190.25
6	CCNE1	143.0
6	CD101	116.25
6	CD47	5966.75
6	CD48	2008.75
6	CEP70	108.75
6	CKAP2	316.5
6	CLASP1	3268.25
6	CLECL1	77.5
6	CRADD	251.5
6	CTBS	594.75
6	DAD1	1275.0
6	ECH1	2171.25
6	EIF5B	18548.0
6	EMC3	479.75
6	ERAL1	496.75
6	ETNK1	4012.25
6	FAM32A	533.5
6	FBXL15	163.75
6	FBXL22	74.25
6	FMO5	239.75
6	GGCT	249.75
6	HDDC2	781.5
6	HECTD3	991.25
6	HLA-G	3.5
6	IRF3	1797.0
6	ITPRIPL1	825.0
6	KLHL12	407.25
6	KLRB1	365.0
6	LCMT1	381.5
6	LYSMD3	434.5
6	M6PR	5677.75
6	MANSC1	1195.75
6	MBOAT4	33.75
6	MED24	904.5
6	MORN3	475.25
6	MYNN	322.75
6	NDUFAF6	544.75
6	NEK9	1831.25
6	NOP10	884.25
6	NPRL2	489.0
6	NTPCR	344.5
6	NUP205	1613.5
6	OSGEPL1	297.25
6	PAIP2B	162.25
6	PCBP1	13489.75
6	PDP1	1169.0
6	PJA2	1736.5
6	PLEKHA8	341.0
6	PPP1R11	1812.75
6	PRPF39	625.0
6	PTPRE	848.25
6	PXN	3727.75
6	RABGAP1L	3402.0
6	RAPGEF6	2435.75
6	RFFL	1573.25
6	RPL27	5265.0
6	RRP12	2000.75
6	SAMD9	290.75
6	SERTAD2	1514.25
6	SH3GLB1	750.0
6	SLC35G6	7.0
6	SLC39A10	2665.0
6	SLC7A7	333.0
6	SMC5	1525.25
6	SMU1	2827.5
6	SNAPIN	96.0
6	SNTA1	30.0
6	SPG11	2235.25
6	SPOP	2025.5
6	SREK1IP1	526.25
6	SSX2IP	125.5
6	STIP1	6397.0
6	TBC1D10C	854.25
6	TBCCD1	1266.5
6	TMEM126A	363.0
6	TMPRSS3	197.0
6	TOMM6	1383.75
6	TRAF3IP3	3142.25
6	TRIM35	771.0
6	TRMO	945.25
6	UBAC2	747.75
6	UBE3A	1412.25
6	UEVLD	786.75
6	UGP2	1697.0
6	USP12	1314.0
6	WIPF1	13873.25
6	ZBED4	742.25
6	ZFC3H1	4006.25
6	ZNF175	716.75
6	ZNF2	121.0
6	ZNF397	2282.25
7	ABLIM1	6742.75
7	ACTB	55244.25
7	ADNP2	1887.5
7	AGFG2	3151.5
7	ALKBH3	177.5
7	ANKRD12	2838.75
7	APOA2	6.0
7	ARHGEF1	8851.0
7	ARMC5	570.0
7	AVIL	267.75
7	C14orf28	8.25
7	C2CD5	1483.25
7	C5orf34	36.0
7	CCDC15	63.75
7	CD3E	10232.25
7	CD79A	12.0
7	CDC14A	3845.25
7	CHD8	4085.25
7	CHMP4A	896.5
7	CIC	1601.5
7	CREM	1017.5
7	CSTF3	3142.25
7	DDX23	1595.25
7	E2F4	1767.25
7	GBP5	6802.75
7	HIPK1	3918.75
7	IFT57	327.5
7	KRT10	42.75
7	LANCL2	705.25
7	LETM2	297.5
7	LRMP	671.25
7	MAN1C1	1451.0
7	MARK2	2195.75
7	MCL1	5294.75
7	MIA3	1959.5
7	NT5C3A	262.25
7	PARS2	75.5
7	PCBP2	12616.25
7	PDLIM2	779.25
7	POGZ	7487.75
7	PRKAG1	948.75
7	PTAR1	1637.0
7	RABAC1	420.75
7	RBM39	6845.0
7	RFX5	788.25
7	RNF145	961.5
7	SAMD13	5.0
7	SELP	53.25
7	SPAG8	21.75
7	SPATA32	88.5
7	SPTY2D1	901.25
7	SSR3	1554.75
7	SUMF2	1526.0
7	TAPT1	1059.75
7	TMEM71	326.5
7	TMEM99	2.0
7	TRANK1	2279.75
7	TSC22D2	1242.5
7	USP22	4811.5
7	VPS37C	292.0
7	WBP1	957.5
7	WDR36	2118.0
7	WDR89	607.25
7	ZNF91	2555.75
8	ARHGEF3	5602.75
8	BCL11B	5429.5
8	BRWD1	2771.0
8	C3orf18	257.75
8	CALM1	7368.5
8	CCDC142	415.0
8	CFD	26.25
8	CHI3L2	121.75
8	CYP27B1	250.25
8	DCAKD	990.0
8	DERL1	4247.25
8	E2F5	696.25
8	EED	2945.5
8	EIF2A	1444.25
8	EIF4E	3182.75
8	EMC4	2506.25
8	F12	8.5
8	FAXDC2	444.5
8	FCMR	7757.0
8	FOXN2	1481.5
8	GMPR2	1303.0
8	HLA-DMB	149.75
8	KDM2B	1205.75
8	LSG1	1081.75
8	MCM3	1838.75
8	MDP1	74.5
8	METTL14	266.75
8	MPDU1	883.25
8	MRPL22	216.25
8	MRPL53	341.0
8	NAA50	3389.75
8	NUDT2	219.75
8	NUP107	1863.75
8	PAN2	1301.0
8	PATL2	403.75
8	PFDN5	1802.0
8	PHF1	1129.0
8	PLXDC1	482.0
8	PPP1R21	553.0
8	PPRC1	3687.0
8	PRDM2	3957.75
8	PRELID3B	2255.25
8	PRKRIP1	1094.75
8	RAB28	308.5
8	RNF43	1589.25
8	RPF1	1786.0
8	RPL17-C18orf32	116.0
8	RPL28	17644.5
8	RPS29	2960.0
8	RTCA	2636.5
8	RTKN2	613.25
8	SERPINB1	438.75
8	SF1	9127.5
8	SLC22A5	721.25
8	SP110	6528.25
8	SPAG16	85.25
8	TMED10	2425.5
8	TMUB2	2185.0
8	TNF	20943.0
8	TOR2A	148.25
8	TSG101	1745.25
8	TSTD1	318.5
8	TUBGCP6	2326.5
8	TWF2	340.25
8	UFC1	887.0
8	VAMP1	1057.0
8	WDR18	311.0
8	ZNF688	94.0
9	ACAP1	2491.75
9	ANKRD44	7751.25
9	ANP32E	14317.25
9	ATP2B4	2634.25
9	CHD7	4382.5
9	CLP1	141.5
9	COQ2	326.75
9	CSDE1	11024.0
9	CTDSP2	4665.75
9	DDX18	6613.75
9	ENSA	3307.0
9	ERAP2	3543.25
9	ERP27	651.25
9	FAM110D	132.75
9	FAM111A	1194.0
9	GPR183	4101.75
9	HES7	9.5
9	ILF2	3438.5
9	LIX1L	3649.0
9	LTB4R	731.0
9	NECAP1	1880.25
9	P2RY8	2176.75
9	PFAS	1931.0
9	PRDM1	13954.25
9	PRMT5	1456.25
9	PSMB3	595.5
9	PYCR2	1782.0
9	RBM4B	881.5
9	RBMX	3167.5
9	RIOK2	433.0
9	RPL34	5250.25
9	RPS10-NUDT3	8305.25
9	RSAD2	217.5
9	RUFY3	262.0
9	SEC23A	1217.5
9	SEC23B	997.25
9	SEMA4A	560.75
9	SLFN14	10.75
9	SOD1	2272.25
9	SRSF7	4726.75
9	STRADA	1447.5
9	TARS2	1140.75
9	TOP2A	231.75
9	TTC32	200.5
9	ZBTB20	3644.25
10	ADNP	1315.25
10	ALOXE3	5.0
10	C11orf54	517.5
10	COPB1	2313.5
10	DYRK1A	6252.5
10	EFCAB2	452.75
10	EIF1B	96.75
10	EXTL2	48.25
10	EZH2	1717.25
10	FAM107B	2848.75
10	GOLGA1	427.0
10	GPBP1	2687.0
10	HERC4	3767.0
10	LRRFIP2	989.5
10	MBNL1	18603.0
10	MPZ	157.25
10	MTMR10	1418.25
10	MXD1	629.75
10	MXI1	1340.0
10	PRR34	55.25
10	PSMA3	2228.0
10	RFC4	446.75
10	RPL23A	5800.25
10	SART3	3865.25
10	SFT2D1	278.0
10	SLC30A4	1616.25
10	SRSF3	8767.25
10	STK11	401.5
10	SYTL2	1127.5
10	TBCC	120.75
10	TCP1	8712.25
10	THRAP3	5674.75
10	TMEM109	1185.0
10	TMEM88	198.25
10	TOMM40L	511.0
10	TSPAN31	620.5
10	U2SURP	2671.25
10	UQCRC2	2983.25
10	ZC3H10	395.5
11	CD3D	2946.25
11	COA1	1913.25
11	CYFIP2	18356.25
11	CYSLTR2	97.75
11	DCTN4	1463.75
11	EEF1G	24422.5
11	EPC1	2018.25
11	HNRNPC	11548.25
11	LRRC23	23.0
11	LTB4R2	164.25
11	NAA60	2509.75
11	RPL23	10614.5
11	RPL26	833.0
11	RPS19BP1	594.5
11	SLC33A1	159.5
11	SSRP1	5098.75
11	SUFU	709.75
11	TRIM69	1710.0
11	UXS1	1249.5
11	WRNIP1	716.75
11	YWHAG	5546.0
12	AGPAT5	1024.0
12	ARID1A	12452.0
12	ASCC1	567.5
12	BCKDHA	145.75
12	BLOC1S6	31199.0
12	BTG2	5507.25
12	CCNT2	1957.25
12	COPS7A	732.75
12	DCDC2B	100.0
12	DDIAS	341.0
12	DGKA	28417.0
12	DSE	98.25
12	ELF1	3459.5
12	ESYT1	6408.75
12	GNL1	1136.25
12	HBS1L	1661.75
12	INTS6	7115.5
12	KLF13	1704.75
12	MAT2A	7030.0
12	MOCS2	323.0
12	NACA	8553.75
12	NUBPL	919.5
12	PPP1R10	3933.5
12	RPL41	63205.0
12	RPS26	4579.0
12	SARAF	7251.5
12	SF3B5	303.75
12	TAPBPL	799.25
12	TMEM107	174.5
12	TXNIP	11837.75
12	ZNF143	444.25
12	ZSCAN31	23.75
13	ATP6V1G1	386.75
13	ATP8B2	4447.5
13	CD69	3695.0
13	COPS4	564.0
13	COX7A2	657.75
13	CSGALNACT2	804.5
13	DTD2	1155.0
13	EIF4EBP3	22.25
13	F5	6849.0
13	FCGRT	202.5
13	FOXN3	7711.75
13	GMEB1	2026.0
13	HMGCS1	1623.0
13	MRPS18B	573.25
13	MYL6B	159.25
13	NEMF	1384.25
13	NR4A2	1676.5
13	PTMS	415.75
13	PTPN4	1462.5
13	RB1	570.25
13	RHOH	3807.75
13	SLC12A6	4784.5
13	SMAD4	4206.25
13	TXLNB	26.25
14	AP2B1	3628.75
14	AZIN1	1140.25
14	BRD2	9207.5
14	BRSK1	20.25
14	LRIF1	318.0
14	NHEJ1	223.0
14	PBXIP1	1215.5
14	RTN2	15.5
14	ST3GAL5	1225.25
14	TCF7	11007.5
14	TSFM	144.25
15	CCDC7	228.0
15	DYNC1LI2	1093.25
15	EIF4A1	5939.0
15	MPZL3	1254.5
15	PIGV	103.25
15	RPS11	16230.0
15	TMED4	3558.25
15	VCPKMT	163.75
16	ADAT1	570.75
16	CHD3	23592.5
16	CUTA	459.0
16	FGF11	52.75
16	FYN	5506.75
16	GRAP2	3120.25
16	HAX1	1526.5
16	HMGN4	225.75
16	MMEL1	95.0
16	RABL6	1510.0
16	SERF2	2495.75
16	STAT6	7684.75
16	TMEM123	4702.25
16	TSNAX	886.0
16	USF1	214.25
17	BTN3A1	2976.25
17	BTN3A3	1397.5
17	DPAGT1	885.5
17	KBTBD2	1741.5
17	MGAT1	1035.5
17	MPZL2	546.25
17	SLFN12L	1283.0
17	USP49	800.75
18	AFTPH	2607.25
18	BTN2A2	477.25
18	DUSP16	5347.0
18	GPR18	551.25
18	PEX11B	481.5
18	PIK3CA	1249.25
18	PRRG2	3.0
18	WDR5B	332.5
18	ZBTB38	880.75
19	CCNB1IP1	588.25
19	ERMN	135.25
19	FLAD1	722.5
19	NSMCE1	1461.5
19	PPP2R5C	6367.25
19	SLC3A2	2811.25
19	ZNF384	3309.75
20	ARHGAP5	898.0
20	ATF7IP	4225.25
20	EEF1E1	424.0
20	HNRNPUL2	3843.25
20	INO80B	898.75
20	MAN1B1	601.75
20	TRIM41	1514.25
20	ZNF230	460.25
20	ZNRD1	472.0
21	GIMAP7	1244.25
21	TIPARP	958.0
22	AMZ2	1129.75
22	ARL2	630.5
22	BTN3A2	1677.5
22	C8orf44-SGK3	6.0
22	NEURL4	517.0
22	RPL21	8444.75
22	SPATA5L1	227.0
22	TGIF1	536.0
23	ARHGDIB	15178.25
23	UBE4A	5188.25
24	ARID4A	919.5
24	PIH1D1	251.25
25	TUBB	23160.5
26	CD44	24542.5
26	DDX6	10221.5
26	TMBIM1	2050.0
26	TMCO1	488.5
26	TTF2	1019.25
27	MDC1	2179.75
28	EIF4G2	28704.0
28	EIF5A	12733.25
28	MLH1	1029.75
28	TIMM10B	709.5
30	DPH5	500.0
30	SIAE	852.25
32	DDX39B	11465.75
33	GIMAP8	458.5
36	YPEL3	543.75
37	BNIP3L	461.5
37	GIMAP2	2873.0
40	HNRNPA1	26081.0
40	MRPL37	1194.0
41	GIMAP5	3636.75
42	OSGEP	1203.25
44	KCTD20	2186.25
45	MSANTD2	385.25
45	RACK1	9912.0
90	PYGO2	576.75
