H3K27ac_count	Gene_Name	Mean_Gene_Expression
0	AAAS	2411.0
0	AAK1	6141.0
0	AARS2	619.0
0	AASDH	83.75
0	ABCA1	397.75
0	ABCA13	165.75
0	ABCA3	185.75
0	ABCB7	669.5
0	ABCD2	209.75
0	ABCF1	7776.0
0	ABCF3	919.0
0	ABHD12	245.5
0	ABHD16A	590.0
0	ABHD4	281.25
0	ABLIM3	1.5
0	ABRA	46.25
0	ACAA1	573.75
0	ACAA2	1402.25
0	ACAP1	2491.75
0	ACAP2	3820.25
0	ACAT1	582.75
0	ACBD5	796.0
0	ACER2	56.5
0	ACKR3	110.5
0	ACMSD	9.75
0	ACOX2	1.75
0	ACP6	331.75
0	ACSBG1	448.75
0	ACSM3	78.0
0	ACSS1	653.25
0	ACTB	55244.25
0	ACTL6A	1353.25
0	ACTR1B	2087.25
0	ADAM17	1820.5
0	ADAMTS17	399.5
0	ADAMTS8	3.75
0	ADAMTSL2	32.0
0	ADCY10	2.75
0	ADCY9	571.0
0	ADD1	3684.25
0	ADD3	8211.5
0	ADHFE1	156.0
0	ADIPOQ	164.5
0	ADIPOR2	544.0
0	ADNP	1315.25
0	ADTRP	442.0
0	AEN	944.75
0	AFF1	4759.25
0	AFTPH	2607.25
0	AGA	243.75
0	AGAP2	1748.75
0	AGBL5	388.25
0	AGFG1	5271.0
0	AHCYL2	844.5
0	AHNAK	18251.25
0	AHNAK2	3.0
0	AIFM1	1066.5
0	AIM2	551.5
0	AIMP1	749.75
0	AIP	489.25
0	AK1	76.25
0	AK9	622.0
0	AKAP7	524.25
0	AKAP8	2540.75
0	AKAP8L	602.5
0	AKIRIN1	1812.0
0	AKR1C3	6.75
0	ALDH4A1	62.75
0	ALDH8A1	105.75
0	ALG14	787.75
0	ALKBH1	183.0
0	ALKBH3	177.5
0	ALPK1	686.5
0	ALPK2	66.5
0	AMD1	3405.75
0	AMMECR1	513.5
0	AMN1	409.5
0	AMOT	74.5
0	AMZ2	1129.75
0	ANAPC15	1343.0
0	ANGPTL5	1.0
0	ANKAR	83.0
0	ANKDD1A	898.5
0	ANKFN1	2.75
0	ANKRD10	1164.5
0	ANKRD11	11882.0
0	ANKRD23	71.0
0	ANKRD46	555.5
0	ANKRD55	335.5
0	ANKS1B	100.25
0	ANKS4B	401.5
0	ANO9	580.5
0	ANP32E	14317.25
0	AOC2	61.25
0	AP1G2	4304.5
0	AP1M1	2087.0
0	AP1M2	4.0
0	AP2M1	1775.75
0	AP3B1	1940.5
0	APBB1	703.5
0	APLN	2.5
0	APMAP	1070.0
0	APOBEC3B	25.0
0	APOD	13.25
0	APOE	184.25
0	APOH	10.5
0	APOL4	496.0
0	APOL6	2822.25
0	AQP10	3.75
0	AQP6	141.75
0	ARAF	1435.25
0	ARAP2	1499.0
0	ARAP3	60.75
0	ARF4	706.75
0	ARF6	3211.25
0	ARFIP1	324.5
0	ARG1	126.5
0	ARHGAP10	275.75
0	ARHGAP15	1290.5
0	ARHGAP17	1468.75
0	ARHGAP18	131.75
0	ARHGAP35	1478.0
0	ARHGEF3	5602.75
0	ARHGEF38	184.25
0	ARID3B	1268.75
0	ARID5A	782.5
0	ARL14EP	1008.5
0	ARL2BP	449.5
0	ARL5A	957.0
0	ARL6	115.25
0	ARL6IP5	2069.0
0	ARL9	289.25
0	ARMC12	5.25
0	ARMC2	51.25
0	ARMCX5	187.75
0	ARPC4	6056.0
0	ARRDC2	606.75
0	ARRDC3	1620.0
0	ARSG	1103.25
0	ART3	491.25
0	ART4	120.5
0	ASAP1	5155.5
0	ASAP3	56.25
0	ASF1A	1142.5
0	ASGR1	92.25
0	ASNS	1581.5
0	ASPM	101.5
0	ATAD1	1328.5
0	ATF4	4483.0
0	ATF5	656.0
0	ATF6	1972.5
0	ATF7IP2	729.5
0	ATG101	229.25
0	ATG16L1	1234.75
0	ATG5	291.0
0	ATP13A3	4404.5
0	ATP1A1	35459.75
0	ATP23	162.25
0	ATP2A1	47.5
0	ATP6V0D2	119.0
0	ATP6V1G1	386.75
0	ATRIP	281.0
0	ATXN7L3B	3132.5
0	AUH	267.25
0	AVIL	267.75
0	AVL9	1850.0
0	B3GALNT2	442.0
0	B3GALT2	136.0
0	B3GNT9	172.25
0	B4GALNT3	81.5
0	BABAM1	1115.5
0	BAG2	523.0
0	BATF	588.0
0	BAZ2B	1329.75
0	BBC3	23.25
0	BBX	1152.25
0	BCAP29	422.0
0	BCKDHA	145.75
0	BCL10	542.5
0	BCL2L10	5.5
0	BCL6	1188.75
0	BCL6B	8.5
0	BCL9L	12424.5
0	BCR	1307.0
0	BDH2	90.0
0	BDKRB1	39.75
0	BDP1	3254.5
0	BEST1	461.5
0	BFAR	2018.25
0	BFSP1	12.0
0	BIRC2	307.0
0	BIRC5	413.5
0	BLCAP	1257.25
0	BLM	491.5
0	BLNK	5.75
0	BLOC1S2	647.25
0	BLOC1S6	31199.0
0	BMF	227.5
0	BMP4	4.5
0	BNIP1	63.25
0	BNIP3L	461.5
0	BOD1	324.75
0	BORCS7	1975.25
0	BRAF	2512.5
0	BRD1	1632.0
0	BRD4	10015.5
0	BRDT	97.5
0	BRF2	133.25
0	BRK1	931.0
0	BRMS1	470.5
0	BRMS1L	62.0
0	BRWD1	2771.0
0	BSCL2	96.0
0	BTBD18	192.75
0	BTLA	346.75
0	BTN1A1	3.5
0	BTN2A1	603.0
0	BTNL8	5.75
0	BUB1	525.5
0	BUD31	657.5
0	C10orf105	10.0
0	C10orf67	40.75
0	C11orf1	329.0
0	C11orf24	732.0
0	C11orf49	376.25
0	C11orf58	2277.25
0	C12orf10	767.5
0	C12orf40	36.0
0	C12orf66	514.25
0	C15orf61	167.75
0	C17orf49	340.75
0	C17orf78	5.5
0	C17orf98	6.0
0	C18orf21	734.25
0	C18orf25	2158.25
0	C19orf54	399.25
0	C1D	364.75
0	C1orf105	1.75
0	C1orf109	472.0
0	C1orf174	1514.5
0	C1orf198	127.5
0	C1orf216	276.75
0	C1orf61	335.25
0	C1orf74	116.75
0	C1RL	452.25
0	C22orf46	61.0
0	C2CD4A	209.0
0	C2CD5	1483.25
0	C3orf20	9.5
0	C4BPA	10.5
0	C4BPB	804.25
0	C4orf17	8.0
0	C4orf3	774.75
0	C4orf45	1.25
0	C5orf58	70.25
0	C5orf63	135.0
0	C6orf47	423.0
0	C7orf31	100.25
0	C7orf57	12.75
0	C7orf61	21.0
0	C8orf37	201.25
0	CAB39	4209.5
0	CABYR	159.0
0	CACFD1	82.75
0	CALN1	79.75
0	CAMK1G	3.75
0	CAMK4	7156.25
0	CAPG	73.75
0	CAPS2	188.25
0	CAPSL	1.5
0	CARD11	1330.25
0	CARNMT1	720.5
0	CASP8AP2	781.75
0	CASS4	316.25
0	CATIP	357.25
0	CATSPERG	367.25
0	CAV1	1.5
0	CBL	5055.75
0	CBLL1	3804.25
0	CBX2	45.75
0	CBX3	2089.75
0	CBX8	13.75
0	CCDC106	19.25
0	CCDC125	1875.25
0	CCDC134	61.5
0	CCDC138	258.25
0	CCDC142	415.0
0	CCDC146	82.0
0	CCDC15	63.75
0	CCDC183	86.0
0	CCDC28A	140.75
0	CCDC65	81.5
0	CCDC80	183.75
0	CCDC82	602.5
0	CCDC86	2705.5
0	CCDC89	10.25
0	CCDC9	549.5
0	CCDC91	2234.5
0	CCDC97	1144.75
0	CCL27	93.75
0	CCL3	4627.0
0	CCM2	1055.5
0	CCND1	275.0
0	CCNT2	1957.25
0	CCNY	2114.5
0	CCNYL1	1029.75
0	CCP110	1099.75
0	CCR2	95.75
0	CCR4	3127.0
0	CCRL2	40.0
0	CD109	894.75
0	CD160	214.0
0	CD200	1146.75
0	CD200R1	368.75
0	CD22	655.75
0	CD226	4638.0
0	CD274	1564.5
0	CD300LB	4.75
0	CD300LF	7.5
0	CD38	947.0
0	CD40LG	4241.0
0	CD46	2587.75
0	CD55	5221.5
0	CD63	1255.5
0	CD68	940.0
0	CD72	83.25
0	CD79B	32.5
0	CD9	4.5
0	CD96	3771.75
0	CD99	1515.25
0	CDC20	209.0
0	CDC27	1075.25
0	CDC37L1	253.5
0	CDC42SE2	7620.25
0	CDC6	3505.25
0	CDC73	2902.5
0	CDCA4	446.75
0	CDH16	2.5
0	CDHR4	113.5
0	CDK12	3888.5
0	CDK13	3808.25
0	CDK17	1277.5
0	CDK19	324.25
0	CDK6	17407.0
0	CDK7	571.25
0	CDK8	571.75
0	CDKL2	8.0
0	CDKL5	4410.5
0	CDKN2A	46.0
0	CDKN2AIPNL	289.25
0	CDKN2D	781.25
0	CEACAM1	552.75
0	CEACAM6	2.5
0	CELA1	3.5
0	CELSR2	152.0
0	CEMIP	226.0
0	CENPH	593.5
0	CENPM	195.25
0	CEP120	2785.5
0	CEP126	503.0
0	CEP250	1690.25
0	CEP350	2346.0
0	CEP70	108.75
0	CETP	141.75
0	CFAP157	107.5
0	CFAP20	758.75
0	CFAP54	1402.25
0	CFAP70	118.0
0	CFAP77	2.5
0	CFL2	783.25
0	CFP	502.0
0	CGREF1	72.75
0	CGRRF1	102.25
0	CH25H	4.0
0	CHAF1B	1388.25
0	CHCHD1	120.25
0	CHCHD3	592.75
0	CHCHD5	234.75
0	CHD4	8100.0
0	CHD8	4085.25
0	CHEK2	1107.75
0	CHI3L2	121.75
0	CHIC2	266.0
0	CHID1	1086.5
0	CHKA	263.0
0	CHMP3	868.0
0	CHN1	83.25
0	CHORDC1	9541.25
0	CHST11	2341.0
0	CHST4	10.75
0	CHUK	533.25
0	CIB2	21.5
0	CIC	1601.5
0	CIPC	585.75
0	CIRBP	3274.0
0	CITED2	2163.25
0	CKS1B	334.0
0	CLCN3	1264.25
0	CLCN5	315.0
0	CLDN12	116.25
0	CLDN15	170.25
0	CLDND1	8477.5
0	CLDND2	46.0
0	CLEC3B	6.25
0	CLEC7A	528.0
0	CLINT1	5665.5
0	CLK2	1622.25
0	CLK4	1296.25
0	CLNS1A	1313.0
0	CLPB	3399.25
0	CLSPN	648.75
0	CLSTN1	1937.5
0	CLTA	1268.75
0	CLTB	314.25
0	CLUL1	58.5
0	CMC1	233.0
0	CMIP	1083.5
0	CMPK2	130.0
0	CMSS1	1999.0
0	CMTR1	837.0
0	CNBP	3555.25
0	CNNM4	287.0
0	CNOT11	1210.75
0	CNOT3	2894.0
0	CNOT4	2659.5
0	CNPY2	1104.5
0	CNPY3	1047.0
0	CNTD2	17.5
0	COA6	317.5
0	COG3	1156.25
0	COL17A1	28.0
0	COL19A1	88.75
0	COL1A1	149.25
0	COL23A1	17.25
0	COL28A1	183.75
0	COL5A2	1.75
0	COL6A3	1158.25
0	COL8A2	16.25
0	COL9A1	219.5
0	COLQ	186.75
0	COMMD10	177.75
0	COMMD8	57.5
0	COMMD9	410.5
0	COPB2	2690.75
0	COPG1	2543.0
0	COPS3	1025.25
0	COPS7A	732.75
0	COPZ1	647.5
0	COQ10A	531.75
0	COQ7	133.0
0	CORO1C	418.5
0	COTL1	2777.25
0	COX16	334.5
0	COX5B	375.5
0	COX6B1	77.5
0	COX7A2	657.75
0	COX7C	2935.75
0	CP	68.5
0	CPA3	12.25
0	CPA4	182.25
0	CPEB4	1352.25
0	CPED1	29.5
0	CPLX4	5.5
0	CPNE6	132.25
0	CPSF6	2259.0
0	CPT2	567.75
0	CPVL	3.75
0	CR1	615.5
0	CR2	25.5
0	CRADD	251.5
0	CRB2	78.75
0	CREB3L2	1971.25
0	CREG1	528.25
0	CRK	559.5
0	CRLS1	368.75
0	CRNKL1	1102.75
0	CROCC	844.5
0	CRTAM	288.5
0	CRY1	424.25
0	CRYBG3	163.25
0	CRYGS	45.0
0	CS	4315.25
0	CSNK2A1	5558.75
0	CSNK2A3	5.0
0	CSTF3	3142.25
0	CTAGE1	4.0
0	CTBP1	1229.25
0	CTDSP1	645.5
0	CTNNAL1	30.5
0	CTNND1	271.5
0	CTSC	1179.0
0	CTSK	145.75
0	CTSW	551.75
0	CUBN	486.5
0	CWC22	830.75
0	CWC25	1277.0
0	CWC27	601.75
0	CWF19L2	1166.75
0	CX3CR1	48.75
0	CXCL17	5.5
0	CXCL9	118.5
0	CXCR6	211.25
0	CXorf21	89.75
0	CYB5A	596.5
0	CYB5B	1379.5
0	CYB5R2	153.75
0	CYB5R4	848.5
0	CYBB	8.5
0	CYP11A1	29.0
0	CYP2E1	46.75
0	CYP3A43	565.5
0	CYP7B1	1.25
0	CYP8B1	71.75
0	CYSLTR1	2300.75
0	DAGLA	32.0
0	DAND5	675.75
0	DAPP1	821.5
0	DBT	2254.25
0	DCAKD	990.0
0	DCBLD1	245.75
0	DCBLD2	120.75
0	DCTD	648.0
0	DCTN6	583.75
0	DCTPP1	767.0
0	DDI2	5270.0
0	DDX10	1850.25
0	DDX19A	2897.0
0	DDX23	1595.25
0	DDX27	1558.0
0	DDX50	703.25
0	DDX58	355.5
0	DECR1	291.5
0	DENND2D	2027.25
0	DEPDC5	2702.75
0	DEPTOR	49.0
0	DGCR8	1714.75
0	DGKA	28417.0
0	DGKB	184.5
0	DHRS12	164.25
0	DHRS3	798.75
0	DHX15	4913.75
0	DHX30	2885.75
0	DHX36	1302.5
0	DHX58	151.25
0	DIAPH1	6861.25
0	DIAPH3	656.0
0	DIO1	18.5
0	DIP2B	3250.75
0	DKK4	1.75
0	DLD	1432.25
0	DMC1	1423.25
0	DMTF1	5178.5
0	DMXL1	878.0
0	DMXL2	321.25
0	DNAH1	2079.75
0	DNAH3	139.25
0	DNAJA2	3502.75
0	DNAJB6	1928.75
0	DNAJB8	5.0
0	DNAJC12	51.75
0	DNAJC16	1002.5
0	DNAJC27	103.25
0	DNAJC5B	156.75
0	DNHD1	1387.0
0	DNM1L	2107.5
0	DNM2	2362.25
0	DOCK10	15149.5
0	DONSON	445.25
0	DOT1L	1136.25
0	DPEP2	938.5
0	DPF3	22.0
0	DPM2	834.5
0	DPY30	378.0
0	DQX1	132.0
0	DRAM1	288.5
0	DRD3	4.0
0	DRICH1	20.25
0	DSC1	64.0
0	DSCAML1	3.0
0	DSE	98.25
0	DST	1579.5
0	DSTN	405.75
0	DTHD1	63.75
0	DTWD2	668.5
0	DTX1	269.25
0	DUS3L	513.0
0	DUSP10	378.0
0	DUSP11	1756.5
0	DUSP14	180.5
0	DUSP22	574.25
0	DUSP28	751.5
0	DYNC1LI2	1093.25
0	DYRK1B	80.25
0	DYRK2	7836.5
0	E2F4	1767.25
0	E2F5	696.25
0	EBAG9	509.75
0	EBLN2	991.25
0	EBPL	1684.5
0	ECHDC3	11.0
0	ECI2	393.25
0	EDAR	198.75
0	EDC3	960.5
0	EDEM1	4571.25
0	EEA1	913.5
0	EFNA4	110.5
0	EFNB1	211.75
0	EFNB2	4.75
0	EGLN1	546.25
0	EGR2	5327.0
0	EID1	5153.25
0	EID2	90.75
0	EID3	165.25
0	EIF1B	96.75
0	EIF2AK3	126.5
0	EIF2B3	556.0
0	EIF3H	2957.0
0	EIF3K	1306.25
0	EIF4E	3182.75
0	ELL3	37.0
0	ELOF1	2768.0
0	ELOVL4	63.25
0	ELP2	1189.75
0	EMC2	181.75
0	EMC3	479.75
0	EMC9	119.75
0	EMP1	276.5
0	ENKUR	4.75
0	ENPP2	42.5
0	ENPP4	258.25
0	ENTHD1	6.5
0	ENTPD1	780.0
0	EOMES	228.0
0	EP300	6554.25
0	EPB42	36.0
0	EPC1	2018.25
0	EPHA1	148.0
0	ERCC5	522.5
0	ERCC6L2	701.0
0	ERGIC2	375.5
0	ERICH4	5.0
0	ERO1B	176.0
0	ERV3-1	202.0
0	ESAM	38.25
0	ESPL1	434.25
0	ESRRA	467.75
0	ETNK1	4012.25
0	ETV5	31.75
0	EVI2B	4519.25
0	EXO1	588.0
0	EXOC3L1	2.0
0	EXOG	477.5
0	EXOSC9	686.25
0	EYA3	2407.5
0	EYS	939.25
0	EZH2	1717.25
0	F12	8.5
0	F8	31.5
0	FAAH2	384.75
0	FAAP100	311.5
0	FABP5	487.25
0	FADS3	218.0
0	FAIM	384.25
0	FAM110D	132.75
0	FAM117B	2409.25
0	FAM124B	38.5
0	FAM13A	10735.25
0	FAM160B1	701.5
0	FAM166A	132.75
0	FAM168B	3408.0
0	FAM177A1	1701.5
0	FAM177B	6.0
0	FAM189A2	2.25
0	FAM204A	1121.5
0	FAM20B	991.25
0	FAM234B	411.75
0	FAM24B	57.25
0	FAM3C	848.75
0	FAM53A	14.5
0	FAM53B	1163.5
0	FAM98B	1208.25
0	FANCD2	2178.5
0	FANCE	130.25
0	FASLG	244.25
0	FASTKD1	367.0
0	FBL	5156.5
0	FBXL14	582.5
0	FBXL4	495.75
0	FBXO11	1389.0
0	FBXO28	768.25
0	FBXO3	730.75
0	FBXO34	726.5
0	FBXO47	1.25
0	FBXO7	1825.75
0	FBXW7	2298.25
0	FBXW9	39.5
0	FCGR2A	58.0
0	FCHSD1	650.0
0	FCRL1	142.75
0	FCRL2	121.25
0	FCRL6	7.25
0	FCRLB	2.25
0	FDX1	478.0
0	FEM1A	1865.5
0	FEM1B	1945.0
0	FERMT3	2170.0
0	FES	34.75
0	FGD2	232.5
0	FGF7	14.75
0	FGF9	90.0
0	FGFBP2	5.5
0	FH	588.5
0	FHL3	194.75
0	FILIP1	104.0
0	FITM1	23.25
0	FKBPL	15.25
0	FLG2	35.5
0	FMO5	239.75
0	FMOD	22.25
0	FNDC3B	3419.75
0	FNTB	422.5
0	FOPNL	1253.5
0	FOS	1650.25
0	FOSB	868.25
0	FOXD2	18.5
0	FOXP4	1092.75
0	FPGS	309.0
0	FUBP1	6161.5
0	FUCA2	184.0
0	FURIN	3485.25
0	FUS	11045.25
0	FUZ	71.5
0	FXR1	2808.25
0	FYCO1	940.25
0	G0S2	178.0
0	G2E3	457.25
0	G3BP1	7862.5
0	G3BP2	4188.75
0	G6PC2	7.5
0	GAB3	453.25
0	GABRR2	2.75
0	GAD1	18.5
0	GADD45A	321.25
0	GADD45G	5.75
0	GADD45GIP1	746.5
0	GAL3ST4	762.75
0	GALC	1207.0
0	GALM	798.5
0	GALNT4	752.25
0	GALR2	73.75
0	GAN	39.25
0	GARNL3	139.5
0	GAS2	7.75
0	GATA2	207.5
0	GATA3	2155.0
0	GBA	661.25
0	GBE1	292.0
0	GBP4	4350.25
0	GBP7	30.0
0	GCC2	2089.25
0	GCM1	45.75
0	GCSAM	194.5
0	GDAP1	605.0
0	GDF10	2.25
0	GDPD5	622.75
0	GFM1	3781.25
0	GGCX	709.5
0	GHRL	180.75
0	GINS4	512.5
0	GIPR	266.25
0	GIT1	3045.5
0	GJA10	8.75
0	GLA	434.25
0	GLB1L2	283.25
0	GLG1	11445.75
0	GLIPR1	292.25
0	GLIPR1L2	316.5
0	GLRX	1059.75
0	GLRX3	960.75
0	GLUL	545.25
0	GLYCTK	186.0
0	GMDS	288.0
0	GMFB	1263.75
0	GMPPA	777.0
0	GNAI3	2582.5
0	GNGT1	49.25
0	GOLGA5	348.0
0	GOLGB1	2132.25
0	GON4L	2735.75
0	GOT1	323.0
0	GP5	57.25
0	GPBP1	2687.0
0	GPC5	1.5
0	GPCPD1	1034.0
0	GPN2	989.25
0	GPR137	252.25
0	GPR150	25.75
0	GPR162	2.5
0	GPR171	696.5
0	GPR179	70.25
0	GPR182	25.75
0	GPR22	47.25
0	GPR3	207.5
0	GPR65	373.25
0	GPR68	276.25
0	GPR84	4.0
0	GPRIN3	4467.5
0	GPX8	65.25
0	GRAMD1C	71.0
0	GREM2	55.0
0	GRID1	11.0
0	GRK6	2016.5
0	GRN	487.0
0	GRPEL2	812.0
0	GRWD1	767.0
0	GSG1	479.0
0	GSK3A	2026.75
0	GSTO1	239.25
0	GTF2A1	5899.5
0	GTF2F2	964.75
0	GTF3C1	1416.25
0	GTF3C2	3151.75
0	GTF3C6	465.25
0	GTPBP8	537.75
0	GXYLT1	376.25
0	GYG1	755.75
0	GZMA	347.0
0	HAL	14.25
0	HAPLN3	1469.75
0	HAUS4	418.0
0	HAUS5	864.5
0	HBP1	3209.5
0	HBS1L	1661.75
0	HDAC2	1429.0
0	HDAC8	863.0
0	HDLBP	4996.25
0	HEATR3	1137.75
0	HECA	2037.75
0	HECTD3	991.25
0	HENMT1	236.5
0	HERC3	1984.5
0	HERC5	291.5
0	HIBADH	286.5
0	HIF1AN	2351.5
0	HILPDA	199.0
0	HIPK1	3918.75
0	HIVEP3	10224.5
0	HKDC1	53.0
0	HLA-B	18590.0
0	HLA-DMB	149.75
0	HLA-DOA	255.5
0	HLA-DOB	211.5
0	HLA-DPB1	512.5
0	HLA-DQA1	2514.5
0	HLA-DQA2	2.75
0	HLA-DQB1	735.75
0	HLA-DQB2	97.75
0	HLA-DRA	286.5
0	HLA-DRB1	408.5
0	HLA-G	3.5
0	HMGA1	18468.5
0	HMGN5	57.25
0	HNRNPA1	26081.0
0	HNRNPA2B1	57022.0
0	HNRNPC	11548.25
0	HNRNPD	14862.25
0	HNRNPH3	12903.75
0	HNRNPL	1879.75
0	HOXA10	0.5
0	HOXA5	1.75
0	HOXA6	4.75
0	HOXB2	118.25
0	HOXB3	162.0
0	HOXB6	2.75
0	HOXB9	12.0
0	HOXC4	11.75
0	HPCAL1	1525.5
0	HPX	110.75
0	HRK	122.75
0	HRNR	26.0
0	HS1BP3	136.25
0	HSD11B1	16.75
0	HSD17B12	1969.25
0	HSD17B4	962.25
0	HSDL2	178.25
0	HSF2	227.5
0	HSF5	231.5
0	HSP90B1	26489.75
0	HSPA1B	400.75
0	HSPA8	31440.75
0	HSPA9	9816.75
0	HTATIP2	337.75
0	HTR1D	50.25
0	HTRA4	201.0
0	IBTK	1320.0
0	ICAM1	1371.5
0	ICAM4	134.25
0	ICE1	2394.5
0	ICE2	4137.5
0	ID2	2022.0
0	IDH2	791.75
0	IDH3B	1330.75
0	IDNK	264.5
0	IER5	502.5
0	IFI16	3264.25
0	IFI27	73.5
0	IFI35	305.25
0	IFI44	231.0
0	IFI44L	229.25
0	IFI6	281.25
0	IFIT1	190.25
0	IFIT1B	3.0
0	IFNAR1	1078.5
0	IFNGR2	224.5
0	IFT27	250.75
0	IFT46	320.5
0	IFT74	411.0
0	IFT81	477.5
0	IGF1	226.0
0	IGF2BP3	218.0
0	IGFL4	115.5
0	IKBKB	2406.25
0	IL12B	10.0
0	IL16	3291.25
0	IL17A	47.5
0	IL18BP	1701.0
0	IL18RAP	141.25
0	IL1RL1	53.25
0	IL1RL2	10.5
0	IL2	4143.5
0	IL21	7.25
0	IL21R	2002.5
0	IL23A	100.75
0	IL23R	329.5
0	IL24	626.5
0	IL26	15.75
0	IL2RA	17695.5
0	IL36A	1.25
0	IL5	401.0
0	IL6	23.25
0	IL9	1497.0
0	ILKAP	1032.5
0	IMMT	2603.75
0	IMP3	441.0
0	IMPDH1	446.5
0	IMPDH2	1599.25
0	ING3	426.25
0	INHBC	9.25
0	INIP	843.75
0	INO80B	898.75
0	INO80C	682.25
0	INPP4A	3424.25
0	INPP4B	11354.25
0	INSL6	134.5
0	INTS6L	484.5
0	IPO11	1394.25
0	IQCA1	2.75
0	IQCG	243.75
0	IRF4	37983.0
0	IRF8	7023.75
0	IRF9	2225.0
0	IRGM	87.75
0	ISG15	77.75
0	ISOC2	112.25
0	ITGA5	740.0
0	ITGAE	172.25
0	ITGAV	184.5
0	ITIH1	24.75
0	ITM2A	1199.5
0	IVNS1ABP	2903.5
0	IWS1	1568.0
0	JADE1	1824.5
0	JRKL	196.5
0	JUP	57.0
0	KANSL1L	407.5
0	KBTBD11	203.25
0	KBTBD2	1741.5
0	KBTBD7	85.75
0	KCNA3	1603.25
0	KCNAB2	1447.5
0	KCNIP2	42.25
0	KCNJ15	175.0
0	KCNJ9	150.25
0	KCNK7	3.0
0	KCNMB1	216.25
0	KCNN1	124.0
0	KDM3B	2265.5
0	KIAA0040	1007.75
0	KIAA0232	858.25
0	KIAA0408	9.25
0	KIAA0556	470.25
0	KIAA1549L	8.75
0	KIAA1586	189.5
0	KIF13B	637.5
0	KIF21A	1971.0
0	KIF22	1358.0
0	KIF26B	31.25
0	KIFC1	177.25
0	KIZ	288.25
0	KLF9	953.75
0	KLHDC10	842.75
0	KLHDC8A	5.0
0	KLHL15	818.0
0	KLHL20	575.0
0	KLHL24	1586.5
0	KLHL26	343.5
0	KLHL3	895.0
0	KLHL5	576.0
0	KLHL6	3796.25
0	KLHL9	453.75
0	KLRF1	3.0
0	KMO	58.25
0	KMT2D	6442.75
0	KPNA2	873.0
0	KPNA5	3651.75
0	KPNA6	2428.75
0	KTN1	2801.75
0	L1TD1	58.75
0	LAGE3	120.25
0	LAIR1	1322.5
0	LAMP3	1125.75
0	LAMTOR1	403.0
0	LAMTOR5	960.75
0	LANCL1	609.75
0	LAPTM5	10701.0
0	LAX1	549.5
0	LBHD1	598.5
0	LCN12	32.25
0	LCORL	925.0
0	LCP1	21299.0
0	LCP2	11966.0
0	LDHAL6A	166.0
0	LDHB	8066.25
0	LDLRAD4	948.75
0	LECT2	9.5
0	LEF1	13621.25
0	LEMD2	891.25
0	LENEP	9.0
0	LENG1	257.75
0	LETM2	297.5
0	LETMD1	1162.25
0	LGALS12	1.0
0	LGALS14	8.5
0	LGR6	13.5
0	LHFPL1	4.25
0	LIF	4233.25
0	LILRA4	363.0
0	LIPC	119.0
0	LIPE	402.75
0	LMAN1L	2.75
0	LMAN2	937.25
0	LMBR1	1970.25
0	LMBRD1	882.0
0	LMOD3	219.5
0	LPGAT1	2563.25
0	LPIN3	128.75
0	LRIG1	1165.25
0	LRIG2	1688.0
0	LRIT3	20.25
0	LRP10	3291.75
0	LRP4	6.0
0	LRRC2	546.5
0	LRRC47	815.75
0	LRRC58	4580.25
0	LRRC66	3.25
0	LRRC8C	4490.0
0	LRRK1	5410.5
0	LRRN4CL	110.25
0	LSM10	174.75
0	LSM14A	6732.0
0	LSM8	395.25
0	LST1	106.75
0	LTA	14565.5
0	LTA4H	2188.75
0	LTB	2502.75
0	LTBP2	59.25
0	LTC4S	2.25
0	LTV1	2589.0
0	LUC7L3	2716.0
0	LUZP1	745.25
0	LXN	70.5
0	LY6G5C	170.5
0	LY9	1414.5
0	LYL1	258.5
0	LYPLA1	1476.5
0	LYSMD4	249.25
0	LYVE1	2.0
0	LYZ	3409.75
0	MAEA	974.75
0	MAGEF1	202.25
0	MAGT1	1444.75
0	MALT1	701.75
0	MAN1B1	601.75
0	MAN2A1	1248.75
0	MAP1LC3C	34.75
0	MAP2K5	740.25
0	MAP3K7	1349.75
0	MAPK1	5844.5
0	MAPK13	2397.75
0	MAPK14	1523.25
0	MAPK1IP1L	7945.75
0	MAPK8	1067.75
0	MAPKBP1	694.0
0	MAPRE2	3238.25
0	MARK2	2195.75
0	MARS2	1013.25
0	MASTL	744.0
0	MAT2A	7030.0
0	MATN1	52.25
0	MATN3	3.25
0	MAU2	2545.25
0	MB21D2	86.5
0	MBIP	811.5
0	MBNL1	18603.0
0	MBNL2	686.0
0	MBNL3	530.0
0	MBTPS1	2890.0
0	MCAM	76.75
0	MCCC1	917.5
0	MCTP1	107.5
0	MECP2	1489.5
0	MED11	249.75
0	MED30	289.25
0	MED6	1219.0
0	MEF2A	1370.5
0	MEIS3	20.0
0	MEST	253.0
0	METAP1	2524.25
0	METTL9	976.5
0	MEX3A	21.0
0	MFAP3L	121.0
0	MFAP5	145.5
0	MGP	759.0
0	MGST3	591.75
0	MIA	0.75
0	MIB1	1397.25
0	MICAL2	1707.0
0	MICAL3	2286.75
0	MICB	597.25
0	MINK1	715.25
0	MIP	6.25
0	MIS18BP1	744.25
0	MKKS	163.25
0	MKLN1	2482.75
0	MKNK1	1291.75
0	MLANA	643.0
0	MLF2	2091.5
0	MMP19	6.5
0	MNAT1	271.75
0	MNDA	12.5
0	MOCS2	323.0
0	MORC2	1242.5
0	MORF4L1	3921.5
0	MORF4L2	672.25
0	MORN3	475.25
0	MPC1	149.0
0	MPDU1	883.25
0	MPRIP	2047.0
0	MR1	1027.5
0	MRPL19	286.5
0	MRPL23	303.75
0	MRPL3	2711.5
0	MRPL33	154.75
0	MRPL35	754.5
0	MRPL36	353.75
0	MRPL37	1194.0
0	MRPL4	1866.75
0	MRPL53	341.0
0	MRPS18A	190.0
0	MRPS21	1952.75
0	MRPS28	248.5
0	MRPS33	546.5
0	MSANTD3	332.25
0	MSMO1	1804.0
0	MSRA	143.0
0	MT1F	64.5
0	MT1G	20.25
0	MT1H	2.25
0	MTERF1	1213.25
0	MTG1	675.75
0	MTMR10	1418.25
0	MTMR11	20.75
0	MTMR14	1631.5
0	MTMR4	1370.0
0	MTMR9	1125.5
0	MTOR	2551.25
0	MTPN	1514.25
0	MTR	4114.25
0	MTRNR2L1	1079828.25
0	MTRNR2L3	95695.25
0	MUC1	114.0
0	MUC16	37.5
0	MUS81	609.75
0	MVB12B	107.25
0	MXI1	1340.0
0	MYCL	5.75
0	MYEOV	14.75
0	MYH3	373.75
0	MYH9	13547.75
0	MYL6B	159.25
0	MYLK4	47.0
0	MYLPF	7.75
0	MYO18A	3042.25
0	MYO1C	393.0
0	MYO5A	1996.25
0	MYOM1	126.75
0	MYOM2	31.0
0	NAB1	843.75
0	NABP1	3350.75
0	NAF1	928.25
0	NAGK	1007.75
0	NANOS3	1.25
0	NASP	5770.75
0	NAT10	4291.5
0	NATD1	245.0
0	NAV2	84.5
0	NBN	652.5
0	NCF2	171.0
0	NCKAP1L	5968.75
0	NCR3	110.5
0	NDFIP2	1197.75
0	NDUFAF3	1748.0
0	NDUFAF6	544.75
0	NDUFB8	1521.0
0	NDUFS5	523.75
0	NEIL3	207.25
0	NEK7	1005.0
0	NEK8	262.0
0	NEK9	1831.25
0	NELFCD	1442.75
0	NEMP2	626.75
0	NEURL3	14.25
0	NFAM1	94.25
0	NFAT5	4044.5
0	NFIL3	479.75
0	NFIX	629.0
0	NFKBIA	6508.5
0	NFKBIL1	55.25
0	NFYA	1455.0
0	NFYC	1700.75
0	NGDN	744.5
0	NIN	5619.0
0	NINJ2	96.0
0	NIPA2	3017.25
0	NKG7	744.5
0	NLE1	628.75
0	NMD3	1122.25
0	NMUR1	88.75
0	NOD1	150.25
0	NOG	98.0
0	NOL11	1689.5
0	NOL12	735.75
0	NOL7	4903.25
0	NONO	17321.0
0	NOP10	884.25
0	NOP2	665.5
0	NOSTRIN	79.75
0	NPHP3	1714.25
0	NPM3	472.25
0	NPR2	92.25
0	NPRL2	489.0
0	NPTX2	1.5
0	NPW	4.25
0	NR1I3	240.75
0	NR3C1	1596.75
0	NRBF2	568.25
0	NRDE2	2039.25
0	NRGN	16.5
0	NRN1L	19.0
0	NRSN2	71.75
0	NT5C3A	262.25
0	NTMT1	238.5
0	NTPCR	344.5
0	NTSR1	7.0
0	NUAK2	313.75
0	NUDT10	14.0
0	NUDT13	230.5
0	NUDT17	90.75
0	NUDT2	219.75
0	NUDT3	3823.25
0	NUDT4	6197.75
0	NUFIP2	6896.0
0	NUMB	3052.75
0	NUP107	1863.75
0	NUP160	1941.75
0	NUP210L	26.75
0	NUP43	1776.25
0	NUP58	1736.25
0	OARD1	774.75
0	OAS2	2259.75
0	OAZ3	107.25
0	OCIAD1	1443.75
0	ODF3	33.5
0	OGG1	857.0
0	OMA1	364.25
0	OMG	67.0
0	OPA3	2108.0
0	OPTN	1767.0
0	OR10AD1	34.75
0	OR10G3	1242.75
0	OR10H1	496.5
0	OR10J1	92.5
0	OR14J1	1588.0
0	OR1I1	563.75
0	OR1J1	7.25
0	OR1J2	2.5
0	OR1L8	14.25
0	OR2A5	253.25
0	OR2AG2	92.5
0	OR2C1	2.5
0	OR2M4	164.5
0	OR2V1	21.0
0	OR52I2	6.25
0	OR52K1	92.0
0	OR5A2	353.0
0	OR5K2	1.5
0	OR5T2	3.75
0	OR8J3	47.75
0	ORC6	18576.25
0	OSBPL3	1745.0
0	OSGIN2	293.0
0	OTOA	44.25
0	OTUB1	1287.0
0	OTUB2	203.25
0	OTUD6B	1478.0
0	OXSM	96.25
0	P2RX7	302.5
0	P2RY13	10.0
0	P2RY14	38.5
0	PACRGL	289.75
0	PACSIN3	98.75
0	PAFAH1B2	2652.5
0	PAFAH2	490.0
0	PAG1	4945.5
0	PAGR1	217.0
0	PAIP2	1312.0
0	PAK1	484.25
0	PAK2	4912.0
0	PALM3	28.25
0	PAM	444.0
0	PAN2	1301.0
0	PANK2	1431.75
0	PAQR8	1236.0
0	PARK7	2969.25
0	PARN	1835.25
0	PARP15	2800.0
0	PARP16	260.75
0	PARP8	2541.0
0	PARS2	75.5
0	PARVG	805.25
0	PAX8	136.75
0	PAXIP1	1378.5
0	PBLD	323.25
0	PBXIP1	1215.5
0	PCBD2	553.0
0	PCDH1	7.0
0	PCDHA9	195.5
0	PCDHB11	39.0
0	PCDHB16	95.5
0	PCDHB2	37.0
0	PCDHB9	159.25
0	PCDHGA1	42.5
0	PCDHGA10	30.0
0	PCDHGA11	17.0
0	PCDHGA12	3.0
0	PCDHGA4	3.25
0	PCDHGA5	79.5
0	PCDHGA9	21.5
0	PCDHGB1	7.75
0	PCDHGB2	8.0
0	PCDHGB3	18.25
0	PCDHGC4	28.5
0	PCK2	1615.5
0	PCYOX1L	533.5
0	PDCD10	6193.0
0	PDCD1LG2	4.0
0	PDCL	505.75
0	PDE11A	311.5
0	PDE4D	2370.0
0	PDIA4	1631.25
0	PDS5A	4558.75
0	PDSS1	286.75
0	PEA15	2002.0
0	PELI1	1029.5
0	PELP1	1794.0
0	PERP	42.75
0	PES1	1687.25
0	PEX2	544.5
0	PEX26	5867.5
0	PEX5	629.25
0	PFDN1	561.25
0	PFDN5	1802.0
0	PFKFB3	1307.75
0	PGGT1B	1727.75
0	PHACTR2	6413.5
0	PHACTR4	4063.0
0	PHC2	267.25
0	PHF1	1129.0
0	PHF10	1418.25
0	PHF14	1381.0
0	PHF20L1	2808.0
0	PHGDH	611.0
0	PHGR1	7.5
0	PHTF2	1070.75
0	PHYHD1	86.25
0	PI16	85.25
0	PIANP	100.25
0	PIAS1	3456.5
0	PICALM	4904.5
0	PIFO	3.25
0	PIGH	577.25
0	PIGK	162.25
0	PIGS	1236.0
0	PIGT	3581.5
0	PIGZ	29.25
0	PIK3C2B	1313.75
0	PIK3C3	1902.5
0	PIN1	605.0
0	PINK1	1322.0
0	PIP5K1A	4006.5
0	PITPNC1	1104.75
0	PKD1L1	261.75
0	PKD1L3	15.0
0	PKD2L2	219.25
0	PKHD1	3.5
0	PKIA	289.25
0	PLA2G12A	372.0
0	PLCB1	302.0
0	PLCG1	4002.25
0	PLEKHA1	2083.25
0	PLEKHA2	2483.25
0	PLEKHB1	366.75
0	PLEKHM3	962.75
0	PLIN2	731.5
0	PLN	218.75
0	PLSCR1	162.25
0	PLXNA2	5.25
0	PM20D2	1167.0
0	PMEPA1	87.0
0	PMF1-BGLAP	17.0
0	PMP2	7.0
0	PNISR	6305.0
0	PNMA1	637.5
0	PNN	5071.5
0	PNO1	2066.5
0	PNOC	4.75
0	PNP	2140.0
0	PNPLA1	112.5
0	POLB	562.5
0	POLD4	590.5
0	POLE4	346.75
0	POLQ	201.75
0	POLR1E	711.75
0	POMT1	536.25
0	POP5	616.5
0	POT1	378.75
0	POU6F1	413.75
0	PPA1	3433.75
0	PPARD	1437.0
0	PPCDC	172.0
0	PPFIA1	1462.75
0	PPFIBP1	406.0
0	PPIE	820.75
0	PPIG	2519.5
0	PPIH	198.0
0	PPIP5K2	1238.0
0	PPM1B	1878.0
0	PPM1G	3614.25
0	PPM1M	1154.75
0	PPP1R11	1812.75
0	PPP1R12B	1245.0
0	PPP1R15A	1706.25
0	PPP1R8	632.75
0	PPP2R5A	493.25
0	PPP4R2	1186.25
0	PPP6R2	608.25
0	PPTC7	5015.0
0	PRCD	11.0
0	PRDM15	792.75
0	PRDM8	252.0
0	PREPL	2203.25
0	PRIM2	464.5
0	PRKCQ	830.25
0	PRKCSH	2635.5
0	PRMT9	221.25
0	PRND	178.5
0	PROC	9.0
0	PRPF18	591.75
0	PRPF19	1858.5
0	PRPF3	2770.0
0	PRPF31	597.5
0	PRPF38B	6156.5
0	PRPF39	625.0
0	PRPF4B	5820.5
0	PRR13	2911.75
0	PRR5L	478.25
0	PRR7	25.75
0	PRSS12	155.0
0	PRUNE2	11.0
0	PSD4	12652.0
0	PSIP1	4518.5
0	PSMA6	2509.5
0	PSMB10	1794.25
0	PSMB2	3422.0
0	PSMB3	595.5
0	PSMB6	811.75
0	PSMC3IP	348.0
0	PSMC4	1660.25
0	PSMC6	1404.75
0	PSRC1	8.25
0	PTBP3	11492.25
0	PTGR1	364.25
0	PTGR2	824.5
0	PTK2	1052.5
0	PTMS	415.75
0	PTP4A2	3644.5
0	PTPN22	1202.5
0	PTPN4	1462.5
0	PTPN6	4193.5
0	PTPN7	4570.25
0	PTPRC	30713.5
0	PTPRE	848.25
0	PTPRK	249.75
0	PTPRO	15.5
0	PTS	152.5
0	PUM2	4877.5
0	PVRIG	273.25
0	PYGO2	576.75
0	PYHIN1	1279.5
0	PYM1	407.25
0	PYROXD1	1289.75
0	QKI	5014.75
0	QSOX1	343.75
0	R3HDM2	5035.25
0	RAB1A	3453.5
0	RAB27A	3037.75
0	RAB27B	8.5
0	RAB29	733.25
0	RAB2A	805.0
0	RAB33B	635.25
0	RAB37	596.75
0	RAB3GAP1	1370.0
0	RAB5B	2230.25
0	RAB8A	3159.0
0	RAB8B	4019.5
0	RAB9A	87.5
0	RABEPK	635.25
0	RABGAP1	798.0
0	RABGGTA	642.5
0	RABGGTB	3657.0
0	RABIF	650.0
0	RABL6	1510.0
0	RAD17	673.75
0	RAD21	6172.75
0	RAD51	178.0
0	RAD51C	1359.0
0	RAE1	499.25
0	RAG1	1.75
0	RALY	1486.25
0	RAMP3	3.75
0	RANBP9	1914.25
0	RAP1B	3617.25
0	RAP2B	1988.25
0	RAP2C	3043.0
0	RAPGEF1	3387.75
0	RASA1	872.0
0	RASAL1	34.25
0	RASAL3	2482.75
0	RASGEF1B	1034.75
0	RASGRP1	3582.0
0	RASIP1	10.25
0	RASSF4	49.5
0	RASSF5	5304.0
0	RBBP4	2303.0
0	RBBP8	760.25
0	RBKS	65.0
0	RBM12B	910.5
0	RBM17	1434.0
0	RBM27	1676.0
0	RBM4	1911.75
0	RBM42	619.5
0	RBMS2	696.0
0	RBMX	3167.5
0	RBX1	752.5
0	RC3H2	2097.75
0	RCC2	2465.5
0	RCL1	1724.5
0	RCN2	2423.25
0	RDH11	486.25
0	RDH5	541.5
0	REEP4	210.25
0	REG4	7.5
0	REL	9642.0
0	RELT	365.25
0	RFT1	1223.75
0	RFX3	1178.5
0	RFX8	8.0
0	RGL2	423.5
0	RGS13	19.25
0	RGS14	450.5
0	RGS16	660.5
0	RGS5	30.75
0	RHBDF2	484.0
0	RHEBL1	13.75
0	RHOB	118.5
0	RIC1	825.75
0	RIC8B	439.5
0	RIMS2	172.25
0	RIPK2	201.25
0	RIPK3	379.5
0	RIT1	721.5
0	RLN2	10.5
0	RMDN1	738.5
0	RMI1	318.5
0	RMI2	435.0
0	RNASE6	9.0
0	RNASEH2A	563.25
0	RNASEH2B	2391.25
0	RNASEK	745.75
0	RNASEL	289.75
0	RNF103	1368.0
0	RNF111	1076.75
0	RNF125	2745.0
0	RNF144A	1407.25
0	RNF144B	70.0
0	RNF181	212.25
0	RNF182	2.0
0	RNF183	9.25
0	RNF2	1354.25
0	RNF43	1589.25
0	RNF6	894.75
0	RNF7	590.0
0	RNFT2	598.0
0	RNGTT	1112.25
0	RNH1	1068.5
0	RNPEP	230.0
0	RP1L1	369.0
0	RPL10A	11894.0
0	RPL13	6315.5
0	RPL19	19137.25
0	RPL24	4377.25
0	RPL27A	5895.5
0	RPL29	2421.5
0	RPL34	5250.25
0	RPL39	1179.25
0	RPL41	63205.0
0	RPL6	23146.75
0	RPL7A	11013.0
0	RPL7L1	6611.25
0	RPLP1	8925.75
0	RPS10-NUDT3	8305.25
0	RPS12	7762.0
0	RPS15A	8172.5
0	RPS19	5223.0
0	RPS19BP1	594.5
0	RPS20	4294.0
0	RPS21	1684.25
0	RPS27	7741.75
0	RPS6	18709.0
0	RPS9	8577.0
0	RPSA	9454.5
0	RRAGA	992.75
0	RRP12	2000.75
0	RRP15	5829.75
0	RRS1	566.5
0	RSAD2	217.5
0	RSBN1	1929.5
0	RSBN1L	2042.75
0	RSC1A1	212.5
0	RSL1D1	7682.0
0	RSPH9	84.0
0	RSRC1	718.0
0	RTCB	908.25
0	RTN2	15.5
0	RTN3	1455.5
0	RTTN	2727.25
0	RUBCN	3310.75
0	RUNX1	4233.5
0	RUNX2	6535.5
0	RWDD3	48.75
0	RXFP4	52.5
0	RYK	1121.25
0	S100A10	1114.0
0	S100A11	3460.75
0	S100A4	228.5
0	S100A5	13.5
0	S100A9	4.75
0	S1PR5	50.0
0	SAAL1	953.75
0	SACM1L	1821.5
0	SALL2	74.75
0	SAMD13	5.0
0	SAMD4A	281.75
0	SAMHD1	10999.0
0	SAMM50	1638.0
0	SAP18	852.25
0	SART3	3865.25
0	SASH3	1628.0
0	SAXO1	72.0
0	SBF2	1552.0
0	SBNO2	1196.25
0	SCAI	2333.25
0	SCAMP2	2938.5
0	SCFD1	969.0
0	SCG3	93.5
0	SCN2A	84.5
0	SCN2B	66.75
0	SDAD1	479.75
0	SEC11A	1432.5
0	SEC11C	363.75
0	SEC14L1	876.5
0	SEC24C	1889.0
0	SEC24D	2403.75
0	SEC61G	177.0
0	SELE	4.25
0	SELPLG	5435.75
0	SENP3	736.5
0	SENP6	2797.0
0	SERBP1	42077.75
0	SERF2	2495.75
0	SERPINB10	200.5
0	SERPINI1	19.0
0	SERTAD1	329.0
0	SERTAD2	1514.25
0	SETBP1	63.5
0	SETD9	56.0
0	SETDB1	1418.75
0	SETDB2	1140.0
0	SF3B6	250.25
0	SFMBT2	1774.5
0	SFRP5	1.25
0	SFT2D1	278.0
0	SGK1	1278.25
0	SGO2	444.25
0	SH2B1	390.0
0	SH2D1A	385.75
0	SH2D1B	12.5
0	SH2D2A	2891.5
0	SH2D6	37.25
0	SH2D7	2.25
0	SH3BP5	1609.0
0	SH3KBP1	14088.75
0	SHQ1	843.5
0	SIAE	852.25
0	SIDT2	1356.75
0	SIK3	2059.25
0	SIKE1	790.25
0	SIRPB1	154.5
0	SIRPD	4.5
0	SIRPG	971.25
0	SIRT1	843.5
0	SIRT4	6.75
0	SIX5	21.25
0	SKAP1	1497.5
0	SLA	4581.5
0	SLC13A4	215.0
0	SLC14A1	422.5
0	SLC15A3	78.75
0	SLC16A11	15.25
0	SLC17A4	8.5
0	SLC17A5	292.0
0	SLC17A7	55.75
0	SLC17A9	261.25
0	SLC1A2	543.25
0	SLC22A5	721.25
0	SLC22A9	76.0
0	SLC23A1	82.25
0	SLC23A2	1668.0
0	SLC25A24	296.25
0	SLC26A10	9.25
0	SLC27A4	259.25
0	SLC27A5	964.75
0	SLC29A3	173.0
0	SLC2A13	147.25
0	SLC30A4	1616.25
0	SLC30A5	1713.0
0	SLC35C2	1025.0
0	SLC35D1	1281.5
0	SLC35E1	2777.25
0	SLC35E3	2986.0
0	SLC35E4	358.5
0	SLC35F5	846.75
0	SLC35G6	7.0
0	SLC37A1	434.0
0	SLC38A2	10246.25
0	SLC39A8	554.5
0	SLC43A1	319.75
0	SLC44A1	863.75
0	SLC45A4	236.0
0	SLC47A1	638.5
0	SLC4A8	557.5
0	SLC4A9	4.0
0	SLC5A9	4.5
0	SLC6A16	78.25
0	SLC9A2	8.25
0	SLC9A8	606.75
0	SLC9A9	305.0
0	SLC9B2	593.25
0	SLCO2B1	34.0
0	SLK	2599.0
0	SLMAP	3267.25
0	SLX4IP	597.75
0	SMARCA2	7030.25
0	SMARCAD1	1513.75
0	SMARCC1	10680.5
0	SMCO3	5.75
0	SMIM5	78.75
0	SMNDC1	829.25
0	SMYD2	946.25
0	SMYD5	468.0
0	SNAPC5	364.0
0	SNRPA	1494.5
0	SNRPA1	1636.25
0	SNRPB	665.25
0	SNRPB2	704.0
0	SNRPD2	1827.5
0	SNRPE	556.0
0	SNRPG	301.25
0	SNTA1	30.0
0	SNU13	232.25
0	SNX12	1063.25
0	SNX13	635.0
0	SNX18	549.25
0	SNX24	62.25
0	SNX6	957.0
0	SOGA3	3.75
0	SORT1	229.5
0	SOS1	2225.75
0	SOX2	24.75
0	SP100	3286.75
0	SP2	2298.75
0	SP4	5094.25
0	SP6	5.5
0	SPAG1	393.25
0	SPAG9	2340.25
0	SPATA25	6.25
0	SPATA4	3.0
0	SPATA9	9.0
0	SPATS2L	1209.5
0	SPC25	1236.75
0	SPCS2	560.25
0	SPCS3	2069.5
0	SPDL1	989.75
0	SPDYA	47.75
0	SPEF1	2.0
0	SPEF2	336.75
0	SPIN1	724.5
0	SPINK2	1.5
0	SPON2	270.5
0	SPRY1	558.75
0	SPRYD4	1711.75
0	SPSB1	428.0
0	SPSB2	209.25
0	SPTBN5	28.75
0	SPTLC2	1287.25
0	SRCAP	6338.0
0	SRPK2	609.75
0	SRSF12	201.75
0	SRSF5	15831.0
0	SRSF7	4726.75
0	SS18	2890.25
0	SSR1	3734.75
0	ST7	281.75
0	ST8SIA4	1597.0
0	STAC3	31.5
0	STAG2	2683.25
0	STAG3	506.25
0	STAM	1182.5
0	STAMBP	439.5
0	STAP1	56.0
0	STAT4	2237.0
0	STAU1	2688.0
0	STEAP1B	2.5
0	STIL	271.75
0	STIP1	6397.0
0	STK10	6809.0
0	STK11	401.5
0	STK17A	1653.25
0	STK31	155.5
0	STK38	2193.25
0	STPG2	8.75
0	STRADA	1447.5
0	STX3	300.0
0	STX6	909.5
0	STX7	556.0
0	SUB1	1215.5
0	SUCLG1	1203.25
0	SUCLG2	1039.5
0	SUDS3	697.0
0	SULT1E1	21.0
0	SUMF1	329.5
0	SUMO2	1669.25
0	SUMO4	44.25
0	SUN3	273.75
0	SUOX	511.25
0	SUPT16H	4260.5
0	SUPV3L1	1820.5
0	SUSD6	3659.75
0	SUV39H1	613.0
0	SYBU	2.5
0	SYNE2	9141.5
0	SYNE3	1936.25
0	SYNPO2	118.75
0	SYNPO2L	72.5
0	TAC4	195.0
0	TAF1	2600.0
0	TAF12	280.25
0	TAF2	1797.5
0	TAF4	736.5
0	TAF4B	656.5
0	TAF6L	215.75
0	TAF7	1600.25
0	TAMM41	468.75
0	TANK	850.25
0	TAPBP	25211.25
0	TAS2R5	18.75
0	TAX1BP1	2117.0
0	TBC1D7	237.75
0	TBXAS1	166.75
0	TCAIM	361.5
0	TCERG1	6924.75
0	TCF3	2590.75
0	TCF7	11007.5
0	TCFL5	194.25
0	TCP11L2	2214.0
0	TDRD7	232.75
0	TDRKH	270.75
0	TEDDM1	45.5
0	TEP1	1632.75
0	TERF1	815.5
0	TEX14	12.75
0	TFAM	2101.0
0	TFB1M	305.5
0	TFRC	6194.75
0	TG	47.75
0	TGFB1I1	69.75
0	TGM1	98.75
0	TGM4	14.0
0	THAP3	236.5
0	THEM4	2406.5
0	THEM5	63.75
0	THEMIS	716.75
0	THG1L	452.0
0	THNSL1	124.25
0	THNSL2	81.25
0	TIGD3	5.25
0	TIMM10B	709.5
0	TIMM23	1291.25
0	TINF2	1397.0
0	TIRAP	463.25
0	TJP2	450.25
0	TLCD1	100.25
0	TLDC2	1155.25
0	TLE3	4100.75
0	TLE4	2190.0
0	TLK1	9040.5
0	TLR1	145.5
0	TLR10	105.5
0	TM2D1	817.75
0	TM2D2	420.75
0	TM2D3	1660.0
0	TM9SF3	1198.0
0	TM9SF4	2384.75
0	TMA16	678.0
0	TMCO1	488.5
0	TMED10	2425.5
0	TMEM106A	883.25
0	TMEM106C	220.75
0	TMEM115	215.0
0	TMEM128	98.25
0	TMEM145	265.5
0	TMEM14A	160.0
0	TMEM14B	768.0
0	TMEM14C	176.0
0	TMEM156	516.25
0	TMEM159	204.25
0	TMEM160	78.75
0	TMEM161A	382.25
0	TMEM161B	1104.0
0	TMEM18	1618.75
0	TMEM183A	1604.5
0	TMEM184C	1141.75
0	TMEM209	2306.25
0	TMEM230	922.75
0	TMEM241	490.25
0	TMEM245	2435.5
0	TMEM254	349.25
0	TMEM263	2040.75
0	TMEM67	712.5
0	TMEM68	708.25
0	TMEM70	188.0
0	TMEM87B	275.75
0	TMEM92	12.0
0	TMEM98	180.75
0	TMF1	1177.0
0	TMOD3	2666.5
0	TMPRSS13	47.75
0	TMPRSS3	197.0
0	TMPRSS9	80.5
0	TMX4	1389.5
0	TNF	20943.0
0	TNFRSF10B	981.75
0	TNFRSF14	1389.75
0	TNFRSF1B	4228.5
0	TNFSF10	671.0
0	TNFSF4	43.25
0	TNFSF8	4737.0
0	TNIK	1602.75
0	TNIP3	1266.75
0	TNK2	70.5
0	TNNC2	4.5
0	TNRC6A	2354.5
0	TOMM6	1383.75
0	TOMM7	439.0
0	TOPORS	550.0
0	TOR1AIP1	2180.5
0	TOR1AIP2	5649.75
0	TOR3A	364.25
0	TP53BP2	3141.0
0	TP53I3	107.75
0	TP53TG5	57.5
0	TPBGL	14.25
0	TPD52	1089.5
0	TPH1	334.75
0	TPK1	299.0
0	TPM2	572.0
0	TPPP2	2.75
0	TPX2	207.25
0	TRA2A	1860.25
0	TRAF3	3634.0
0	TRAF3IP3	3142.25
0	TRAF7	720.5
0	TRAIP	70.0
0	TRAM1	2591.5
0	TRAPPC3	258.75
0	TRIB2	1123.0
0	TRIM24	3311.75
0	TRIM33	1923.25
0	TRIM34	170.75
0	TRIM35	771.0
0	TRIM38	2108.25
0	TRIM45	97.0
0	TRIM56	6807.5
0	TRIP10	209.0
0	TRIP12	15994.25
0	TRMT11	856.75
0	TRNT1	849.0
0	TRPM3	51.5
0	TRPM5	11.25
0	TRPM8	98.0
0	TRPV2	566.0
0	TSC22D4	439.5
0	TSEN2	570.25
0	TSHR	313.75
0	TSNAX	886.0
0	TSPAN15	8.25
0	TSPAN16	3.25
0	TSPAN3	911.75
0	TSPAN5	614.75
0	TSSK2	4.5
0	TSSK4	327.25
0	TTC17	3999.0
0	TTC21B	923.5
0	TTC30A	39.0
0	TTC32	200.5
0	TTC39B	5020.75
0	TTC5	298.25
0	TTLL11	64.25
0	TUBB1	68.75
0	TUBD1	1217.75
0	TUFT1	393.0
0	TULP2	4.25
0	TULP4	3492.75
0	TWF1	386.5
0	TWF2	340.25
0	TWISTNB	348.5
0	TXK	1004.5
0	TXNDC15	1210.25
0	TXNDC16	74.25
0	TXNRD1	1846.5
0	TYK2	975.25
0	U2SURP	2671.25
0	UBA1	8898.25
0	UBA3	3157.25
0	UBAP2	6686.0
0	UBB	2854.25
0	UBE2D1	246.5
0	UBE2D3	40025.5
0	UBE2E1	2252.25
0	UBE2L6	2028.75
0	UBE2V1	5636.5
0	UBE3A	1412.25
0	UBL3	634.25
0	UBL7	951.5
0	UBLCP1	1637.25
0	UBQLN1	7508.5
0	UBR1	1600.25
0	UBXN2B	592.0
0	UBXN8	247.0
0	UCK2	2032.0
0	UGGT1	4477.0
0	UGP2	1697.0
0	UHMK1	5780.75
0	ULBP2	6.0
0	UPK2	10.0
0	URI1	1355.25
0	USP13	601.75
0	USP2	29.75
0	USP22	4811.5
0	USP24	5706.25
0	USP33	3837.5
0	USP49	800.75
0	USP54	654.25
0	UST	413.5
0	UTP14A	3024.25
0	UTP14C	520.75
0	UTP20	2293.75
0	UTP23	418.0
0	UTRN	3685.25
0	UVSSA	1779.0
0	VAMP8	198.25
0	VAPA	2586.75
0	VAV3	448.25
0	VBP1	435.5
0	VIM	5958.5
0	VIPAS39	454.75
0	VIPR1	182.25
0	VPS13A	1386.75
0	VPS13D	3430.5
0	VPS26A	507.25
0	VPS33A	1733.75
0	VPS4B	2845.25
0	VPS53	5050.5
0	VSIG2	7.25
0	WAPL	2761.0
0	WASL	340.75
0	WBP1	957.5
0	WBP4	531.25
0	WDR1	3943.25
0	WDR18	311.0
0	WDR19	905.25
0	WDR26	4634.25
0	WDR38	12.5
0	WDR44	784.75
0	WDR60	1264.5
0	WDR75	1690.5
0	WDR82	5382.0
0	WDR92	457.5
0	WEE2	4.0
0	WIZ	629.75
0	WNT1	12.5
0	WNT10A	38.25
0	WNT5B	1.0
0	WNT7A	235.75
0	WNT8B	13.25
0	WSB1	3352.0
0	XBP1	656.75
0	XCL1	268.25
0	XIRP1	315.75
0	XRN2	1835.0
0	XYLB	898.0
0	YBX1	57087.0
0	YES1	823.0
0	YIPF4	3497.5
0	YIPF7	1.25
0	YJEFN3	250.0
0	YLPM1	4570.25
0	YOD1	300.0
0	YPEL2	782.0
0	YTHDC1	14022.25
0	YWHAE	10855.0
0	YWHAG	5546.0
0	ZACN	413.75
0	ZAP70	3819.25
0	ZBED4	742.25
0	ZBED6CL	148.75
0	ZBP1	528.0
0	ZBTB2	541.0
0	ZBTB24	1053.25
0	ZBTB26	175.75
0	ZBTB3	461.0
0	ZBTB33	1681.25
0	ZBTB34	230.25
0	ZBTB41	279.5
0	ZBTB6	537.75
0	ZBTB7B	1764.25
0	ZBTB9	75.25
0	ZC3H10	395.5
0	ZC3H12D	4225.5
0	ZC3H13	5074.25
0	ZC3H15	1792.75
0	ZC3H4	1443.75
0	ZC4H2	598.0
0	ZCCHC8	1844.75
0	ZDHHC2	833.25
0	ZDHHC6	983.75
0	ZFAND2B	505.25
0	ZFAND3	504.5
0	ZFAND5	1122.75
0	ZFP30	467.0
0	ZFP90	1596.25
0	ZFP92	134.0
0	ZFYVE19	242.25
0	ZG16	59.25
0	ZIC5	1.25
0	ZKSCAN8	1365.25
0	ZMAT3	962.0
0	ZMPSTE24	728.25
0	ZMYM4	1533.25
0	ZNF107	1087.5
0	ZNF12	551.75
0	ZNF138	327.5
0	ZNF148	1223.75
0	ZNF169	1002.0
0	ZNF175	716.75
0	ZNF20	62.75
0	ZNF222	25.5
0	ZNF226	330.75
0	ZNF230	460.25
0	ZNF235	107.75
0	ZNF248	264.25
0	ZNF253	787.0
0	ZNF254	408.5
0	ZNF280D	787.75
0	ZNF281	541.75
0	ZNF292	4158.75
0	ZNF302	390.75
0	ZNF317	1072.25
0	ZNF318	671.0
0	ZNF319	490.25
0	ZNF326	1445.25
0	ZNF362	880.5
0	ZNF37A	2910.75
0	ZNF384	3309.75
0	ZNF385A	198.0
0	ZNF397	2282.25
0	ZNF426	1048.75
0	ZNF449	52.75
0	ZNF451	2260.75
0	ZNF491	33.5
0	ZNF501	56.75
0	ZNF502	39.75
0	ZNF548	1303.75
0	ZNF549	409.5
0	ZNF551	868.75
0	ZNF569	112.25
0	ZNF572	12.0
0	ZNF574	458.5
0	ZNF580	571.0
0	ZNF586	602.0
0	ZNF593	189.75
0	ZNF605	587.0
0	ZNF609	4011.0
0	ZNF616	307.0
0	ZNF628	113.0
0	ZNF652	1349.5
0	ZNF680	152.25
0	ZNF681	493.0
0	ZNF684	155.5
0	ZNF69	211.75
0	ZNF700	544.0
0	ZNF705A	2.75
0	ZNF706	454.25
0	ZNF716	450.5
0	ZNF720	364.75
0	ZNF726	658.25
0	ZNF746	1933.0
0	ZNF747	394.75
0	ZNF749	121.75
0	ZNF75D	225.5
0	ZNF763	18.5
0	ZNF772	295.0
0	ZNF774	441.25
0	ZNF776	433.5
0	ZNF782	236.25
0	ZNF784	110.0
0	ZNF79	182.25
0	ZNF793	2931.75
0	ZNF800	2550.25
0	ZNF81	447.25
0	ZNF92	653.5
0	ZNRD1	472.0
0	ZNRF1	393.25
0	ZNRF2	142.5
0	ZPBP2	8.0
0	ZSCAN2	326.5
0	ZSCAN20	114.75
0	ZSCAN5A	218.5
0	ZSWIM6	680.0
0	ZW10	265.25
0	ZXDA	191.25
0	ZXDB	671.75
1	ABHD10	1060.75
1	ABLIM1	6742.75
1	ACTR6	287.5
1	ADNP2	1887.5
1	AKIRIN2	640.0
1	ANKFY1	2183.25
1	ANKH	5278.0
1	ANKRD61	82.25
1	AP1AR	875.25
1	APOBEC4	8.5
1	APOL2	1692.75
1	ARAP1	1538.75
1	ARHGAP9	2610.5
1	ARHGEF1	8851.0
1	ARID1A	12452.0
1	ARL13B	204.0
1	ARMC5	570.0
1	ARPP19	3337.75
1	ASB13	104.25
1	ATP2B1	1391.0
1	ATP8B2	4447.5
1	AXDND1	4.0
1	B3GLCT	64.0
1	BAG3	530.25
1	BCL7B	1138.5
1	BEST4	10.0
1	BOLA1	44.5
1	BOLA3	709.75
1	BPNT1	1460.25
1	BRIP1	445.0
1	BSDC1	1550.5
1	BUD13	554.25
1	C10orf88	311.75
1	C12orf4	764.75
1	C12orf57	475.5
1	C12orf73	334.0
1	C1orf159	185.25
1	C1QTNF6	438.0
1	C5	84.75
1	C6orf136	248.75
1	CARD16	85.75
1	CARNS1	264.25
1	CBLB	2504.5
1	CCDC141	821.25
1	CCDC174	627.5
1	CCNC	1995.75
1	CCNE1	143.0
1	CCNG2	417.0
1	CD164	5467.25
1	CD247	2047.75
1	CDC23	814.0
1	CDHR3	330.5
1	CDKL4	2.0
1	CDKN1B	10649.0
1	CDV3	8073.0
1	CEBPG	1099.25
1	CEP162	86.5
1	CEP170	1289.5
1	CFI	432.25
1	CHMP4A	896.5
1	CLN5	2352.5
1	CLOCK	1085.75
1	CMTR2	282.5
1	CNNM3	628.25
1	CNPPD1	986.5
1	COLGALT2	74.75
1	COPE	1565.25
1	COPS5	1286.25
1	COX18	970.5
1	CTBS	594.75
1	CTDSP2	4665.75
1	CXorf65	278.5
1	DAD1	1275.0
1	DAG1	897.0
1	DAP	681.0
1	DAXX	1957.25
1	DCDC2B	100.0
1	DCLRE1C	579.25
1	DCP2	968.0
1	DCPS	351.75
1	DCUN1D4	1153.5
1	DDX47	1801.25
1	DENND4B	5122.75
1	DERA	104.75
1	DHH	28.0
1	DHRS1	522.0
1	DHX16	1388.25
1	DIS3L	1116.25
1	DLGAP5	64.0
1	DNAAF3	6.0
1	DNAJC7	4776.5
1	ECH1	2171.25
1	EFCAB5	87.75
1	EID2B	92.25
1	EIF4A1	5939.0
1	EIF4EBP3	22.25
1	EIF5A	12733.25
1	EIF5B	18548.0
1	ELF1	3459.5
1	EMB	3511.5
1	EMC4	2506.25
1	EPSTI1	1069.25
1	ERRFI1	135.75
1	ESYT1	6408.75
1	EXOSC3	1300.25
1	EXOSC8	954.75
1	FAM102B	723.5
1	FANCC	812.0
1	FBXL19	310.0
1	FBXL22	74.25
1	FBXO15	363.5
1	FBXO31	1000.5
1	FBXO4	117.75
1	FGFBP3	60.25
1	FKBP14	671.75
1	FKBP4	10760.0
1	FLAD1	722.5
1	FNIP1	1520.5
1	FOXJ2	2013.5
1	FOXN3	7711.75
1	FSD2	167.0
1	FUCA1	125.0
1	FUT10	250.5
1	FUT8	1794.75
1	GABARAPL2	566.0
1	GALK2	601.0
1	GAR1	1651.25
1	GBP1	2384.75
1	GBP2	7451.0
1	GGCT	249.75
1	GMPR2	1303.0
1	GMPS	2914.75
1	GPA33	435.5
1	GPR19	39.0
1	GPSM2	719.25
1	GRAP2	3120.25
1	GRB2	3823.75
1	GRPEL1	1219.5
1	GSTA4	37.5
1	GSTM2	1101.0
1	GTF2E1	379.5
1	GUK1	1044.5
1	HDGF	1734.25
1	HEG1	543.5
1	HERC1	7983.75
1	HERC4	3767.0
1	HFE	521.25
1	HINT3	559.5
1	HMGCL	493.75
1	HMGN3	71.0
1	HPS3	611.75
1	IFRD1	867.5
1	IFT52	127.0
1	IGF2R	2390.5
1	IGSF6	317.5
1	IKZF3	16682.0
1	IL20RB	72.5
1	IL2RG	12054.5
1	IL7R	9067.5
1	ING1	389.0
1	INO80D	2564.5
1	IQGAP1	8474.0
1	IST1	2320.5
1	ITFG2	1984.25
1	ITPRIP	481.5
1	JOSD1	2062.5
1	KAT5	541.75
1	KATNBL1	808.5
1	KDSR	916.5
1	KIF14	97.25
1	KIFAP3	276.5
1	KLHDC9	15.0
1	KLHL12	407.25
1	KLHL32	36.0
1	KRT10	42.75
1	LGALS3BP	350.5
1	LIX1	55.0
1	LPXN	1354.0
1	LRRC23	23.0
1	LRRN3	1536.5
1	LYPLA2	1054.0
1	MADD	4332.5
1	MAGOHB	165.75
1	MAP2K6	183.5
1	MAP3K7CL	53.5
1	MAP3K8	214.75
1	MAP9	135.25
1	MAPKAPK3	2110.25
1	MBD2	2246.75
1	MCM3	1838.75
1	MDM1	256.75
1	MDP1	74.5
1	ME2	7718.75
1	MED12	3273.0
1	MED4	911.0
1	METTL16	1425.0
1	MFSD6	1858.5
1	MIEN1	318.25
1	MLLT3	3435.75
1	MLLT6	12935.25
1	MMADHC	1135.5
1	MOB3C	223.25
1	MON2	1018.75
1	MRO	127.5
1	MROH8	33.75
1	MRPL16	320.0
1	MRPL42	2106.25
1	MRPL44	890.25
1	MTA3	648.5
1	MTF2	787.25
1	MTIF3	145.5
1	MTMR12	1341.5
1	MTPAP	1653.0
1	MTURN	411.5
1	MVP	1435.25
1	MX2	1129.5
1	MYBL1	393.0
1	MYCBP2	15290.25
1	MYOF	1646.5
1	NAA15	3482.75
1	NAA60	2509.75
1	NAP1L1	10801.0
1	NARF	1335.25
1	NBAS	1202.25
1	NCK1	347.75
1	NDUFB4	599.0
1	NDUFB6	618.5
1	NEDD9	1307.75
1	NELL2	4895.5
1	NEURL4	517.0
1	NEUROD2	39.0
1	NFATC2	8074.5
1	NICN1	473.5
1	NIFK	1589.75
1	NKAPL	6.0
1	NRDC	5267.75
1	NUP205	1613.5
1	NUP35	540.25
1	OGDH	1347.5
1	OGT	24942.0
1	OR2V2	157.75
1	OSBP	817.25
1	PAIP2B	162.25
1	PCNP	2430.25
1	PDE12	3872.5
1	PGS1	1595.25
1	PHC1	3029.0
1	PHF13	71.5
1	PHF20	1274.25
1	PHF8	2833.5
1	PIGV	103.25
1	PIK3R4	379.25
1	PLCL1	281.5
1	PLCXD2	852.5
1	PLEKHA8	341.0
1	PLEKHF1	99.25
1	PMVK	439.5
1	PNRC1	4701.0
1	POGZ	7487.75
1	POLR3A	2274.0
1	PPIA	13482.75
1	PPIL1	583.75
1	PPP1R15B	2711.75
1	PPP3R1	852.75
1	PRCP	809.5
1	PRDM1	13954.25
1	PRDX2	626.5
1	PRKAG1	948.75
1	PRKCA	7724.5
1	PROS1	70.75
1	PROZ	1.0
1	PSEN1	1652.25
1	PSMA3	2228.0
1	PSMA4	1570.75
1	PSMB11	5.25
1	PSMB9	1111.25
1	PSMD3	2677.75
1	PTP4A1	4330.25
1	PTPN2	2657.5
1	PTPRU	4.25
1	RAB13	215.75
1	RACGAP1	405.5
1	RACK1	9912.0
1	RAD18	680.25
1	RBL1	3238.5
1	RBM4B	881.5
1	RBSN	871.5
1	RCN3	12.25
1	REXO2	432.0
1	RGS1	897.75
1	RGS2	327.5
1	RPF1	1786.0
1	RPIA	542.25
1	RPL11	9060.25
1	RPL14	6801.0
1	RPL23	10614.5
1	RPL5	15304.5
1	RPS24	5260.75
1	RPS26	4579.0
1	RRH	5.5
1	RRM1	2726.25
1	RSPH3	602.0
1	RWDD1	1206.75
1	SAMD9	290.75
1	SAMSN1	2374.0
1	SCAF11	3835.25
1	SEL1L	4642.25
1	SGO1	429.0
1	SIRT7	398.0
1	SLC11A2	1904.75
1	SLC16A7	2139.75
1	SLC23A3	83.5
1	SLC25A39	3035.75
1	SLC25A44	3661.75
1	SLC36A4	761.75
1	SLC43A3	8260.75
1	SLC7A8	264.0
1	SMC3	1357.5
1	SMIM3	99.0
1	SMIM8	351.25
1	SMU1	2827.5
1	SNX14	239.25
1	SOX12	134.5
1	SP140L	2583.5
1	SPPL2A	2890.25
1	SRGN	2022.25
1	SSX2IP	125.5
1	STARD3	512.25
1	STARD9	904.0
1	STIM2	3292.5
1	STRBP	1619.25
1	STX19	3.5
1	STXBP3	1084.75
1	SUMF2	1526.0
1	SV2A	189.75
1	TACO1	753.25
1	TBC1D14	1465.5
1	TBC1D15	1103.25
1	TBC1D19	171.0
1	TCTN3	628.25
1	TESK2	146.5
1	TET3	4906.5
1	TEX38	88.0
1	TIMM21	624.75
1	TM7SF3	768.5
1	TM9SF1	329.75
1	TMCO2	19.25
1	TMCO6	520.0
1	TMEM126A	363.0
1	TMEM126B	732.0
1	TMEM139	23.5
1	TMEM9	203.25
1	TMEM99	2.0
1	TNFAIP8	1767.75
1	TNFRSF10D	209.0
1	TNIP1	4595.25
1	TNRC6B	5642.5
1	TNRC6C	5537.75
1	TOM1	889.25
1	TPP2	3841.25
1	TRAF5	2998.75
1	TRANK1	2279.75
1	TRMO	945.25
1	TRPM7	1476.25
1	TSEN15	1697.75
1	TSHZ1	666.75
1	TSPAN1	6.5
1	TSPAN14	3496.5
1	TSPAN31	620.5
1	TTBK2	608.5
1	TTC26	535.25
1	TUBA1A	1024.75
1	TUBA1B	40001.5
1	TXLNB	26.25
1	TXNDC9	285.0
1	UBA6	2190.25
1	UBE2E3	445.25
1	UBN2	1418.25
1	UBXN4	1146.0
1	UFM1	1231.5
1	ULK4	331.0
1	UPP1	1195.75
1	USP1	476.75
1	USP25	1533.75
1	USP47	1547.5
1	VAMP1	1057.0
1	VMP1	4013.75
1	VPS45	552.75
1	VPS50	870.5
1	VTA1	1230.25
1	WDR36	2118.0
1	WDR48	729.5
1	WDR89	607.25
1	WDYHV1	277.5
1	WHAMM	1777.25
1	XPO7	4884.5
1	ZBTB39	1111.25
1	ZBTB45	385.0
1	ZCCHC7	1147.25
1	ZFP36L1	11265.0
1	ZHX3	1247.0
1	ZKSCAN3	766.75
1	ZMAT2	982.5
1	ZNF121	3759.5
1	ZNF19	275.5
1	ZNF268	977.75
1	ZNF33B	587.5
1	ZNF446	60.75
1	ZNF487	107.0
1	ZNF599	238.75
1	ZNF624	273.5
1	ZNF689	261.5
1	ZNF789	820.0
1	ZNF846	185.5
1	ZRANB2	1441.0
1	ZRANB3	301.5
1	ZRSR2	408.0
1	ZSCAN23	11.0
2	ABHD2	2812.25
2	ACSL5	1340.0
2	AHI1	599.5
2	AKAP17A	606.0
2	AKAP5	789.25
2	AKT3	1921.25
2	ALAD	790.25
2	ALG11	1456.5
2	APTX	934.5
2	ARHGAP31	607.5
2	ARID4A	919.5
2	ARID5B	7021.0
2	ARL2	630.5
2	ARMCX6	284.0
2	ASAH1	1025.5
2	ASTL	13.75
2	ATAT1	400.0
2	ATG14	623.5
2	ATXN7L3	1304.5
2	AZIN1	1140.25
2	B2M	6762.5
2	B4GALT4	761.75
2	BAZ2A	6223.5
2	BCAS2	1088.25
2	BCAS3	588.5
2	BRPF3	1477.25
2	BTN2A2	477.25
2	BUB3	2701.25
2	C14orf28	8.25
2	C1GALT1C1	90.75
2	C3orf18	257.75
2	C5orf34	36.0
2	C6orf226	13.75
2	C6orf89	1327.5
2	C7orf25	86.0
2	CALD1	80.25
2	CASP1	317.0
2	CBR4	476.0
2	CCDC114	148.25
2	CCNB1IP1	588.25
2	CD101	116.25
2	CD2	6794.25
2	CD3E	10232.25
2	CD48	2008.75
2	CFAP36	766.75
2	CKAP2	316.5
2	CLIP4	1854.25
2	CLPX	1959.0
2	CNOT1	5543.5
2	COMMD6	86.75
2	CROT	120.25
2	CSNK1G3	940.5
2	CTR9	2049.5
2	CYP2R1	261.25
2	DDX18	6613.75
2	DDX39A	2540.75
2	DEF6	1944.75
2	DEGS1	2239.0
2	DNAH7	162.25
2	DNAJC15	749.75
2	DNAJC28	54.75
2	DUSP2	1454.5
2	DYRK1A	6252.5
2	ECHDC1	1326.75
2	EED	2945.5
2	EEF1A1	112645.25
2	EEF1E1	424.0
2	ERAL1	496.75
2	ERP27	651.25
2	EXOC7	1959.5
2	F5	6849.0
2	FAM162A	274.5
2	FAM221B	140.75
2	FAXDC2	444.5
2	FBXL5	562.5
2	FBXO9	994.5
2	FCGRT	202.5
2	FOXN2	1481.5
2	FOXO4	292.5
2	GAPVD1	3572.0
2	GATB	274.5
2	GBP5	6802.75
2	GCLC	1525.75
2	GNPDA1	781.5
2	GOLGA4	2841.0
2	GUF1	2241.5
2	HAX1	1526.5
2	HDDC2	781.5
2	HEXA	1077.25
2	HNRNPU	46714.25
2	ID3	72.5
2	IFIT2	82.75
2	IGIP	176.0
2	IL10	3311.25
2	INTS2	1402.0
2	IQGAP3	2.25
2	IRF2BPL	231.0
2	IRF3	1797.0
2	KANSL1	9039.5
2	KCNJ1	53.75
2	KDM7A	2446.5
2	KRR1	840.0
2	KRTAP16-1	26.75
2	LCMT1	381.5
2	LEO1	2863.5
2	LIN54	1722.5
2	LNPEP	4684.5
2	LTB4R	731.0
2	LTB4R2	164.25
2	LTN1	858.25
2	MAML2	3282.0
2	MAPK6	1864.5
2	MCTS1	123.5
2	MLH1	1029.75
2	MLLT10	2032.75
2	MMEL1	95.0
2	MOCS3	696.25
2	MOV10	1061.75
2	MRGBP	281.0
2	MRPL17	1086.0
2	MRPL22	216.25
2	MYBPC2	1.0
2	N4BP2L1	489.25
2	N4BP2L2	2328.5
2	NAA50	3389.75
2	NDUFV2	1256.5
2	NGRN	1659.75
2	NMI	408.0
2	NOCT	1318.5
2	NOD2	262.75
2	NOLC1	25635.25
2	NR4A3	608.5
2	NR6A1	251.0
2	NRAS	2511.75
2	OXT	1.5
2	PAN3	2699.75
2	PCBP2	12616.25
2	PCCB	869.0
2	PCNX4	1553.0
2	PDCD7	1245.5
2	PDLIM2	779.25
2	PDP1	1169.0
2	PEX11B	481.5
2	PEX19	502.75
2	PFAS	1931.0
2	PFKM	787.75
2	PI4KB	1277.75
2	PIK3CA	1249.25
2	PIK3CG	523.25
2	PITHD1	756.5
2	PKN2	923.5
2	PLAC8	1389.75
2	PLXDC1	482.0
2	PMPCB	1135.25
2	PNPLA8	373.5
2	PODNL1	59.75
2	POLR2K	477.25
2	POLR3E	1939.5
2	PPP1CA	1508.5
2	PPP1R21	553.0
2	PRCC	881.0
2	PSMB5	914.5
2	PSMD6	3579.75
2	PSTK	357.5
2	PXN	3727.75
2	PYGM	335.0
2	RAB11FIP4	1935.0
2	RAB14	955.75
2	RAB4A	263.5
2	RBL2	6179.75
2	RIMKLB	202.0
2	RLF	686.0
2	RPA3	80.5
2	RPL17-C18orf32	116.0
2	RPL22L1	150.75
2	RPS11	16230.0
2	RRP36	236.25
2	RUNX3	5459.5
2	SATB1	12114.0
2	SBK1	828.25
2	SDHC	1194.25
2	SEC23B	997.25
2	SELL	4288.25
2	SEPHS1	1114.0
2	SERPINB1	438.75
2	SESN3	4049.75
2	SF3B1	14414.0
2	SKIL	1969.25
2	SLAMF1	1332.75
2	SLC39A10	2665.0
2	SLU7	719.25
2	SNAP23	2349.75
2	SNAPIN	96.0
2	SNRK	2776.25
2	SORL1	8774.0
2	SP110	6528.25
2	SPAG8	21.75
2	SPATA5L1	227.0
2	SPINK4	8.75
2	SPTLC1	1168.0
2	SPTY2D1	901.25
2	STK4	12836.5
2	SYTL2	1127.5
2	TAPBPL	799.25
2	TET2	2531.25
2	TGFBR2	4315.5
2	THOC7	195.75
2	TIMMDC1	365.5
2	TMEM179B	661.5
2	TMEM19	580.5
2	TMEM223	305.0
2	TMEM86A	86.75
2	TNKS1BP1	127.5
2	TRA2B	3938.75
2	TRABD2A	3360.25
2	TRAPPC8	724.0
2	TRERF1	1660.75
2	TRIM23	864.0
2	TRIM39	497.25
2	TRIM41	1514.25
2	TRMT10C	747.75
2	TSG101	1745.25
2	TSN	1000.5
2	TSTD1	318.5
2	TTC1	1604.75
2	TTC23	141.25
2	TTC9C	389.25
2	TUBGCP6	2326.5
2	TXNIP	11837.75
2	UBE2J1	829.75
2	UCHL3	91.75
2	UEVLD	786.75
2	USP12	1314.0
2	USP48	3042.0
2	VAPB	1732.25
2	VEZF1	2920.5
2	WDR37	881.75
2	YARS2	271.0
2	ZBTB38	880.75
2	ZC3H12A	843.5
2	ZFC3H1	4006.25
2	ZNF200	901.75
2	ZNF391	412.5
2	ZNF436	104.0
2	ZNF557	1139.75
2	ZNF561	454.75
2	ZNF575	76.75
2	ZNF668	169.75
2	ZNF688	94.0
2	ZNF91	2555.75
2	ZNFX1	2535.75
2	ZSWIM1	1872.75
3	ADAMTS6	33.0
3	AGFG2	3151.5
3	ANXA1	1605.5
3	ARMCX3	933.0
3	ATP7A	895.5
3	ATXN7L1	2279.5
3	BACH1	583.25
3	BAZ1A	4214.5
3	C3AR1	59.5
3	CCDC58	190.25
3	CCDC90B	2346.5
3	CD3D	2946.25
3	CD3G	13559.5
3	CD52	1138.75
3	CD79A	12.0
3	CDKL3	68.75
3	CEP85L	1908.5
3	CLPTM1L	3937.0
3	CNIH4	386.75
3	CNOT6L	7363.25
3	COX17	320.75
3	CSDE1	11024.0
3	CYP27B1	250.25
3	CYSLTR2	97.75
3	DCTN4	1463.75
3	DCUN1D1	2290.25
3	DPP4	1362.5
3	DTD2	1155.0
3	EEF1G	24422.5
3	EEF2K	1276.25
3	EMP3	925.75
3	ETHE1	174.25
3	EVI2A	817.25
3	FAM78A	1670.5
3	FBXL15	163.75
3	FCMR	7757.0
3	GIMAP2	2873.0
3	GIMAP5	3636.75
3	GIMAP7	1244.25
3	GIMAP8	458.5
3	GNGT2	56.0
3	GOLGA1	427.0
3	GTSF1L	7.25
3	HINT1	1475.25
3	HLA-E	9821.25
3	IFIT3	405.75
3	IL27RA	2039.75
3	JUNB	11853.75
3	LANCL2	705.25
3	LEFTY1	9.25
3	LEKR1	17.0
3	LIX1L	3649.0
3	LRBA	4059.5
3	LSG1	1081.75
3	MAP3K1	2146.0
3	MGAT1	1035.5
3	MND1	112.25
3	MSL3	2274.75
3	NACA	8553.75
3	NET1	881.75
3	NHEJ1	223.0
3	NR1D1	822.5
3	NUBPL	919.5
3	NXF1	4206.75
3	PDCD4	3564.5
3	PIK3R1	4982.25
3	PINLYP	112.25
3	PJA2	1736.5
3	PMM2	1437.5
3	PRKRIP1	1094.75
3	PSMA5	4374.0
3	PSMB1	604.5
3	PSMD14	2446.5
3	RAB28	308.5
3	RAD51AP1	194.75
3	RAD51B	175.25
3	RAPGEF6	2435.75
3	RBM39	6845.0
3	RFC4	446.75
3	RHOH	3807.75
3	RIOK2	433.0
3	RNF20	1326.5
3	RPL26	833.0
3	RPL27	5265.0
3	RPL37	11967.25
3	RPS3	27392.5
3	RPS3A	11080.75
3	SCML4	1846.75
3	SDCCAG8	1353.75
3	SDE2	2367.5
3	SECTM1	678.5
3	SELP	53.25
3	SF3B4	1131.0
3	SF3B5	303.75
3	SIDT1	1701.0
3	SLC12A6	4784.5
3	SLC2A11	648.5
3	SOD1	2272.25
3	SREK1IP1	526.25
3	SRSF3	8767.25
3	SSR3	1554.75
3	STAT5B	4271.0
3	SUFU	709.75
3	SUGT1	1078.0
3	TAGAP	2172.75
3	TAPT1	1059.75
3	TBP	2489.0
3	THRAP3	5674.75
3	TMEM39A	1018.25
3	TRAF3IP2	1157.5
3	TRDMT1	1059.75
3	TSFM	144.25
3	UBTD2	136.75
3	USP16	1201.0
3	USP34	4110.75
3	WNK1	19520.75
3	ZBTB43	565.0
3	ZC3H7A	1220.75
3	ZFAND6	413.5
3	ZMYND8	2258.25
3	ZNF157	328.75
3	ZNF821	42.0
3	ZSCAN31	23.75
4	ALOXE3	5.0
4	ANKRD44	7751.25
4	ARHGAP25	4519.25
4	ATP2B4	2634.25
4	CHD7	4382.5
4	CLASP1	3268.25
4	CLEC2B	514.5
4	CLP1	141.5
4	COQ10B	1269.75
4	COX20	1250.5
4	CRLF3	3889.25
4	CSGALNACT2	804.5
4	CUTA	459.0
4	DDX39B	11465.75
4	EIF2A	1444.25
4	EML4	2960.75
4	FAM71B	3.0
4	FGF11	52.75
4	GNG2	1444.5
4	GPR174	1212.0
4	HMGCS1	1623.0
4	HMGN4	225.75
4	ICOS	8707.0
4	IFT57	327.5
4	ILF2	3438.5
4	ITPRIPL1	825.0
4	KDM2B	1205.75
4	KLRB1	365.0
4	KRAS	1088.0
4	LRIF1	318.0
4	LRMP	671.25
4	LRRFIP2	989.5
4	LYSMD3	434.5
4	MAP3K9	540.75
4	MED15	4042.5
4	MFF	585.5
4	MYNN	322.75
4	NECAP1	1880.25
4	OSGEP	1203.25
4	OSGEPL1	297.25
4	PCGF5	2388.5
4	PIH1D1	251.25
4	PRRG2	3.0
4	PYCR2	1782.0
4	RAPH1	336.75
4	RARA	780.75
4	RPL23A	5800.25
4	RSU1	1582.0
4	RTKN2	613.25
4	RUFY3	262.0
4	SLFN14	10.75
4	SMAD4	4206.25
4	SPAG16	85.25
4	SSRP1	5098.75
4	STAT6	7684.75
4	STK17B	8933.0
4	TAF13	156.5
4	TARS2	1140.75
4	TBCCD1	1266.5
4	TBK1	342.75
4	TCP1	8712.25
4	THADA	2493.75
4	TMUB2	2185.0
4	TNFAIP3	18618.5
4	TRAT1	3608.0
4	TRIM69	1710.0
4	UCP3	247.75
4	USF1	214.25
4	WDR5B	332.5
4	YTHDF2	1039.75
4	ZBTB14	1953.5
4	ZNF143	444.25
4	ZNF559-ZNF177	59.25
4	ZNF564	243.75
5	ACVR1C	243.5
5	ADAT1	570.75
5	AMIGO1	641.75
5	ARHGAP5	898.0
5	ATAD5	1171.5
5	BTAF1	4198.25
5	BTN3A1	2976.25
5	C11orf54	517.5
5	CCDC7	228.0
5	CD84	2153.0
5	COPB1	2313.5
5	CYFIP2	18356.25
5	FAM111A	1194.0
5	GPATCH4	6587.5
5	HES7	9.5
5	LYRM7	3170.0
5	MPZL2	546.25
5	MSANTD2	385.25
5	NFKBIZ	9886.25
5	PATL2	403.75
5	PCF11	5545.0
5	PIK3IP1	2718.75
5	PPP1CB	4802.75
5	PPRC1	3687.0
5	RFFL	1573.25
5	RFX5	788.25
5	RNF145	961.5
5	RPL28	17644.5
5	RPP30	947.25
5	RPS29	2960.0
5	SEMA4A	560.75
5	SF1	9127.5
5	SPG11	2235.25
5	TBC1D10C	854.25
5	THRA	1693.25
5	TMEM107	174.5
5	TOP2A	231.75
5	TOR2A	148.25
5	TRIM13	1003.0
5	TRIM14	3815.5
5	TSC22D2	1242.5
5	VCPKMT	163.75
5	WRNIP1	716.75
6	AP2B1	3628.75
6	ASB8	800.5
6	BTN3A2	1677.5
6	BTN3A3	1397.5
6	CCND2	42824.75
6	CD47	5966.75
6	CFD	26.25
6	COQ2	326.75
6	CTLA4	1617.75
6	DERL1	4247.25
6	EFCAB2	452.75
6	ELAC2	1791.75
6	GLCCI1	1190.25
6	GNS	875.25
6	ILF3	13214.0
6	IRF2	1552.75
6	KAT6A	7691.0
6	LCLAT1	1837.75
6	M6PR	5677.75
6	MED16	473.0
6	MED24	904.5
6	METTL14	266.75
6	MIA3	1959.5
6	MYL12B	897.75
6	NPC1	2817.25
6	OXA1L	1297.0
6	PDZD9	218.75
6	PSMD5	936.25
6	PTAR1	1637.0
6	RBM23	2361.75
6	SH3GLB1	750.0
6	SLC33A1	159.5
6	SLC3A2	2811.25
6	SMC5	1525.25
6	SPATA32	88.5
6	SRP54	756.5
6	TBL1XR1	9895.75
6	TMEM140	858.5
6	TMEM88	198.25
6	TOMM40L	511.0
6	TTC24	4.5
6	UFC1	887.0
6	USP36	5529.0
6	WIPF1	13873.25
7	ABT1	295.5
7	APOA2	6.0
7	BORCS5	410.5
7	CCDC88C	3081.25
7	CREM	1017.5
7	CXCR5	1078.75
7	CYTIP	4884.25
7	EVL	4709.25
7	GMEB1	2026.0
7	GRK5	351.5
7	HS3ST3B1	605.5
7	ITGA4	3865.75
7	JAK1	7274.5
7	KIF2C	51.0
7	LPIN2	2071.75
7	LRRC8D	895.75
7	MANSC1	1195.75
7	MPZL3	1254.5
7	MRPS18B	573.25
7	PABPC1	43780.75
7	RPL21	8444.75
7	SEC23A	1217.5
7	SLAMF6	1991.5
7	SLFN12L	1283.0
7	SLFN5	4502.25
7	YPEL5	2268.75
8	AGPAT5	1024.0
8	ANKRD42	374.0
8	ASCC1	567.5
8	BPGM	179.5
8	BRD2	9207.5
8	CASP2	5591.75
8	CHD3	23592.5
8	COPS4	564.0
8	DPAGT1	885.5
8	HNRNPUL2	3843.25
8	KCTD20	2186.25
8	KLF13	1704.75
8	KRT1	25.25
8	MAN1C1	1451.0
8	POP4	641.5
8	PPP1R10	3933.5
8	PRDM2	3957.75
8	PRR34	55.25
8	RABAC1	420.75
8	RB1	570.25
8	S100B	28.0
8	SGF29	1029.5
8	SLC35A2	337.5
8	SLC38A1	10500.75
8	TAF1A	407.0
8	TBCC	120.75
8	TC2N	2477.75
8	TIPARP	958.0
8	TMEM71	326.5
8	TTF2	1019.25
8	ZBTB20	3644.25
9	ARHGDIB	15178.25
9	ATF7IP	4225.25
9	CDC14A	3845.25
9	CLECL1	77.5
9	DYNLT1	1252.5
9	ENSA	3307.0
9	ERAP2	3543.25
9	GNL1	1136.25
9	INTS6	7115.5
9	MCL1	5294.75
9	MPZ	157.25
9	NEMF	1384.25
9	P2RY8	2176.75
9	SLC7A7	333.0
9	UBE4A	5188.25
9	ZNF2	121.0
10	BIRC3	1957.25
10	BRSK1	20.25
10	CD5	9881.25
10	COA1	1913.25
10	EIF4G2	28704.0
10	EXTL2	48.25
10	MCM6	3807.0
10	NSMCE1	1461.5
10	RAB30	544.75
10	RNPC3	2238.75
10	SNAPC1	421.25
10	TMED4	3558.25
10	TMSB4X	3545.25
10	VPS37C	292.0
11	BCL11B	5429.5
11	CCR7	5360.75
11	KMT2E	4852.75
12	AJUBA	81.0
12	CALM1	7368.5
12	IFIH1	549.75
12	MDC1	2179.75
12	MTRNR2L6	248154.5
12	MXD1	629.75
12	PCBP1	13489.75
12	TUBB	23160.5
13	RASSF3	2098.75
14	ANKRD12	2838.75
14	CD69	3695.0
14	CSGALNACT1	462.75
14	DDIAS	341.0
14	FXYD5	6079.25
14	RTCA	2636.5
14	TGIF1	536.0
14	UQCRC2	2983.25
15	PRMT5	1456.25
15	RABGAP1L	3402.0
15	SPOP	2025.5
15	UBALD2	1698.5
15	UXS1	1249.5
16	BTG2	5507.25
16	TMBIM1	2050.0
16	YPEL3	543.75
17	NR4A2	1676.5
17	RNF157	3204.5
18	MBOAT4	33.75
19	CXCR4	8612.75
19	FAM102A	12412.75
19	PHF19	1080.25
19	TMEM109	1185.0
20	CDC16	1427.75
20	MMACHC	779.25
20	NFATC1	2047.75
21	DDX6	10221.5
21	FYN	5506.75
22	CD6	4673.25
22	FAM32A	533.5
24	BTG1	2294.25
24	C8orf44-SGK3	6.0
26	TMEM123	4702.25
28	SARAF	7251.5
30	GPR18	551.25
31	UBAC2	747.75
33	DUSP16	5347.0
38	GPR183	4101.75
39	FAM107B	2848.75
42	ERMN	135.25
42	PPP2R5C	6367.25
42	ST3GAL5	1225.25
48	DPH5	500.0
48	PRELID3B	2255.25
82	CD44	24542.5
